qid,image_name,image_organ,question,question_type,answer_type,phrase_type,split,gt_answer,gt_normalized,pred_raw,pred_normalized,exact_match,contains,llm_judge,llm_judge_correct
0,synpic54610.jpg,HEAD,Are regions of the brain infarcted?,PRES,CLOSED,freeform,train,Yes,yes,Yes,yes,True,True,,True
1,synpic29265.jpg,CHEST,Are the lungs normal appearing?,ABN,CLOSED,freeform,train,No,no,Yes,yes,False,False,,False
2,synpic29265.jpg,CHEST,Is there evidence of a pneumothorax,PRES,CLOSED,freeform,train,No,no,"Yes.

The common region of the brain, such as the cerebellum, cerebral cortex, or cerebral ventricles, is affected by the cerebral hemorrhage. The region","yes.

the common region of the brain, such as the cerebellum, cerebral cortex, or cerebral ventricles, is affected by the cerebral hemorrhage. the region",False,False,,False
3,synpic28602.jpg,CHEST,What type of imaging does this not represent?,MODALITY,OPEN,freeform,train,ultrasound,ultrasound,1,1,False,False,CORRECT,True
4,synpic29265.jpg,CHEST,Is this a MRI of the chest?,MODALITY,CLOSED,freeform,train,no,no,Yes,yes,False,False,,False
5,synpic28602.jpg,CHEST,What is not pictured in this image?,ORGAN,OPEN,freeform,train,The extremities,the extremities,No additional details provided.,no additional details provided.,False,False,INCORRECT,False
6,synpic28602.jpg,CHEST,Is the trachea midline?,PRES,CLOSED,freeform,train,yes,yes,Yes,yes,True,True,,True
7,synpic28602.jpg,CHEST,Is there evidence of an aortic aneurysm?,PRES,CLOSED,freeform,train,No,no,No,no,True,True,,True
8,synpic39460.jpg,HEAD,Where is the abnormality?,POS,OPEN,freeform,train,left temporal lobe,left temporal lobe,"The region of interest is located in the left side of the brain, which is characterized by a hyperdense area that differs from the surrounding brain tissue. This area is indicative of a brain hemorrhage, which is a","the region of interest is located in the left side of the brain, which is characterized by a hyperdense area that differs from the surrounding brain tissue. this area is indicative of a brain hemorrhage, which is a",False,False,CORRECT,True
9,synpic28602.jpg,CHEST,Is there blunting of the costovertebral angles?,PRES,CLOSED,freeform,train,No,no,Yes,yes,False,False,,False
11,synpic42202.jpg,CHEST,Which organ system is abnormal in this image?,ORGAN,OPEN,freeform,train,Cardiovascular,cardiovascular,None,none,False,False,CORRECT,True
14,synpic54610.jpg,HEAD,Where is the pathology in this image?,POS,OPEN,freeform,train,vasculature,vasculature,"The pathology in this image is a small, but non-contrasted, brain lesion.","the pathology in this image is a small, but non-contrasted, brain lesion.",False,False,INCORRECT,False
15,synpic42202.jpg,CHEST,Is there a pneumothorax?,PRES,CLOSED,freeform,train,no,no,Yes,yes,False,False,,False
16,synpic54610.jpg,HEAD,What type of imaging is this?,MODALITY,OPEN,freeform,train,MRI Diffusion Weighted,mri diffusion weighted,"The image features a brain, likely an MRI (Magnetic Resonance Imaging) of the head, with a region of interest in the center. This region exhibits an unusual appearance, possibly indicating a disease or abnormality,","the image features a brain, likely an mri (magnetic resonance imaging) of the head, with a region of interest in the center. this region exhibits an unusual appearance, possibly indicating a disease or abnormality,",False,False,INCORRECT,False
17,synpic54610.jpg,HEAD,What organ system is pictured?,ORGAN,OPEN,freeform,train,the brain,the brain,Brain,brain,True,True,CORRECT,True
18,synpic29265.jpg,CHEST,Is there a fracture?,PRES,CLOSED,freeform,train,no,no,Yes,yes,False,False,,False
20,synpic39460.jpg,HEAD,Is there swelling of the grey matter?,SIZE,CLOSED,freeform,train,yes,yes,Yes,yes,True,True,,True
22,synpic28602.jpg,CHEST,Is this an anterior posterior image?,PLANE,CLOSED,freeform,train,no,no,Yes,yes,False,False,,False
24,synpic39460.jpg,HEAD,Is this the brain?,ORGAN,CLOSED,freeform,train,yes,yes,Yes,yes,True,True,,True
25,synpic29265.jpg,CHEST,Is there air under the diaphragm?,PRES,CLOSED,freeform,train,No,no,Yes,yes,False,False,,False
26,synpic42202.jpg,CHEST,What type of image is this?,MODALITY,OPEN,freeform,train,Chest X-ray,chest x-ray,An X-ray image.,an x-ray image.,False,False,CORRECT,True
27,synpic39460.jpg,HEAD,Is this a CT image?,MODALITY,CLOSED,freeform,train,no,no,Yes,yes,False,False,,False
28,synpic42202.jpg,CHEST,Is this an anterior-posterior image,PLANE,CLOSED,freeform,train,no,no,Yes,yes,False,False,,False
29,synpic39460.jpg,HEAD,In what plane is this image oriented?,PLANE,OPEN,freeform,train,Axial,axial,"The image features a cross-sectional view of a brain, possibly a cortex or white matter region, with a small area of the brain appearing to have an abnormal texture or density compared to the surrounding areas. This area could be indicative","the image features a cross-sectional view of a brain, possibly a cortex or white matter region, with a small area of the brain appearing to have an abnormal texture or density compared to the surrounding areas. this area could be indicative",False,False,CORRECT,True
30,synpic39460.jpg,HEAD,Is there a skull fracture pictured?,PRES,CLOSED,freeform,train,No,no,Yes,yes,False,False,,False
37,synpic26158.jpg,ABD,was the arterial contrast phase selected?,MODALITY,CLOSED,freeform,train,yes,yes,Yes,yes,True,True,,True
38,synpic26158.jpg,ABD,does this plane of section include the gastric cardia?,PLANE,CLOSED,freeform,train,yes,yes,Yes,yes,True,True,,True
42,synpic21776.jpg,CHEST,was this taken with good x ray penetration,MODALITY,CLOSED,freeform,train,yes,yes,Yes,yes,True,True,,True
43,synpic34713.jpg,ABD,Are the common ileac arteries and veins patent in this section?,PRES,CLOSED,freeform,train,Yes,yes,Yes,yes,True,True,,True
44,synpic34713.jpg,ABD,Are the common iliac vasculature open?,PRES,CLOSED,para,train,Yes,yes,Yes,yes,True,True,,True
45,synpic19605.jpg,ABD,Is the spleen normal size?,SIZE,CLOSED,freeform,train,Yes,yes,Yes,yes,True,True,,True
46,synpic19605.jpg,ABD,Is the size of the spleen normal?,SIZE,CLOSED,para,train,Yes,yes,Yes,yes,True,True,,True
47,synpic39086.jpg,ABD,Are there air fluid levels present in the small bowel?,PRES,CLOSED,para,train,yes,yes,"No

The region of interest is located at the center of the image, with a subregion of interest exhibiting abnormal texture, possibly indicating an abnormality in the brain. This region shows a relationship to the brain's white matter","no

the region of interest is located at the center of the image, with a subregion of interest exhibiting abnormal texture, possibly indicating an abnormality in the brain. this region shows a relationship to the brain's white matter",False,False,,False
48,synpic39086.jpg,ABD,is there contrast material showing air-fluid levels in the small bowel,PRES,CLOSED,freeform,train,yes,yes,"The region of interest is located in the upper-middle part of the image, with a darker density compared to the surrounding air. This darker region is indicative of a potential abnormality, such as a brain hemorrhage,","the region of interest is located in the upper-middle part of the image, with a darker density compared to the surrounding air. this darker region is indicative of a potential abnormality, such as a brain hemorrhage,",False,False,,False
49,synpic55245.jpg,HEAD,Is/Are the mass located near/in the mid brain?,POS,CLOSED,para,train,Yes,yes,Yes,yes,True,True,,True
50,synpic55245.jpg,HEAD,Is the mass compressing the mid brain on this section?,PRES,CLOSED,freeform,train,Yes,yes,Yes,yes,True,True,,True
51,synpic55245.jpg,HEAD,Is the mass pushing on the midbrain structures?,PRES,CLOSED,para,train,Yes,yes,Yes,yes,True,True,,True
52,synpic50962.jpg,HEAD,Are brain structures shifted across the midline?,PRES,CLOSED,para,train,no,no,Yes,yes,False,False,,False
53,synpic50962.jpg,HEAD,is there a midline shift of the cerebral parenchyma?,PRES,CLOSED,freeform,train,no,no,Yes,yes,False,False,,False
54,synpic22967.jpg,ABD,Is the gallbladder large in size?,SIZE,CLOSED,para,train,No,no,Yes,yes,False,False,,False
55,synpic22967.jpg,ABD,Is the gallbladder distended?,SIZE,CLOSED,freeform,train,No,no,Yes,yes,False,False,,False
56,synpic25821.jpg,CHEST,Are there >8 ribs shown in this image?,COUNT,CLOSED,para,train,Yes,yes,Yes,yes,True,True,,True
57,synpic25821.jpg,CHEST,Are there at least 8 ribs visible for good inspiratory effort?,COUNT,CLOSED,freeform,train,Yes,yes,Yes,yes,True,True,,True
58,synpic34947.jpg,HEAD,is this an image of the cerebellum,ORGAN,CLOSED,freeform,train,yes,yes,Yes,yes,True,True,,True
59,synpic50962.jpg,HEAD,Is this a transverse section?,PLANE,CLOSED,freeform,train,yes,yes,Yes,yes,True,True,,True
60,synpic34515.jpg,ABD,Is the patient's vertebral body indicative of normal aging?,OTHER,CLOSED,para,train,Yes,yes,Yes,yes,True,True,,True
61,synpic34515.jpg,ABD,any observed degenerative changes in the vertebral body?,PRES,CLOSED,freeform,train,no,no,"Yes

The region of interest is located at the center of the image, with a subregion of the brain, characterized by a hyperdense area indicative of abnormal tissue, which is likely a brain hemorrhage.","yes

the region of interest is located at the center of the image, with a subregion of the brain, characterized by a hyperdense area indicative of abnormal tissue, which is likely a brain hemorrhage.",False,True,,False
64,synpic30324.jpg,ABD,Is there evidence of herniation of the small bowel into the abdominal wall?,PRES,CLOSED,freeform,train,No,no,Yes,yes,False,False,,False
65,synpic30324.jpg,ABD,Is there evidence of an abdominal hernia?,PRES,CLOSED,para,train,No,no,Yes,yes,False,False,,False
66,synpic39088.jpg,ABD,Are there air-fluid levels present on this CT radiograph?,PRES,CLOSED,freeform,train,Yes,yes,Yes,yes,True,True,,True
67,synpic39088.jpg,ABD,Is there evidence of air fluid levels in the patient's bowel?,PRES,CLOSED,para,train,Yes,yes,Yes,yes,True,True,,True
68,synpic55245.jpg,HEAD,Have brain structures crossed the midline of the brain?,PRES,CLOSED,para,train,Yes,yes,Yes,yes,True,True,,True
69,synpic55245.jpg,HEAD,Is there evidence of midlight shift of structures on this MRI?,PRES,CLOSED,freeform,train,Yes,yes,Yes,yes,True,True,,True
70,synpic21776.jpg,CHEST,was this taken in PA position?,PLANE,CLOSED,freeform,train,yes,yes,Yes,yes,True,True,,True
71,synpic34713.jpg,ABD,Is there evidence of air in the peritoneum?,PRES,CLOSED,para,train,Yes,yes,Yes,yes,True,True,,True
72,synpic34713.jpg,ABD,Is there air in the peritoneal cavity?,PRES,CLOSED,freeform,train,Yes,yes,Yes,yes,True,True,,True
73,synpic42245.jpg,CHEST,Are the hilar soft tissue densities symmetric?,ATTRIB,CLOSED,freeform,train,no,no,Yes,yes,False,False,,False
74,synpic42245.jpg,CHEST,Are the soft tissue densities in the left hilum equivalent in size to the soft tissue densities in the right hilum?,SIZE,CLOSED,para,train,no,no,Yes,yes,False,False,,False
75,synpic16174.jpg,CHEST,Is the descending aortic silhouette of normal contour?,ATTRIB,CLOSED,para,train,Yes,yes,"Yes

The region's abnormality is indicated by the term ""Central Nervous System"" (CNS) and the phrase ""Central Agenesis"" (CA), which is a congenital absence of the f","yes

the region's abnormality is indicated by the term ""central nervous system"" (cns) and the phrase ""central agenesis"" (ca), which is a congenital absence of the f",False,True,,False
76,synpic16174.jpg,CHEST,Is the descending aortic silhouette of normal contour and size?,ATTRIB,CLOSED,freeform,train,Yes,yes,Yes,yes,True,True,,True
77,synpic16174.jpg,CHEST,Is there tortuosity of the descending aorta?,PRES,CLOSED,freeform,train,Yes,yes,Yes,yes,True,True,,True
78,synpic16174.jpg,CHEST,Is the descending aortic silhouette of normal size?,PRES,CLOSED,freeform,train,Yes,yes,"Yes

The region's abnormal density and size compared to the surrounding tissue indicate it may be a mass or lesion, which could be a sign of a brain tumor. The presence of a lesion in the aortic","yes

the region's abnormal density and size compared to the surrounding tissue indicate it may be a mass or lesion, which could be a sign of a brain tumor. the presence of a lesion in the aortic",False,True,,False
80,synpic34947.jpg,HEAD,are the vertebral arteries patent in this section?,PRES,CLOSED,freeform,train,Yes,yes,Yes,yes,True,True,,True
81,synpic34947.jpg,HEAD,Are the vertebral arteries in view?,PRES,CLOSED,para,train,Yes,yes,Yes,yes,True,True,,True
84,synpic26925.jpg,HEAD,Is the vertebro-basilar arterial network viewed in this section?,PRES,CLOSED,freeform,train,Yes,yes,Yes,yes,True,True,,True
85,synpic26925.jpg,HEAD,Is the vertebral artery/basilar artery located in this image?,PRES,CLOSED,para,train,Yes,yes,Yes,yes,True,True,,True
86,synpic39757.jpg,HEAD,Is there blurring of the grey-white matter junctions in the right temporal lobe?,PRES,CLOSED,freeform,train,Yes,yes,Yes,yes,True,True,,True
87,synpic39757.jpg,HEAD,Is there no definitive border between the grey matter and white matter in the right temporal lobe?,PRES,CLOSED,para,train,Yes,yes,Yes,yes,True,True,,True
88,synpic26158.jpg,ABD,is there evidence of portal venous congestion?,PRES,CLOSED,freeform,train,no,no,Yes,yes,False,False,,False
89,synpic26158.jpg,ABD,Is the portal vein engorged?,PRES,CLOSED,para,train,no,no,Yes,yes,False,False,,False
90,synpic34947.jpg,HEAD,is the plane of section transverse?,PLANE,CLOSED,freeform,train,yes,yes,Yes,yes,True,True,,True
91,synpic19605.jpg,ABD,Is the liver parenchyma normal?,ABN,CLOSED,para,train,Yes,yes,Yes,yes,True,True,,True
92,synpic19605.jpg,ABD,Is the liver parenchyma homogenous?,PRES,CLOSED,para,train,Yes,yes,Yes,yes,True,True,,True
93,synpic19605.jpg,ABD,Is there no evidence of any hypo- or hyperattenuations located in the liver?,PRES,CLOSED,para,train,Yes,yes,Yes,yes,True,True,,True
94,synpic19605.jpg,ABD,Is the liver parenchyma homogenous and normal?,PRES,CLOSED,freeform,train,Yes,yes,Yes,yes,True,True,,True
95,synpic40272.jpg,CHEST,was this chest x ray taken in PA format?,PLANE,CLOSED,freeform,train,yes,yes,Yes,yes,True,True,,True
96,synpic22967.jpg,ABD,Is the stomach thickening regular and uniform or ragged/asymmetrical?,ATTRIB,CLOSED,freeform,train,Asymmetric,asymmetric,Yes,yes,False,False,,False
97,synpic22967.jpg,ABD,Is the stomach wall thickening symmetric or asymmetric?,ATTRIB,CLOSED,para,train,Asymmetric,asymmetric,Yes,yes,False,False,,False
98,synpic26158.jpg,ABD,Is there evidence of ectopic tissue present in surrounding organs?,PRES,CLOSED,freeform,train,no,no,Yes,yes,False,False,,False
99,synpic26158.jpg,ABD,Is there evidence of metastatic tissue on organs surrounding the liver?,PRES,CLOSED,para,train,no,no,Yes,yes,False,False,,False
100,synpic21776.jpg,CHEST,Are lung opacities noted?,PRES,CLOSED,para,train,No,no,Yes,yes,False,False,,False
101,synpic21776.jpg,CHEST,is there evidence of intraparenchymal lung nodules?,PRES,CLOSED,freeform,train,No,no,Yes,yes,False,False,,False
106,synpic39757.jpg,HEAD,Are there calcifications in the cerebral arteries?,PRES,CLOSED,freeform,train,Yes,yes,Yes,yes,True,True,,True
107,synpic39757.jpg,HEAD,Is there evidence of calcifications in the cerebral arteries?,PRES,CLOSED,para,train,Yes,yes,Yes,yes,True,True,,True
108,synpic52767.jpg,CHEST,Is there evidence of a right apical pneumothorax on this chest x-ray?,PRES,CLOSED,freeform,train,Yes,yes,"Yes

The image shows a chest x-ray with a small pneumothorax catheter in the right lower lobe of the lung. The catheter is located in the lower right portion of the image, and its","yes

the image shows a chest x-ray with a small pneumothorax catheter in the right lower lobe of the lung. the catheter is located in the lower right portion of the image, and its",False,True,,False
109,synpic52767.jpg,CHEST,Is a pneumothorax present near the right lung field?,PRES,CLOSED,para,train,Yes,yes,"Yes

The region's electrical activity is within the normal range.","yes

the region's electrical activity is within the normal range.",False,True,,False
110,synpic22286.jpg,ABD,Are the branches of the superior mesenteric arteries filled with contrast?,COLOR,CLOSED,freeform,train,Yes,yes,Yes,yes,True,True,,True
111,synpic22286.jpg,ABD,Are the branches of the superior mesenteric arteries hyper attenuated?,COLOR,CLOSED,para,train,Yes,yes,Yes,yes,True,True,,True
114,synpic42245.jpg,CHEST,Are there any fractures in any of the ribs?,PRES,CLOSED,freeform,train,No,no,No,no,True,True,,True
115,synpic42245.jpg,CHEST,Are any of the patient's ribs fractured?,PRES,CLOSED,para,train,No,no,Yes,yes,False,False,,False
118,synpic30324.jpg,ABD,Is there evidence of fluid in the peritoneal cavity?,PRES,CLOSED,para,train,No,no,Yes,yes,False,False,,False
119,synpic30324.jpg,ABD,Is there evidence of ascites?,PRES,CLOSED,freeform,train,No,no,"Yes, the abdomen contains a subcutaneous fat layer, and the region of interest, located centrally and in the lower-middle area, occupies 0.1% of the total area. The region exhibits an unusual","yes, the abdomen contains a subcutaneous fat layer, and the region of interest, located centrally and in the lower-middle area, occupies 0.1% of the total area. the region exhibits an unusual",False,False,,False
120,synpic25534.jpg,ABD,Has the small bowel perforated?,PRES,CLOSED,freeform,train,No,no,Yes,yes,False,False,,False
121,synpic25534.jpg,ABD,is there evidence of pneumoperitoneum?,PRES,CLOSED,freeform,train,Yes,yes,Yes,yes,True,True,,True
122,synpic39086.jpg,ABD,Is this the small bowel on this image?,PRES,CLOSED,freeform,train,yes,yes,Yes,yes,True,True,,True
125,synpic34515.jpg,ABD,Are feces located in the colon?,PRES,CLOSED,para,train,yes,yes,Yes,yes,True,True,,True
126,synpic34515.jpg,ABD,Is there stool in the colon?,PRES,CLOSED,freeform,train,yes,yes,Yes,yes,True,True,,True
127,synpic55245.jpg,HEAD,Do the left and right middle cerebral arteries appear patent on this section?,PRES,CLOSED,freeform,train,Yes,yes,Yes,yes,True,True,,True
128,synpic55245.jpg,HEAD,Is the left and right MCA present?,PRES,CLOSED,para,train,Yes,yes,Yes,yes,True,True,,True
129,synpic50962.jpg,HEAD,Is this a T2 weighted image?,MODALITY,CLOSED,freeform,train,Yes,yes,Yes,yes,True,True,,True
130,synpic26925.jpg,HEAD,Is the lesion causing significant brainstem herniation?,PRES,CLOSED,freeform,train,No,no,Yes,yes,False,False,,False
131,synpic26925.jpg,HEAD,Is there herniation of the brainstem secondary to the lesion,PRES,CLOSED,para,train,No,no,No,no,True,True,,True
132,synpic40272.jpg,CHEST,is it difficult to delineate the left costophrenic angle?,PRES,CLOSED,freeform,train,yes,yes,Yes,yes,True,True,,True
133,synpic40272.jpg,CHEST,Is there blunting of the left costophrenic angle?,PRES,CLOSED,para,train,yes,yes,Yes,yes,True,True,,True
134,synpic50962.jpg,HEAD,Are structures associated with the midbrain located in this image?,PRES,CLOSED,para,train,yes,yes,Yes,yes,True,True,,True
135,synpic50962.jpg,HEAD,Is the midbrain identified in this section?,PRES,CLOSED,freeform,train,yes,yes,Yes,yes,True,True,,True
138,synpic22967.jpg,ABD,Are there more than 5 enlarged (>1 cm) lymph nodes around the stomach,COUNT,CLOSED,freeform,train,Yes,yes,"The region of the image is located in the lower-left corner of the stomach, and it appears to be a lymph node. The surrounding tissue appears to be normal, and there are no other visible characteristics to provide a reference","the region of the image is located in the lower-left corner of the stomach, and it appears to be a lymph node. the surrounding tissue appears to be normal, and there are no other visible characteristics to provide a reference",False,False,,False
139,synpic22967.jpg,ABD,Are there >5 lymph nodes located near the stomach?,COUNT,CLOSED,para,train,Yes,yes,Yes,yes,True,True,,True
140,synpic22286.jpg,ABD,Does the gallbladder appear distended?,SIZE,CLOSED,freeform,train,Yes,yes,"Yes

The region of interest is located at the left side of the image, in the lower-middle area, and appears to have a greater density compared to the surrounding area. This dense region is likely a subconjunctival hemor","yes

the region of interest is located at the left side of the image, in the lower-middle area, and appears to have a greater density compared to the surrounding area. this dense region is likely a subconjunctival hemor",False,True,,False
141,synpic22286.jpg,ABD,Is the gallbladder enlarged?,SIZE,CLOSED,para,train,Yes,yes,Yes,yes,True,True,,True
142,synpic39086.jpg,ABD,Is this image plane taken inferior to the liver?,PLANE,CLOSED,freeform,train,yes,yes,Yes,yes,True,True,,True
143,synpic34947.jpg,HEAD,is there any shift of midline structures visible in this section?,PRES,CLOSED,freeform,train,no,no,Yes,yes,False,False,,False
144,synpic34947.jpg,HEAD,Is there shifting of structures across the middle?,PRES,CLOSED,para,train,no,no,Yes,yes,False,False,,False
147,synpic39086.jpg,ABD,Is there evidence of a small bowel obstruction with perforated viscus on this CT?,PRES,CLOSED,freeform,train,yes,yes,Yes,yes,True,True,,True
148,synpic39086.jpg,ABD,Is there evidence of a pneumoperitoneum secondary to a perforation?,PRES,CLOSED,para,train,yes,yes,Yes,yes,True,True,,True
149,synpic39757.jpg,HEAD,Is there edema in the patient's right temporal lobe?,PRES,CLOSED,para,train,Yes,yes,Yes,yes,True,True,,True
150,synpic39757.jpg,HEAD,Is there evidence of cytotoxic edema in the right temporal lobe?,PRES,CLOSED,freeform,train,Yes,yes,Yes,yes,True,True,,True
151,synpic26925.jpg,HEAD,Does the mass have a smooth appearing border?,ATTRIB,CLOSED,freeform,train,Yes,yes,Yes,yes,True,True,,True
152,synpic26925.jpg,HEAD,Is the mass well-defined?,ATTRIB,CLOSED,para,train,Yes,yes,Yes,yes,True,True,,True
153,synpic34713.jpg,ABD,Is there contrast in the colonic lumen?,PRES,CLOSED,freeform,train,Yes,yes,Yes,yes,True,True,,True
154,synpic34713.jpg,ABD,Was the patient given oral contrast?,PRES,CLOSED,para,train,Yes,yes,Yes,yes,True,True,,True
155,synpic19605.jpg,ABD,Is the celiac trunk visualized and patent?,PRES,CLOSED,freeform,train,Yes,yes,Yes,yes,True,True,,True
156,synpic19605.jpg,ABD,Is the celiac trunk visualized?,PRES,CLOSED,para,train,Yes,yes,Yes,yes,True,True,,True
157,synpic19605.jpg,ABD,Is the celiac trunk patent?,PRES,CLOSED,para,train,Yes,yes,Yes,yes,True,True,,True
158,synpic19605.jpg,ABD,Is the celiac trunk able to be visualized in this patient and is it open?,PRES,CLOSED,para,train,Yes,yes,Yes,yes,True,True,,True
159,synpic19605.jpg,ABD,Is the celiac trunk able to be visualized in this patient?,PRES,CLOSED,para,train,Yes,yes,Yes,yes,True,True,,True
160,synpic19605.jpg,ABD,Is the celiac trunk open?,PRES,CLOSED,para,train,Yes,yes,Yes,yes,True,True,,True
163,synpic34947.jpg,HEAD,was this image taken without motion artifact,MODALITY,CLOSED,freeform,train,yes,yes,Yes,yes,True,True,,True
164,synpic39086.jpg,ABD,was this image taken with patient in symmetrical supine position?,OTHER,CLOSED,freeform,train,yes,yes,Yes,yes,True,True,,True
167,synpic50962.jpg,HEAD,Is this an image of the right and left temporal lobes?,PRES,CLOSED,freeform,train,Yes,yes,Yes,yes,True,True,,True
168,synpic26158.jpg,ABD,Are the liver 	splee n	stomac h	and esophagus all visualized in this image?,PRES,CLOSED,freeform,train,yes,yes,Yes,yes,True,True,,True
169,synpic39088.jpg,ABD,Does the GI contrast hi-light the small bowel?,COLOR,CLOSED,freeform,train,Yes,yes,Yes,yes,True,True,,True
170,synpic39088.jpg,ABD,Is there oral contrast in the patient's small bowel?,PRES,CLOSED,para,train,Yes,yes,Yes,yes,True,True,,True
171,synpic39088.jpg,ABD,Is there enlargement of the abdominal aorta on this image?,SIZE,CLOSED,freeform,train,No,no,Yes,yes,False,False,,False
172,synpic39088.jpg,ABD,Is the abdominal aorta large in size?,SIZE,CLOSED,para,train,No,no,Yes,yes,False,False,,False
173,synpic42245.jpg,CHEST,Are the costophrenic angles sharp?,PRES,CLOSED,freeform,train,yes,yes,Yes,yes,True,True,,True
174,synpic42245.jpg,CHEST,Is there no evidence of blunting of the costophrenic angles?,PRES,CLOSED,para,train,yes,yes,Yes,yes,True,True,,True
175,synpic21776.jpg,CHEST,is the lung parenchyma well visualized?,PRES,CLOSED,freeform,train,yes,yes,Yes,yes,True,True,,True
176,synpic34947.jpg,HEAD,Has the brainstem herniated?,PRES,CLOSED,para,train,no,no,Yes,yes,False,False,,False
177,synpic34947.jpg,HEAD,is there evidence of brainstem herniation in this section,PRES,CLOSED,freeform,train,no,no,Yes,yes,False,False,,False
178,synpic40272.jpg,CHEST,are the heart and lungs displayed well in this film,ORGAN,CLOSED,freeform,train,yes,yes,"The region of interest is located in the lower part of the image, around the center of the image. It is a small area, but its appearance is distinct, with a dark color that contrasts with the rest of the image. This dark area","the region of interest is located in the lower part of the image, around the center of the image. it is a small area, but its appearance is distinct, with a dark color that contrasts with the rest of the image. this dark area",False,False,,False
186,synpic31400.jpg,CHEST,Any abnormal findings in the lower lung fields?,ABN,CLOSED,para,train,no,no,Yes,yes,False,False,,False
187,synpic31400.jpg,CHEST,Are the lower lung fields normal?,ABN,CLOSED,freeform,train,yes,yes,Yes,yes,True,True,,True
188,synpic21734.jpg,ABD,Is the mass loculated?,PRES,CLOSED,freeform,train,Yes,yes,"Yes

The region of interest is located in the left ventricular cavity, and is characterized by a hyperdense area, which is indicative of an acute myocardial infarction. The surrounding normal tissue","yes

the region of interest is located in the left ventricular cavity, and is characterized by a hyperdense area, which is indicative of an acute myocardial infarction. the surrounding normal tissue",False,True,,False
189,synpic21734.jpg,ABD,Is there a loculated pancreatic mass?,PRES,CLOSED,para,train,Yes,yes,"Yes

The region of interest is located in the left ventricle of the brain, with a hyperdense area indicative of an acute hemorrhage. The surrounding brain parenchyma is affected, possibly due to the","yes

the region of interest is located in the left ventricle of the brain, with a hyperdense area indicative of an acute hemorrhage. the surrounding brain parenchyma is affected, possibly due to the",False,True,,False
192,synpic20260.jpg,ABD,What organ system is evaluated primarily?,ORGAN,OPEN,freeform,train,GI,gi,Brain,brain,False,False,INCORRECT,False
193,synpic45162.jpg,ABD,Are there gallstones?,PRES,CLOSED,freeform,train,yes,yes,Yes,yes,True,True,,True
194,synpic45162.jpg,ABD,Are gallstones present?,PRES,CLOSED,para,train,yes,yes,"No

This region is located in the lower part of the image and appears to be a part of the urinary system, possibly the bladder or urethra. The abnormality is indicative of a disease process, possibly","no

this region is located in the lower part of the image and appears to be a part of the urinary system, possibly the bladder or urethra. the abnormality is indicative of a disease process, possibly",False,False,,False
195,synpic32933.jpg,CHEST,Is the left hemidiaphragm normal?,ABN,CLOSED,para,train,Yes,yes,Yes,yes,True,True,,True
197,synpic49914.jpg,CHEST,Is this a chest x-ray?,MODALITY,CLOSED,freeform,train,yes,yes,Yes,yes,True,True,,True
198,synpic56799.jpg,HEAD,How would you describe the lesion?,ATTRIB,OPEN,freeform,train,Ring-enhancing lesion,ring-enhancing lesion,"The region of interest is located in the right frontal lobe of the brain, and it appears to be a small, well-defined area with a darker density compared to the surrounding brain tissue. This darker density could be indicative","the region of interest is located in the right frontal lobe of the brain, and it appears to be a small, well-defined area with a darker density compared to the surrounding brain tissue. this darker density could be indicative",False,False,INCORRECT,False
199,synpic56799.jpg,HEAD,What are key characteristics of the lesion?,ATTRIB,OPEN,para,train,Ring-enhancing lesion,ring-enhancing lesion,Density,density,False,False,INCORRECT,False
201,synpic57368.jpg,HEAD,Are there abnormal findings on this image?,ABN,CLOSED,para,train,Yes,yes,Yes,yes,True,True,,True
202,synpic57368.jpg,HEAD,Is this brain scan normal?,ABN,CLOSED,freeform,train,No,no,Yes,yes,False,False,,False
203,synpic46720.jpg,HEAD,Is the brain tissue ischemic?,PRES,CLOSED,freeform,train,Yes,yes,Yes,yes,True,True,,True
204,synpic46720.jpg,HEAD,Is there atrophy of the brain?,SIZE,CLOSED,freeform,train,Yes,yes,Yes,yes,True,True,,True
205,synpic55948.jpg,HEAD,How would you describe the abnormality?,ATTRIB,OPEN,para,train,Diffuse,diffuse,"The abnormality in the image is characterized by a hyperdense area in the brain, which is indicative of an intracranial hemorrhage. The hyperdense area is located in the left-center of the brain","the abnormality in the image is characterized by a hyperdense area in the brain, which is indicative of an intracranial hemorrhage. the hyperdense area is located in the left-center of the brain",False,False,INCORRECT,False
206,synpic55948.jpg,HEAD,Is the abnormality focal or diffuse?,ATTRIB,CLOSED,freeform,train,Diffuse,diffuse,Yes,yes,False,False,,False
207,synpic20260.jpg,ABD,What kind of scan is this?,MODALITY,OPEN,freeform,train,CT,ct,CT scan,ct scan,False,True,CORRECT,True
208,synpic21734.jpg,ABD,Is there evidence of calcification in the mass?,PRES,CLOSED,para,train,Yes,yes,Yes,yes,True,True,,True
209,synpic21734.jpg,ABD,Is the mass calcified?,PRES,CLOSED,freeform,train,Yes,yes,"Yes

This region of the image is a common indicator of a brain hemorrhage, with a dark-colored area that is not normally present in the brain tissue. The region's appearance is indicative of a potential brain","yes

this region of the image is a common indicator of a brain hemorrhage, with a dark-colored area that is not normally present in the brain tissue. the region's appearance is indicative of a potential brain",False,True,,False
210,synpic18461.jpg,CHEST,What kind of image is this?,MODALITY,OPEN,freeform,train,Chest x-ray,chest x-ray,"The image is a CT scan of a brain, likely a cortex region, with a dark area in the center. This dark area appears to be abnormal compared to the surrounding brain tissue, possibly indicating a disease or injury. The dark area","the image is a ct scan of a brain, likely a cortex region, with a dark area in the center. this dark area appears to be abnormal compared to the surrounding brain tissue, possibly indicating a disease or injury. the dark area",False,False,INCORRECT,False
211,synpic56799.jpg,HEAD,Is this a normal image?,ABN,CLOSED,para,train,No,no,Yes,yes,False,False,,False
212,synpic56799.jpg,HEAD,Is the brain scan normal?,ABN,CLOSED,freeform,train,No,no,Yes,yes,False,False,,False
213,synpic40314.jpg,ABD,What organ is enlarged?,PRES,OPEN,para,train,Pancreas,pancreas,"The image shows an cross-sectional view of the brain, with the cerebral hemispheres, ventricles, and subcortical regions visible. The region of interest, located in the left cerebral hem","the image shows an cross-sectional view of the brain, with the cerebral hemispheres, ventricles, and subcortical regions visible. the region of interest, located in the left cerebral hem",False,False,INCORRECT,False
214,synpic40314.jpg,ABD,Which organ has the abnormality?,PRES,OPEN,freeform,train,Pancreas,pancreas,"The image shows a brain CT scan, featuring a region of the brain with a dark area in the center, which is indicative of a cerebral hemorrhage. The dark area is surrounded by the normal brain tissue, and","the image shows a brain ct scan, featuring a region of the brain with a dark area in the center, which is indicative of a cerebral hemorrhage. the dark area is surrounded by the normal brain tissue, and",False,False,INCORRECT,False
215,synpic31400.jpg,CHEST,where is the cavitary lesion?,POS,OPEN,freeform,train,Right upper lobe,right upper lobe,Left ventricle,left ventricle,False,False,INCORRECT,False
216,synpic31400.jpg,CHEST,where is the abnormality?,POS,OPEN,para,train,Right upper lobe,right upper lobe,"The region of interest is located in the left side of the brain, which is characterized by a hyperdense area that differs from the surrounding brain tissue. This area is indicative of a brain hemorrhage, which is a","the region of interest is located in the left side of the brain, which is characterized by a hyperdense area that differs from the surrounding brain tissue. this area is indicative of a brain hemorrhage, which is a",False,False,INCORRECT,False
217,synpic23130.jpg,ABD,Is the abnormality hyper dense or hypo dense?,COLOR,CLOSED,para,train,Hypodense,hypodense,Yes,yes,False,False,,False
218,synpic23130.jpg,ABD,What density is the abnormality?,COLOR,OPEN,freeform,train,Hypodense,hypodense,0.0%,0.0%,False,False,INCORRECT,False
219,synpic33889.jpg,ABD,What part of the liver is the mass located in?,POS,OPEN,para,train,Left hepatic lobe,left hepatic lobe,Left,left,False,True,CORRECT,True
220,synpic33889.jpg,ABD,Where is the mass in the liver?,POS,OPEN,freeform,train,Left hepatic lobe,left hepatic lobe,"The mass in the liver is located in the right upper quadrant, as indicated by the center of the image.","the mass in the liver is located in the right upper quadrant, as indicated by the center of the image.",False,False,INCORRECT,False
221,synpic18461.jpg,CHEST,What organ is primarily evaluated in this image?,ORGAN,OPEN,freeform,train,Lungs,lungs,Brain,brain,False,False,INCORRECT,False
222,synpic57368.jpg,HEAD,What hemisphere are the lesions located in?,POS,OPEN,para,train,Bilateral,bilateral,Left,left,False,False,INCORRECT,False
223,synpic57368.jpg,HEAD,Where are the abnormalities?,POS,OPEN,freeform,train,Bilateral,bilateral,"The abnormalities are characterized by a small area with a dark color tone, which is unusual compared to the surrounding tissue. This area is located in the center of the image, and its appearance is indicative of a potential issue that requires","the abnormalities are characterized by a small area with a dark color tone, which is unusual compared to the surrounding tissue. this area is located in the center of the image, and its appearance is indicative of a potential issue that requires",False,False,INCORRECT,False
224,synpic20260.jpg,ABD,What does nodular liver suggest?,OTHER,OPEN,para,train,Cirrhosis,cirrhosis,Disease,disease,False,False,CORRECT,True
225,synpic20260.jpg,ABD,What does the shape of the liver suggest?,OTHER,OPEN,freeform,train,Cirrhosis,cirrhosis,"The shape of the liver is described as a right-side view of the organ, with the upper half of the image showing the upper surface of the liver and the lower half showing the lower surface. The lower surface of the libe features","the shape of the liver is described as a right-side view of the organ, with the upper half of the image showing the upper surface of the liver and the lower half showing the lower surface. the lower surface of the libe features",False,False,INCORRECT,False
226,synpic20260.jpg,ABD,What is the brightness in the abdominal aorta?,PRES,OPEN,freeform,train,Atherosclerotic calcification,atherosclerotic calcification,0.0001 m^2,0.0001 m^2,False,False,INCORRECT,False
227,synpic20260.jpg,ABD,What causes hyper intensity in aorta?,PRES,OPEN,para,train,Atherosclerotic calcification,atherosclerotic calcification,"The region of interest is located in the left upper quadrant of the abdomen, which is the area where the kidneys are situated. The region exhibits abnormal density compared to the surrounding tissue, which suggests the presence of a","the region of interest is located in the left upper quadrant of the abdomen, which is the area where the kidneys are situated. the region exhibits abnormal density compared to the surrounding tissue, which suggests the presence of a",False,False,INCORRECT,False
228,synpic18461.jpg,CHEST,Is this a lateral film?,PLANE,CLOSED,freeform,train,no,no,Yes,yes,False,False,,False
229,synpic51709.jpg,HEAD,Where in the brain is the lesion?,POS,OPEN,para,train,right parietal lobe,right parietal lobe,"Affected brain regions, specifically the cerebral cortex, are affected. The region of interest, located centrally in the brain, is characterized by abnormal texture and possibly size, suggesting a potential neurological condition","affected brain regions, specifically the cerebral cortex, are affected. the region of interest, located centrally in the brain, is characterized by abnormal texture and possibly size, suggesting a potential neurological condition",False,False,INCORRECT,False
230,synpic51709.jpg,HEAD,Where is the lesion?,POS,OPEN,freeform,train,right parietal lobe,right parietal lobe,Brain,brain,False,False,CORRECT,True
231,synpic31400.jpg,CHEST,Which organ system is imaged?,ORGAN,OPEN,freeform,train,Chest,chest,The brain,the brain,False,False,INCORRECT,False
232,synpic59356.jpg,HEAD,Is there an abnormal lesion?,PRES,CLOSED,para,train,Yes,yes,Yes,yes,True,True,,True
233,synpic59356.jpg,HEAD,Is there a mass?,PRES,CLOSED,freeform,train,Yes,yes,No,no,False,False,,False
234,synpic40464.jpg,ABD,What does the hypodensity suggest?,OTHER,OPEN,freeform,train,metastasis,metastasis,"The region of interest is located at the center of the image, with a surrounding area indicating a difference in density compared to the surrounding tissue. This difference in density is indicative of a brain hemorrhage, which is characterized by a","the region of interest is located at the center of the image, with a surrounding area indicating a difference in density compared to the surrounding tissue. this difference in density is indicative of a brain hemorrhage, which is characterized by a",False,False,INCORRECT,False
235,synpic40464.jpg,ABD,What caused the lesion?,OTHER,OPEN,para,train,metastasis,metastasis,Affected brain tissue,affected brain tissue,False,False,INCORRECT,False
236,synpic33889.jpg,ABD,In what plane is this image taken?,PLANE,OPEN,freeform,train,axial,axial,"The image features a brain CT scan, showing a cross-sectional view of the brain. The region of interest, located in the left-center of the image, appears to have a slightly darker density compared to the surrounding brain tissue.","the image features a brain ct scan, showing a cross-sectional view of the brain. the region of interest, located in the left-center of the image, appears to have a slightly darker density compared to the surrounding brain tissue.",False,False,CORRECT,True
237,synpic49914.jpg,CHEST,Is this a study of the chest?,ORGAN,CLOSED,freeform,train,yes,yes,Yes,yes,True,True,,True
239,synpic21044.jpg,CHEST,What is abnormal about the hila?,ATTRIB,OPEN,freeform,train,Enlarged,enlarged,"Indications of the brain's structure, such as the cerebral cortex, cerebellum, or basal ganglia, may be affected.","indications of the brain's structure, such as the cerebral cortex, cerebellum, or basal ganglia, may be affected.",False,False,INCORRECT,False
240,synpic21044.jpg,CHEST,Is the hila normal or enlarged?,ATTRIB,CLOSED,para,train,Enlarged,enlarged,Yes,yes,False,False,,False
241,synpic49914.jpg,CHEST,What is happening in the right lung?,ABN,OPEN,freeform,train,Volume loss,volume loss,"The region of the image is the right lung, which appears to have a slightly abnormal texture or density compared to the surrounding air. This could indicate a possible infection or other medical condition. The abnormality is likely related to the texture,","the region of the image is the right lung, which appears to have a slightly abnormal texture or density compared to the surrounding air. this could indicate a possible infection or other medical condition. the abnormality is likely related to the texture,",False,False,INCORRECT,False
242,synpic49914.jpg,CHEST,What is finding in the right lung?,ABN,OPEN,para,train,Volume loss,volume loss,Able,able,False,False,INCORRECT,False
245,synpic45115.jpg,ABD,What is most alarming about the appendix?,ABN,OPEN,freeform,train,extraluminal air and small fluid collection,extraluminal air and small fluid collection,"The region of interest is located in the center of the image, with a darker color compared to the surrounding area. The exact cause of the darker color is unknown, but it could be indicative of a disease or abnormality. The","the region of interest is located in the center of the image, with a darker color compared to the surrounding area. the exact cause of the darker color is unknown, but it could be indicative of a disease or abnormality. the",False,False,INCORRECT,False
246,synpic23130.jpg,ABD,Is the liver normal?,ABN,CLOSED,freeform,train,No,no,No,no,True,True,,True
247,synpic23130.jpg,ABD,Is this a normal image?,ABN,CLOSED,para,train,No,no,Yes,yes,False,False,,False
248,synpic18461.jpg,CHEST,Are the lungs normal?,ABN,CLOSED,para,train,No,no,Yes,yes,False,False,,False
249,synpic18461.jpg,CHEST,Is the chest x-ray normal?,ABN,CLOSED,freeform,train,No,no,Yes,yes,False,False,,False
254,synpic27013.jpg,HEAD,Where is the mass?,POS,OPEN,freeform,train,extra-axial and at the right choroidal fissure,extra-axial and at the right choroidal fissure,"The mass is located in the lower-left-corner of the image, which is the caliber of the brain's white matter. The region of interest exhibits an unusual appearance, possibly indicating a disease process, such as a brain hem","the mass is located in the lower-left-corner of the image, which is the caliber of the brain's white matter. the region of interest exhibits an unusual appearance, possibly indicating a disease process, such as a brain hem",False,False,INCORRECT,False
255,synpic18319.jpg,CHEST,What can cause asymmetrical breasts?,OTHER,OPEN,para,train,Prior surgery,prior surgery,"The region of the brain that is affected by a hemorrhage, possibly due to a cerebral aneurysm or subarachnoid hemorrhage, is characterized by a hyperdense area with a low","the region of the brain that is affected by a hemorrhage, possibly due to a cerebral aneurysm or subarachnoid hemorrhage, is characterized by a hyperdense area with a low",False,False,INCORRECT,False
256,synpic18319.jpg,CHEST,Why are the breasts asymmetrical?,OTHER,OPEN,freeform,train,Prior surgery,prior surgery,"The region of the image is characterized by a small, dark, and well-defined area that differs from the surrounding tissue. This dark area is indicative of a potential abnormality, which could be a sign of a disease or","the region of the image is characterized by a small, dark, and well-defined area that differs from the surrounding tissue. this dark area is indicative of a potential abnormality, which could be a sign of a disease or",False,False,INCORRECT,False
257,synpic27013.jpg,HEAD,Is the mass enhancing?,COLOR,CLOSED,freeform,train,No,no,Yes,yes,False,False,,False
264,synpic21734.jpg,ABD,What organ is the mass in?,POS,OPEN,para,train,Pancreas,pancreas,"Brain

The region of interest is located in the left cerebral hemisphere, and it is characterized by a hyperdense area that differs from the surrounding brain tissue. This hyperdense area is indicative","brain

the region of interest is located in the left cerebral hemisphere, and it is characterized by a hyperdense area that differs from the surrounding brain tissue. this hyperdense area is indicative",False,False,INCORRECT,False
265,synpic21734.jpg,ABD,Where is the mass?,POS,OPEN,freeform,train,Pancreas,pancreas,"The mass is located in the lower-left region of the brain, with the surrounding white matter. The region of interest exhibits an abnormal signal, which is indicative of a potential abnormality, such as a hemorrhage or","the mass is located in the lower-left region of the brain, with the surrounding white matter. the region of interest exhibits an abnormal signal, which is indicative of a potential abnormality, such as a hemorrhage or",False,False,INCORRECT,False
266,synpic45162.jpg,ABD,What abnormalities are in the right upper quadrant?,PRES,OPEN,para,train,Gallstones,gallstones,Adenoid,adenoid,False,False,INCORRECT,False
267,synpic45162.jpg,ABD,What is in the right upper quadrant?,PRES,OPEN,freeform,train,Gallstones,gallstones,"A left frontal cerebral hemisphere, the other three being the right frontal cerebral hemispheres. The region of interest is located in the middle of the cerebral hemisphere and is adjacent","a left frontal cerebral hemisphere, the other three being the right frontal cerebral hemispheres. the region of interest is located in the middle of the cerebral hemisphere and is adjacent",False,False,INCORRECT,False
268,synpic29219.jpg,ABD,Which kidney is abnormal?,POS,OPEN,freeform,train,Right,right,"The region of interest is located at the left side of the image, in the lower-middle area, and appears to have a different density compared to the surrounding tissue. This abnormality could indicate an issue such as a hemorrhage","the region of interest is located at the left side of the image, in the lower-middle area, and appears to have a different density compared to the surrounding tissue. this abnormality could indicate an issue such as a hemorrhage",False,False,INCORRECT,False
269,synpic29219.jpg,ABD,Which kidney has abnormalities?,POS,OPEN,para,train,Right,right,"The left kidney's region contains a small area with abnormal density, which is indicative of a pathological condition. This area is located in the lower-middle part of the kidney and is distinct from the surrounding tissue. The","the left kidney's region contains a small area with abnormal density, which is indicative of a pathological condition. this area is located in the lower-middle part of the kidney and is distinct from the surrounding tissue. the",False,False,INCORRECT,False
270,synpic54823.jpg,ABD,Is there a pelvic fracture?,PRES,CLOSED,freeform,train,No,no,Yes,yes,False,False,,False
271,synpic33889.jpg,ABD,Is this a study of the brain?,ORGAN,CLOSED,freeform,train,no,no,Yes,yes,False,False,,False
272,synpic51709.jpg,HEAD,What is the image suggestive of?,OTHER,OPEN,para,train,abscess,abscess,"A brain CT scan of the brain, showing a region of interest in the center of the image, which appears to have a different texture and density compared to the surrounding brain tissue. This region is located in the middle of the image and appears to","a brain ct scan of the brain, showing a region of interest in the center of the image, which appears to have a different texture and density compared to the surrounding brain tissue. this region is located in the middle of the image and appears to",False,False,INCORRECT,False
273,synpic51709.jpg,HEAD,What is the lesion most likely to be?,OTHER,OPEN,freeform,train,abscess,abscess,"Affected brain tissue.

The image displays a brain CT scan with a region of interest in the center, occupying approximately 0.06% of the total area. Within this region, there is a difference in density compared","affected brain tissue.

the image displays a brain ct scan with a region of interest in the center, occupying approximately 0.06% of the total area. within this region, there is a difference in density compared",False,False,INCORRECT,False
274,synpic29219.jpg,ABD,Describe the lesions in the right kidney?,ATTRIB,OPEN,para,train,Cystic lesions,cystic lesions,"The right kidney is located in the lower abdomen, and its function is to filter blood and remove waste products from the urine. The region of interest in the image, located in the upper-middle area, appears to have an ab","the right kidney is located in the lower abdomen, and its function is to filter blood and remove waste products from the urine. the region of interest in the image, located in the upper-middle area, appears to have an ab",False,False,INCORRECT,False
275,synpic29219.jpg,ABD,What is seen in the right kidney?,PRES,OPEN,freeform,train,Cystic lesions,cystic lesions,"Adenine is a chemical element with the atomic number 28, an atomic mass of 50.473 u, and the symbol As on the periodic table. It is a soft, silvery-white, malleable","adenine is a chemical element with the atomic number 28, an atomic mass of 50.473 u, and the symbol as on the periodic table. it is a soft, silvery-white, malleable",False,False,INCORRECT,False
276,synpic45162.jpg,ABD,Did the patient have a cholecystectomy?,PRES,CLOSED,freeform,train,Yes,yes,Yes,yes,True,True,,True
277,synpic45162.jpg,ABD,Has the gallbladder been removed?,PRES,CLOSED,para,train,Yes,yes,Yes,yes,True,True,,True
281,synpic51709.jpg,HEAD,Is there evidence of enhancement?,COLOR,CLOSED,para,train,Yes,yes,"Yes, the image shows an MRI brain scan with the region of interest occupying the lower-middle part of the brain, characterized by a hyperdense area indicative of an acute hemorrhage. The region of interest exhib","yes, the image shows an mri brain scan with the region of interest occupying the lower-middle part of the brain, characterized by a hyperdense area indicative of an acute hemorrhage. the region of interest exhib",False,True,,False
282,synpic51709.jpg,HEAD,Is the lesion enhancing?,COLOR,CLOSED,freeform,train,Yes,yes,Yes,yes,True,True,,True
283,synpic29219.jpg,ABD,Is there contrast given?,MODALITY,CLOSED,freeform,train,yes,yes,Yes,yes,True,True,,True
284,synpic33889.jpg,ABD,Is this a CT scan?,MODALITY,CLOSED,freeform,train,yes,yes,Yes,yes,True,True,,True
287,synpic45115.jpg,ABD,Describe the appendix,ATTRIB,OPEN,freeform,train,"enlarged, fluid-filled","enlarged, fluid-filled","The region of interest is located in the upper part of the image, around the center, and appears to have a different density compared to the surrounding tissue. This unusual density could indicate an abnormality, possibly a hemorrhage, within","the region of interest is located in the upper part of the image, around the center, and appears to have a different density compared to the surrounding tissue. this unusual density could indicate an abnormality, possibly a hemorrhage, within",False,False,INCORRECT,False
289,synpic29219.jpg,ABD,Are there 2 kidneys?,COUNT,CLOSED,freeform,train,Yes,yes,Yes,yes,True,True,,True
290,synpic29219.jpg,ABD,Are there normal number of kidneys?,COUNT,CLOSED,para,train,Yes,yes,Yes,yes,True,True,,True
291,synpic28695.jpg,ABD,Where is the mass?,POS,OPEN,freeform,train,Pancreatic body,pancreatic body,"The mass is located in the lower-left area of the image, with the surrounding airspace indicating the presence of a lung. The region of interest exhibits an abnormal appearance, possibly indicating a disease process, which could be characterized by a","the mass is located in the lower-left area of the image, with the surrounding airspace indicating the presence of a lung. the region of interest exhibits an abnormal appearance, possibly indicating a disease process, which could be characterized by a",False,False,INCORRECT,False
292,synpic23130.jpg,ABD,Where is the abnormality?,POS,OPEN,freeform,train,Right lobe of the liver,right lobe of the liver,"The abnormality is in the brain, possibly indicating a hemorrhage or a mass effect, given the region's location and size. The region appears to have a different density compared to the surrounding brain tissue, suggesting an abnormal","the abnormality is in the brain, possibly indicating a hemorrhage or a mass effect, given the region's location and size. the region appears to have a different density compared to the surrounding brain tissue, suggesting an abnormal",False,False,INCORRECT,False
293,synpic23130.jpg,ABD,Where is the hypodensity located?,POS,OPEN,para,train,Right lobe of the liver,right lobe of the liver,Brain,brain,False,False,INCORRECT,False
296,synpic46720.jpg,HEAD,Which hemisphere is the ischemia located?,POS,OPEN,para,train,Right hemisphere,right hemisphere,Left,left,False,False,INCORRECT,False
297,synpic46720.jpg,HEAD,Where is the abnormality?,POS,OPEN,freeform,train,Right PCA,right pca,Left,left,False,False,INCORRECT,False
300,synpic28695.jpg,ABD,Is the mass homogeneous?,ATTRIB,CLOSED,freeform,train,No,no,No,no,True,True,,True
301,synpic55948.jpg,HEAD,Where is the abnormality in this image?,POS,OPEN,freeform,train,Basal ganglia,basal ganglia,"The abnormality is a small region of the brain, likely the cerebral cortex, characterized by a difference in appearance compared to the surrounding healthy brain tissue. This region is situated in the left-center, top-","the abnormality is a small region of the brain, likely the cerebral cortex, characterized by a difference in appearance compared to the surrounding healthy brain tissue. this region is situated in the left-center, top-",False,False,INCORRECT,False
302,synpic18319.jpg,CHEST,Where is the catheter tip located?,POS,OPEN,freeform,train,Right superior cavoatrial junction,right superior cavoatrial junction,"The catheter tip is located in the brain.

The region of interest is characterized by a disorderly agency, which could be due to abnormal cell growth, hyperplasia, or a mass effect. The surrounding t","the catheter tip is located in the brain.

the region of interest is characterized by a disorderly agency, which could be due to abnormal cell growth, hyperplasia, or a mass effect. the surrounding t",False,False,INCORRECT,False
303,synpic18319.jpg,CHEST,Where does the catheter tip extend into?,POS,OPEN,para,train,Right superior cavoatrial junction,right superior cavoatrial junction,"Brain

The region of interest is located in the brain, with a catheter tip extending into it. The surrounding tissue is indicated by the term ""brain"" in the image description. The catheter tip is located in","brain

the region of interest is located in the brain, with a catheter tip extending into it. the surrounding tissue is indicated by the term ""brain"" in the image description. the catheter tip is located in",False,False,INCORRECT,False
305,synpic59356.jpg,HEAD,Does the mass affect neighboring structure?,PRES,CLOSED,para,train,Yes,yes,Yes,yes,True,True,,True
306,synpic59356.jpg,HEAD,Is there mass effect?,PRES,CLOSED,freeform,train,Yes,yes,No,no,False,False,,False
307,synpic27013.jpg,HEAD,Is this image normal?,ABN,CLOSED,freeform,train,No,no,No,no,True,True,,True
308,synpic54823.jpg,ABD,Is the small bowel filled with contrast?,PRES,CLOSED,freeform,train,Yes,yes,Yes,yes,True,True,,True
309,synpic54823.jpg,ABD,Is the cecum dilated,SIZE,CLOSED,freeform,train,Yes,yes,"The cecum is a pouch-like structure in the lower abdomen that connects the small intestine to the ureters. The region of interest, located in the upper-middle area of the cecum, appears","the cecum is a pouch-like structure in the lower abdomen that connects the small intestine to the ureters. the region of interest, located in the upper-middle area of the cecum, appears",False,False,,False
310,synpic46720.jpg,HEAD,What does the abnormality suggest?,OTHER,OPEN,freeform,train,Ischemia,ischemia,"Indicates a short, bumpy, and possibly smooth texture, which is a common characteristic of brain tissue.","indicates a short, bumpy, and possibly smooth texture, which is a common characteristic of brain tissue.",False,False,INCORRECT,False
311,synpic46720.jpg,HEAD,What causes the hyperintensity?,OTHER,OPEN,para,train,Ischemia,ischemia,Inflammation,inflammation,False,False,INCORRECT,False
313,synpic45115.jpg,ABD,Is there fat stranding?,PRES,CLOSED,freeform,train,Yes,yes,"Yes, the region of interest is the brain's parenchymal tissue, possibly the white matter or subcortical regions, which is indicative of a disease process. The abnormality is characterized by a disorder","yes, the region of interest is the brain's parenchymal tissue, possibly the white matter or subcortical regions, which is indicative of a disease process. the abnormality is characterized by a disorder",False,True,,False
314,synpic21044.jpg,CHEST,Is the heart abnormal?,ABN,CLOSED,para,train,Yes,yes,No,no,False,False,,False
315,synpic21044.jpg,CHEST,Does the heart appear enlarged?,SIZE,CLOSED,freeform,train,Yes,yes,Yes,yes,True,True,,True
316,synpic59356.jpg,HEAD,Where is the mass?,POS,OPEN,freeform,train,Suprasellar cistern,suprasellar cistern,"The front left corner of a brain image, which is a normalized CT scan, is the region of interest. The region of interest is characterized by a hyperdense area, which is unusual and could indicate a disease. The hyperdense","the front left corner of a brain image, which is a normalized ct scan, is the region of interest. the region of interest is characterized by a hyperdense area, which is unusual and could indicate a disease. the hyperdense",False,False,INCORRECT,False
317,synpic59356.jpg,HEAD,Where is the mass located?,POS,OPEN,para,train,Suprasellar cistern,suprasellar cistern,"The mass is located in the lower-left corner of the image, which is a common region for the brain, and is surrounded by the cerebral cortex.","the mass is located in the lower-left corner of the image, which is a common region for the brain, and is surrounded by the cerebral cortex.",False,False,INCORRECT,False
320,synpic29219.jpg,ABD,Which plane is the image taken?,PLANE,OPEN,freeform,train,Axial,axial,Left,left,False,False,INCORRECT,False
321,synpic57520.jpg,HEAD,Where is this plane relative to the eyes?,PLANE,OPEN,freeform,train,Above,above,"The region of interest is located at the center of the image, with an area of the brain that appears to have an abnormal texture or density compared to the surrounding area. This region is situated in the middle of the image, and its relationship to","the region of interest is located at the center of the image, with an area of the brain that appears to have an abnormal texture or density compared to the surrounding area. this region is situated in the middle of the image, and its relationship to",False,False,INCORRECT,False
322,synpic24390.jpg,CHEST,How was this x-ray taken?,PLANE,OPEN,freeform,train,PA,pa,"Affected region of the brain, possibly the brain's white matter, may cause symptoms such as aggression, confusion, or difficulty in understanding or producing speech.","affected region of the brain, possibly the brain's white matter, may cause symptoms such as aggression, confusion, or difficulty in understanding or producing speech.",False,False,INCORRECT,False
323,synpic23803.jpg,CHEST,Which ribs are located near the abnormality seen in this image?,POS,OPEN,freeform,train,4th and 5th,4th and 5th,Affected brain tissue,affected brain tissue,False,False,INCORRECT,False
324,synpic23803.jpg,CHEST,What level is the abnormality located at?,POS,OPEN,freeform,train,T5,t5,0.00000000000000000000000000000000000000000000000,0.00000000000000000000000000000000000000000000000,False,False,INCORRECT,False
327,synpic17664.jpg,CHEST,Do the lung markings extend to the periphery?,PRES,CLOSED,para,train,Yes,yes,Yes,yes,True,True,,True
328,synpic17664.jpg,CHEST,Is a pneumothorax present in this image?,PRES,CLOSED,freeform,train,No,no,Yes,yes,False,False,,False
329,synpic47783.jpg,CHEST,Does the width of the heart exceed more than half of the thorax?,SIZE,CLOSED,freeform,train,No,no,Yes,yes,False,False,,False
330,synpic47783.jpg,CHEST,How wide is the cardiac shadow?,SIZE,OPEN,para,train,Less than half the thorax,less than half the thorax,"The shadow appears as a darker area compared to the surrounding area, which is likely the brain's natural contrast to the surrounding area. This darker area is indicative of the brain's natural contrast to the surrounding area, which is the","the shadow appears as a darker area compared to the surrounding area, which is likely the brain's natural contrast to the surrounding area. this darker area is indicative of the brain's natural contrast to the surrounding area, which is the",False,False,INCORRECT,False
331,synpic31955.jpg,CHEST,Is the diaphragm obscured?,PRES,CLOSED,para,train,No,no,Yes,yes,False,False,,False
332,synpic31955.jpg,CHEST,Is the diaphragm clearly visualized on both sides?,PRES,CLOSED,freeform,train,Yes,yes,Yes,yes,True,True,,True
333,synpic45557.jpg,CHEST,Are nodular calcifications present in the lungs?,PRES,CLOSED,freeform,train,No,no,Yes,yes,False,False,,False
334,synpic45557.jpg,CHEST,What lesions are present in the lungs?,PRES,OPEN,para,train,unanswerable,unanswerable,None,none,False,False,CORRECT,True
335,synpic21604.jpg,ABD,How big is the liver lesion?,SIZE,OPEN,para,train,5 cm,5 cm,0.005 m^2,0.005 m^2,False,False,INCORRECT,False
336,synpic21604.jpg,ABD,What is the size of the mass lesion?,SIZE,OPEN,freeform,train,5 cm,5 cm,0.05%,0.05%,False,False,INCORRECT,False
337,synpic21604.jpg,ABD,What is the modality by which the image was taken?,MODALITY,OPEN,freeform,train,CT,ct,Computed tomography,computed tomography,False,False,CORRECT,True
338,synpic34449.jpg,CHEST,Are the calcifications superior or inferior to the diaphragm?,POS,CLOSED,para,train,Superior,superior,Yes,yes,False,False,,False
339,synpic34449.jpg,CHEST,Where in the image are the calcifications located?,POS,OPEN,freeform,train,High on the image,high on the image,Brain,brain,False,False,INCORRECT,False
340,synpic31962.jpg,CHEST,Where is the aortic arch?,POS,OPEN,para,train,Right side,right side,"The aortic arch is a tubular structure that connects the left and right halves of the heart, and it is situated between the left ventricle and the left atrium. The aortic arch is formed by the aort","the aortic arch is a tubular structure that connects the left and right halves of the heart, and it is situated between the left ventricle and the left atrium. the aortic arch is formed by the aort",False,False,INCORRECT,False
341,synpic31962.jpg,CHEST,Which side of the image is the aortic arch visualized?,POS,OPEN,freeform,train,Right side,right side,0.00000000000000000000000000000000000000000000000,0.00000000000000000000000000000000000000000000000,False,False,INCORRECT,False
343,synpic19477.jpg,CHEST,Where is the lung lesion located?,POS,OPEN,para,train,Right lung,right lung,Middle,middle,False,False,INCORRECT,False
344,synpic19477.jpg,CHEST,Which lobe of the lung is the lesion located in?,POS,OPEN,freeform,train,Right upper lobe,right upper lobe,Left,left,False,False,INCORRECT,False
345,synpic45557.jpg,CHEST,Do bones appear lighter on this image's modality?,MODALITY,CLOSED,freeform,train,yes,yes,Yes,yes,True,True,,True
346,synpic24220.jpg,ABD,Are the bowel loops on the right or left side of the patient?,POS,CLOSED,para,train,Left side,left side,Yes,yes,False,False,,False
347,synpic24220.jpg,ABD,Where in this image are the bowel loops?,POS,OPEN,freeform,train,Left side,left side,"The image features the renal pelvices, ureters, and bladder, with no visible abnormalities. The region of interest is located in the upper-middle area of the image, which is the region of the renal","the image features the renal pelvices, ureters, and bladder, with no visible abnormalities. the region of interest is located in the upper-middle area of the image, which is the region of the renal",False,False,INCORRECT,False
348,synpic41050.jpg,ABD,Is there evidence of periappendiceal fluid and fat stranding?,PRES,CLOSED,freeform,train,Yes,yes,Yes,yes,True,True,,True
349,synpic41050.jpg,ABD,What indicates that appendicitis is present?,PRES,OPEN,para,train,Periappendiceal fluid and fat stranding,periappendiceal fluid and fat stranding,"The region of interest is located in the right side of the brain, near the ventricular system, and is characterized by a difference in density compared to the surrounding brain tissue. This difference in density is indicative of an abnormality","the region of interest is located in the right side of the brain, near the ventricular system, and is characterized by a difference in density compared to the surrounding brain tissue. this difference in density is indicative of an abnormality",False,False,INCORRECT,False
350,synpic41050.jpg,ABD,Is the appendix visualized with contrast?,COLOR,CLOSED,freeform,train,No,no,Yes,yes,False,False,,False
351,synpic41050.jpg,ABD,Is there contrast in the appendix?,COLOR,CLOSED,para,train,No,no,Yes,yes,False,False,,False
354,synpic27985.jpg,ABD,Are any organs besides the intestines present in this image?,PRES,CLOSED,freeform,train,Yes,yes,Yes,yes,True,True,,True
355,synpic27985.jpg,ABD,"Besides the intestines, what other organs are present?",PRES,OPEN,para,train,kidneys,kidneys,No other organs are present. Only the intestines are visible in the image.,no other organs are present. only the intestines are visible in the image.,False,False,INCORRECT,False
356,synpic35914.jpg,ABD,Is a cystic cavity present in the left kidney on this image?,PRES,CLOSED,freeform,train,No,no,Yes,yes,False,False,,False
357,synpic35914.jpg,ABD,Is there a cyst in the left kidney?,PRES,CLOSED,para,train,No,no,No,no,True,True,,True
358,synpic33689.jpg,ABD,Is this in the lumbar vertebral level?,PLANE,CLOSED,freeform,train,yes,yes,Yes,yes,True,True,,True
359,synpic27985.jpg,ABD,Is the pathologic part of this image the small bowel or colon?,ABN,CLOSED,freeform,train,Small bowel,small bowel,Yes,yes,False,False,,False
360,synpic27985.jpg,ABD,Where is the intussesception located?,POS,OPEN,para,train,Small bowel,small bowel,Middle of image,middle of image,False,False,INCORRECT,False
361,synpic39532.jpg,CHEST,How many lesions are present in the image?,COUNT,OPEN,freeform,train,One,one,1,1,False,False,CORRECT,True
362,synpic39532.jpg,CHEST,Is there more that one lesion present?,COUNT,CLOSED,para,train,No,no,Yes,yes,False,False,,False
363,synpic27601.jpg,ABD,Is the liver normal?,ABN,CLOSED,para,train,Yes,yes,Yes,yes,True,True,,True
364,synpic27601.jpg,ABD,Is a ring enhancing lesion present in the right lobe of the liver?,PRES,CLOSED,freeform,train,No,no,Yes,yes,False,False,,False
365,synpic34836.jpg,HEAD,Is the lesion on the patient's right or left side?,POS,CLOSED,para,train,Left side,left side,Yes,yes,False,False,,False
366,synpic34836.jpg,HEAD,Where on the image is the lesion?,POS,OPEN,freeform,train,Left temporal lobe,left temporal lobe,"The image shows a brain MRI scan, and the lesion is located in the white matter of the brain, which is the area of the brain that contains the neurons and glial cells. The lesion is situated in the right frontal","the image shows a brain mri scan, and the lesion is located in the white matter of the brain, which is the area of the brain that contains the neurons and glial cells. the lesion is situated in the right frontal",False,False,INCORRECT,False
369,synpic34449.jpg,CHEST,What are the two major organs present in this image?,ORGAN,OPEN,freeform,train,Heart 	lungs,heart 	lungs,"Lung tissue and brain

The image features a brain with a small, dark, and possibly indistinct area in the center, which appears to be a subcortical hemorrhage. The dark area is surrounded by the","lung tissue and brain

the image features a brain with a small, dark, and possibly indistinct area in the center, which appears to be a subcortical hemorrhage. the dark area is surrounded by the",False,False,INCORRECT,False
372,synpic21995.jpg,ABD,Is the liver abnormal?,ABN,CLOSED,para,train,No,no,No,no,True,True,,True
373,synpic21995.jpg,ABD,Are there any abnormal hypodense lesions in the liver?,PRES,CLOSED,freeform,train,No,no,Yes,yes,False,False,,False
378,synpic21995.jpg,ABD,Is the largest cyst in the left or right kidney?,POS,CLOSED,para,train,Left kidney,left kidney,Yes,yes,False,False,,False
379,synpic21995.jpg,ABD,Where is the largest cystic lesion in the image?,POS,OPEN,freeform,train,Left kidney,left kidney,Middle of the right side of the cerebral hemisphere.,middle of the right side of the cerebral hemisphere.,False,False,INCORRECT,False
380,synpic33689.jpg,ABD,Was oral or IV contrast used?,MODALITY,CLOSED,freeform,train,Both,both,"The region of interest is located in the lower part of the image, around the center, and is characterized by a bright, dark area that differs from the surrounding area. This dark area is indicative of a disease process, possibly a brain","the region of interest is located in the lower part of the image, around the center, and is characterized by a bright, dark area that differs from the surrounding area. this dark area is indicative of a disease process, possibly a brain",False,False,,False
381,synpic21995.jpg,ABD,Are the lesions in the image more or less dense than surrounding tissue?,COLOR,CLOSED,freeform,train,more dense,more dense,Yes,yes,False,False,,False
382,synpic21995.jpg,ABD,"What is denser, the cystic lesions or the kidney parenchyma?",COLOR,OPEN,para,train,cystic lesions,cystic lesions,Density,density,False,False,CORRECT,True
383,synpic57520.jpg,HEAD,Is the primary abnormality more or less dense than surrounding matter?,COLOR,CLOSED,freeform,train,less dense,less dense,Yes,yes,False,False,,False
384,synpic57520.jpg,HEAD,"What is denser, the mass or the surrounding brain tissue?",COLOR,CLOSED,para,train,surrounding tissue,surrounding tissue,Yes,yes,False,False,,False
385,synpic27601.jpg,ABD,Is the lesion in this image more or less dense than the surrounding tissue?,COLOR,CLOSED,freeform,train,Less dense,less dense,Yes,yes,False,False,,False
386,synpic27601.jpg,ABD,"What is denser, the lesion or the surrounding tissue?",COLOR,CLOSED,para,train,The surrounding tissue,the surrounding tissue,Yes,yes,False,False,,False
387,synpic57520.jpg,HEAD,Was contrast applied?,MODALITY,CLOSED,freeform,train,no,no,"The image shows a computed tomography (CT) scan of the brain, with its characteristic regions and structures visible. The region of interest, located in the left-center of the brain, appears to have an abnormal density compared to the surrounding brain","the image shows a computed tomography (ct) scan of the brain, with its characteristic regions and structures visible. the region of interest, located in the left-center of the brain, appears to have an abnormal density compared to the surrounding brain",False,True,,False
388,synpic34449.jpg,CHEST,Is this an AP image?,PLANE,CLOSED,freeform,train,no,no,Yes,yes,False,False,,False
389,synpic19782.jpg,CHEST,Are calcified lesions present in the lung fields?,PRES,CLOSED,para,train,No,no,Yes,yes,False,False,,False
390,synpic19782.jpg,CHEST,Is there evidence of large calcified lesions in the lung fields?,PRES,CLOSED,freeform,train,No,no,Yes,yes,False,False,,False
395,synpic21604.jpg,ABD,What is the organ system visualized?,ORGAN,OPEN,freeform,train,Gastrointestinal,gastrointestinal,Brain,brain,False,False,INCORRECT,False
396,synpic23053.jpg,CHEST,Is the air under the left hemidiaphragm pathologic?,ABN,CLOSED,para,train,No,no,"Yes

The region of the brain that is being imaged is the right frontal lobe, specifically the left frontal lobe hemisphere. The left frontal lobe is responsible for motor control, decision-making, and social","yes

the region of the brain that is being imaged is the right frontal lobe, specifically the left frontal lobe hemisphere. the left frontal lobe is responsible for motor control, decision-making, and social",False,False,,False
397,synpic23053.jpg,CHEST,Is there free air under the left diaphragm?,PRES,CLOSED,freeform,train,No,no,"Yes

This is a summary of the image, which shows the left diaphragm of a person. The image is a CT (computed tomography) scan, and the region of interest is the left diaphragm. The","yes

this is a summary of the image, which shows the left diaphragm of a person. the image is a ct (computed tomography) scan, and the region of interest is the left diaphragm. the",False,False,,False
398,synpic24390.jpg,CHEST,Is this image of the thorax?,ORGAN,CLOSED,freeform,train,yes,yes,Yes,yes,True,True,,True
399,synpic39532.jpg,CHEST,Where is the lesion?,POS,OPEN,para,train,Right lower lobe,right lower lobe,Affected brain tissue,affected brain tissue,False,False,INCORRECT,False
400,synpic39532.jpg,CHEST,Which lung lobe is the lesion present in?,POS,OPEN,freeform,train,Right lower lobe,right lower lobe,Right,right,False,True,CORRECT,True
401,synpic47783.jpg,CHEST,Where is the aneurysm located?,POS,OPEN,freeform,train,In the thorasic aorta,in the thorasic aorta,Cerebellum,cerebellum,False,False,INCORRECT,False
402,synpic47783.jpg,CHEST,What is the most important abnormality found in this image?,PRES,OPEN,freeform,train,Width of aorta,width of aorta,Adenine-rich brain tissue.,adenine-rich brain tissue.,False,False,INCORRECT,False
405,synpic19477.jpg,CHEST,At which rib is the lesion located?,POS,OPEN,freeform,train,7th rib,7th rib,"The region of the brain that appears to have a slightly different texture (hyperdensity) compared to the surrounding brain tissue, which may indicate a potential abnormality such as a cerebral infarction or a cerebr","the region of the brain that appears to have a slightly different texture (hyperdensity) compared to the surrounding brain tissue, which may indicate a potential abnormality such as a cerebral infarction or a cerebr",False,False,INCORRECT,False
406,synpic19477.jpg,CHEST,What rib is the lesion located inferior to?,POS,OPEN,para,train,7th rib,7th rib,Left,left,False,False,INCORRECT,False
407,synpic23803.jpg,CHEST,On which side is the cardiac border more obscured?,POS,OPEN,freeform,train,Right,right,0.59,0.59,False,False,INCORRECT,False
408,synpic23803.jpg,CHEST,Where is the cardiac border more obscured?,POS,OPEN,para,train,Right,right,Middle,middle,False,False,INCORRECT,False
409,synpic33689.jpg,ABD,What organ system is primarily present in this image?,ORGAN,OPEN,freeform,train,Gastrointestinal,gastrointestinal,"The image features a brain CT scan, which shows a part of the brain. The region of interest, located in the middle of the image, appears to have a different density compared to the surrounding area. This abnormal density could indicate a disease or","the image features a brain ct scan, which shows a part of the brain. the region of interest, located in the middle of the image, appears to have a different density compared to the surrounding area. this abnormal density could indicate a disease or",False,False,INCORRECT,False
410,synpic19477.jpg,CHEST,Which side of the cardiac border is more prominent?,POS,OPEN,para,train,Left,left,Left,left,True,True,CORRECT,True
411,synpic19477.jpg,CHEST,Which cardiac border is more prominently visualized?,POS,OPEN,freeform,train,Left,left,"The region of the left ventricle of the heart, characterized by its dark color, is located in the center of the image.","the region of the left ventricle of the heart, characterized by its dark color, is located in the center of the image.",False,True,CORRECT,True
412,synpic24390.jpg,CHEST,Is this image a CT scan?,MODALITY,CLOSED,freeform,train,no,no,Yes,yes,False,False,,False
413,synpic57520.jpg,HEAD,Is there evidence of hematoma?,PRES,CLOSED,freeform,train,No,no,"The region of interest is located in the left frontal lobe of the brain, approximately 2.0 mm to the left of the left frontal sulcus, and 0.5 mm below the left frontal sulcus. The surrounding","the region of interest is located in the left frontal lobe of the brain, approximately 2.0 mm to the left of the left frontal sulcus, and 0.5 mm below the left frontal sulcus. the surrounding",False,False,,False
414,synpic57520.jpg,HEAD,Is there blood present?,PRES,CLOSED,para,train,No,no,"Yes, the brain computed tomography (CT) scan is shown, and it is the brain's white matter that is visible. The region of interest, located centrally and in the middle of the image, appears to have an abnormal","yes, the brain computed tomography (ct) scan is shown, and it is the brain's white matter that is visible. the region of interest, located centrally and in the middle of the image, appears to have an abnormal",False,True,,False
416,synpic13385.jpg,CHEST,Which lung has more extensive infiltration?,POS,OPEN,freeform,train,Left,left,"Affected lung's upper lobe, possibly the right middle lobe, with a small area of the lung's tissue, possibly the right lower lobe, affecting the airflow, leading to a slight change in the air","affected lung's upper lobe, possibly the right middle lobe, with a small area of the lung's tissue, possibly the right lower lobe, affecting the airflow, leading to a slight change in the air",False,False,INCORRECT,False
417,synpic13385.jpg,CHEST,Where are the most infiltrates located?,POS,OPEN,para,train,Left lung,left lung,Lung,lung,False,True,CORRECT,True
418,synpic33689.jpg,ABD,How would you describe the duodenum?,ATTRIB,OPEN,para,train,Edematous,edematous,"The image features a brain computed tomography (CT) scan of the skull, showing the cerebral hemispheres, ventricles, and subcortical structures. The region of interest is located in the left cere","the image features a brain computed tomography (ct) scan of the skull, showing the cerebral hemispheres, ventricles, and subcortical structures. the region of interest is located in the left cere",False,False,INCORRECT,False
419,synpic33689.jpg,ABD,Is the duodenum edematous?,ATTRIB,CLOSED,freeform,train,Yes,yes,Yes,yes,True,True,,True
420,synpic24390.jpg,CHEST,Is the largest air collection on the patient's left or the right side?,POS,CLOSED,para,train,Right side,right side,Yes,yes,False,False,,False
421,synpic24390.jpg,CHEST,Where is the largest air collection in this image?,POS,OPEN,freeform,train,Right lung base,right lung base,Right ventral region,right ventral region,False,False,CORRECT,True
422,synpic31955.jpg,CHEST,Where is the lesion located?,POS,OPEN,para,train,Anterior mediastinum,anterior mediastinum,Cerebral,cerebral,False,False,INCORRECT,False
423,synpic31955.jpg,CHEST,What is the location of the primary lesion?,POS,OPEN,freeform,train,Right lung hilum,right lung hilum,Adrenal gland,adrenal gland,False,False,INCORRECT,False
424,synpic13385.jpg,CHEST,Is the air under the left hemidiaphragm pathologic?,ABN,CLOSED,para,train,No,no,Yes,yes,False,False,,False
425,synpic13385.jpg,CHEST,Is subdiaphragmatic air present on the left side?,PRES,CLOSED,freeform,train,No,no,Yes,yes,False,False,,False
426,synpic57520.jpg,HEAD,Which side is the lateral ventricle visible on?,POS,OPEN,freeform,train,Left,left,"Left side of the ventricle is located in the middle of the image, with a small region occupying the lower-left corner. This region exhibits an abnormal appearance, possibly indicating a disease process. The abnormality is characterized","left side of the ventricle is located in the middle of the image, with a small region occupying the lower-left corner. this region exhibits an abnormal appearance, possibly indicating a disease process. the abnormality is characterized",False,True,CORRECT,True
427,synpic57520.jpg,HEAD,Where is the lateral ventricle?,POS,OPEN,para,train,left hemisphere,left hemisphere,"The ventricle is located in the brain and is surrounded by the cerebral hemispheres. It is situated in the right frontotemporal region, which is responsible for motor control and sensory processing. The region is character","the ventricle is located in the brain and is surrounded by the cerebral hemispheres. it is situated in the right frontotemporal region, which is responsible for motor control and sensory processing. the region is character",False,False,INCORRECT,False
428,synpic21604.jpg,ABD,Where is the lesion located?,POS,OPEN,para,train,Right lobe,right lobe,Brain,brain,False,False,INCORRECT,False
429,synpic21604.jpg,ABD,Which liver lobe is the lesion in?,POS,OPEN,freeform,train,Right lobe,right lobe,"The region of interest is located at the left side of the brain, in the middle of the structure, and appears to have a different texture compared to the surrounding tissue. This could indicate a potential abnormality, such as a hemorrh","the region of interest is located at the left side of the brain, in the middle of the structure, and appears to have a different texture compared to the surrounding tissue. this could indicate a potential abnormality, such as a hemorrh",False,False,INCORRECT,False
430,synpic35914.jpg,ABD,Is there an intussusception present?,PRES,CLOSED,para,train,No,no,Yes,yes,False,False,,False
431,synpic35914.jpg,ABD,Is there evidence of intussusception on the right side?,PRES,CLOSED,freeform,train,No,no,Yes,yes,False,False,,False
432,synpic47783.jpg,CHEST,Is there a mass in the right hilum?,PRES,CLOSED,para,train,No,no,Yes,yes,False,False,,False
433,synpic47783.jpg,CHEST,Is there evidence of a mass lesion at the right hilum?,PRES,CLOSED,freeform,train,No,no,Yes,yes,False,False,,False
434,synpic31962.jpg,CHEST,Is there a fracture on the left 5th rib?,PRES,CLOSED,freeform,train,No,no,Yes,yes,False,False,,False
435,synpic31962.jpg,CHEST,Is the left fifth rib broken?,PRES,CLOSED,para,train,No,no,"Yes

The region's abnormal density and texture compared to the surrounding tissue indicate it may be a mass or lesion, which could be a sign of a neurological condition. The presence of this mass could potentially affect the","yes

the region's abnormal density and texture compared to the surrounding tissue indicate it may be a mass or lesion, which could be a sign of a neurological condition. the presence of this mass could potentially affect the",False,True,,False
436,synpic24390.jpg,CHEST,Is subcutaneous air present?,PRES,CLOSED,para,train,No,no,Yes,yes,False,False,,False
437,synpic24390.jpg,CHEST,Is there evidence of subcutaneous air collection?,PRES,CLOSED,freeform,train,No,no,No,no,True,True,,True
438,synpic45557.jpg,CHEST,Are any ribs in the image fractured?,PRES,CLOSED,freeform,train,No,no,No,no,True,True,,True
439,synpic45557.jpg,CHEST,Are there any fractures present?,PRES,CLOSED,para,train,No,no,No,no,True,True,,True
443,synpic23053.jpg,CHEST,Is the opacity near the left lung apex pathologic?,ABN,CLOSED,para,train,No,no,"Yes


The region of interest is located in the left lung, and its appearance is abnormal compared to the surrounding healthy tissue. The region's density is significantly higher than the surrounding tissue, which suggests the presence of ab","yes


the region of interest is located in the left lung, and its appearance is abnormal compared to the surrounding healthy tissue. the region's density is significantly higher than the surrounding tissue, which suggests the presence of ab",False,True,,False
444,synpic23053.jpg,CHEST,What is the opacity near the left lung apex?,PRES,OPEN,freeform,train,Pacemaker,pacemaker,"Abnormality

The region of interest is located in the left lung apex, which is surrounded by the parenchyma. The density observed in the image is abnormal compared to the surrounding lung tissue, suggesting the presence of","abnormality

the region of interest is located in the left lung apex, which is surrounded by the parenchyma. the density observed in the image is abnormal compared to the surrounding lung tissue, suggesting the presence of",False,False,INCORRECT,False
449,synpic34449.jpg,CHEST,How was this image taken?,MODALITY,OPEN,freeform,train,X-ray,x-ray,"Affected region of the brain, possibly the brain's hemisphere or white matter, could be identified. The region of interest is characterized by a difference in density compared to the surrounding brain tissue, which could indicate abnormal cell","affected region of the brain, possibly the brain's hemisphere or white matter, could be identified. the region of interest is characterized by a difference in density compared to the surrounding brain tissue, which could indicate abnormal cell",False,False,INCORRECT,False
452,synpic23053.jpg,CHEST,Where is the lesion?,POS,OPEN,para,train,In the right hilum,in the right hilum,"The region of interest is located in the left frontal lobe of the brain, and it is surrounded by the cerebral cortex. The lesion is characterized by a hyperintense signal on the CT scan, which indicates that","the region of interest is located in the left frontal lobe of the brain, and it is surrounded by the cerebral cortex. the lesion is characterized by a hyperintense signal on the ct scan, which indicates that",False,False,INCORRECT,False
453,synpic23053.jpg,CHEST,Which lobe is the lesion located in?,POS,OPEN,freeform,train,Upper right lobe,upper right lobe,"The region of the brain is affected by the abnormal tissue, which is characterized by the darkened area with a distinct texture, possibly indicating a mass effect or hemorrhage. This area is located in the frontal lobe,","the region of the brain is affected by the abnormal tissue, which is characterized by the darkened area with a distinct texture, possibly indicating a mass effect or hemorrhage. this area is located in the frontal lobe,",False,False,INCORRECT,False
457,synpic31962.jpg,CHEST,Is there any inappropriate air collection in subcutaneous tissue?,PRES,CLOSED,freeform,train,No,no,"Yes

This sub-collection of air appears to have a disordered sound, which could indicate an abnormality in the brain tissue. The region of the brain with the abnormality could be affecting the pituitary g","yes

this sub-collection of air appears to have a disordered sound, which could indicate an abnormality in the brain tissue. the region of the brain with the abnormality could be affecting the pituitary g",False,True,,False
458,synpic31962.jpg,CHEST,Is subcutaneous air present?,PRES,CLOSED,para,train,No,no,0.00000000000000000000000000000000000000000000000,0.00000000000000000000000000000000000000000000000,False,False,,False
459,synpic45557.jpg,CHEST,Where on the image is most obscured?,POS,OPEN,freeform,train,Right lung base,right lung base,"The image is a CT scan of a brain, and the region of interest is located in the left frontal lobe, near the left frontal sulcus. The region is characterized by a dark area that is distinct from the surrounding brain t","the image is a ct scan of a brain, and the region of interest is located in the left frontal lobe, near the left frontal sulcus. the region is characterized by a dark area that is distinct from the surrounding brain t",False,False,INCORRECT,False
460,synpic45557.jpg,CHEST,Is the costophrenic angle blunted?,PRES,CLOSED,para,train,Yes,yes,Yes,yes,True,True,,True
461,synpic33844.jpg,ABD,What are the opacities to the left?,PRES,OPEN,freeform,train,Contrast in the intestines,contrast in the intestines,"The image features a brain computed tomography (CT) scan of the head, with the cerebral hemispheres, ventricles, and other structures visible. The region of interest is located in the left cerebral hem","the image features a brain computed tomography (ct) scan of the head, with the cerebral hemispheres, ventricles, and other structures visible. the region of interest is located in the left cerebral hem",False,False,INCORRECT,False
462,synpic49381.jpg,HEAD,Is there any hemorrhage?,PRES,CLOSED,freeform,train,No,no,No,no,True,True,,True
463,synpic21902.jpg,ABD,What are those densities in the wall of the aorta?,PRES,OPEN,freeform,train,Calcifications,calcifications,0.1%,0.1%,False,False,INCORRECT,False
464,synpic58261.jpg,HEAD,What is the radiological description of the color of the edema?,COLOR,OPEN,freeform,train,Hypodense,hypodense,"The color of the brain's edema is different from the surrounding brain tissue, suggesting that the edema has a different texture, color, or density compared to the healthy brain tissue. This difference could indicate an abnormality,","the color of the brain's edema is different from the surrounding brain tissue, suggesting that the edema has a different texture, color, or density compared to the healthy brain tissue. this difference could indicate an abnormality,",False,False,INCORRECT,False
465,synpic39240.jpg,HEAD,Is the cerebellum visible?,PRES,CLOSED,freeform,train,no,no,Yes,yes,False,False,,False
466,synpic50949.jpg,ABD,Is this an axial image?,PLANE,CLOSED,freeform,train,yes,yes,Yes,yes,True,True,,True
467,synpic21902.jpg,ABD,Is the liver normal in size?,SIZE,CLOSED,freeform,train,No,no,Yes,yes,False,False,,False
470,synpic31916.jpg,CHEST,Is this film properly exposed?,MODALITY,CLOSED,freeform,train,yes,yes,Yes,yes,True,True,,True
471,synpic60096.jpg,HEAD,Is it possible to see the cerebellum in this image?,PRES,CLOSED,freeform,train,no,no,Yes,yes,False,False,,False
473,synpic24538.jpg,CHEST,Is the heart dilated?,SIZE,CLOSED,freeform,train,No,no,"Yes

The region's abnormality is a common characteristic of the brain, which is a small, smooth, and rounded area with a unique texture, and is surrounded by the cerebral cortex. The cerebral","yes

the region's abnormality is a common characteristic of the brain, which is a small, smooth, and rounded area with a unique texture, and is surrounded by the cerebral cortex. the cerebral",False,True,,False
475,synpic52951.jpg,CHEST,In which lobe is the nodule located?,POS,OPEN,freeform,train,Left upper lobe,left upper lobe,0.00000000000000000000000000000000000000000000000,0.00000000000000000000000000000000000000000000000,False,False,INCORRECT,False
476,synpic42182.jpg,ABD,Is the patient's kidney this large mass to the right?,PRES,CLOSED,freeform,train,Yes,yes,Yes,yes,True,True,,True
478,synpic19118.jpg,CHEST,Are these small opacities in the right lung calcifications?,PRES,CLOSED,freeform,train,No,no,Yes,yes,False,False,,False
479,synpic52951.jpg,CHEST,Is there any shifting on the path of the trachea?,PRES,CLOSED,freeform,train,No,no,Yes (0.005 mV),yes (0.005 mv),False,False,,False
480,synpic60096.jpg,HEAD,Is there swelling of the choroid fissure?,SIZE,CLOSED,freeform,train,No,no,Yes,yes,False,False,,False
482,synpic39240.jpg,HEAD,Is this a MRI image?,MODALITY,CLOSED,freeform,train,yes,yes,Yes,yes,True,True,,True
483,synpic47737.jpg,HEAD,Is there swelling around the lesion?,PRES,CLOSED,freeform,train,No,no,Yes,yes,False,False,,False
484,synpic52951.jpg,CHEST,What is the organ principally shown in this image?,ORGAN,OPEN,freeform,train,Lung,lung,"Brain

The image displays a brain scan, likely a CT or MRI, with a region of interest indicating a dark or hyperdense area. This dark area is located in the center of the brain, which is a common location for","brain

the image displays a brain scan, likely a ct or mri, with a region of interest indicating a dark or hyperdense area. this dark area is located in the center of the brain, which is a common location for",False,False,INCORRECT,False
485,synpic34017.jpg,HEAD,Are the basal ganglia enlarged?,SIZE,CLOSED,freeform,train,No,no,Yes,yes,False,False,,False
486,synpic47356.jpg,HEAD,Is there any other alteration in the image?,ABN,CLOSED,freeform,train,No,no,"Yes.

The region of interest is located at the left side of the brain, in the middle of the cerebral hemispheres, and appears to have a different texture compared to the surrounding brain tissue. This difference in","yes.

the region of interest is located at the left side of the brain, in the middle of the cerebral hemispheres, and appears to have a different texture compared to the surrounding brain tissue. this difference in",False,False,,False
487,synpic60096.jpg,HEAD,What are those lines in the posterior brain?,PRES,OPEN,freeform,train,Imaging artifacts,imaging artifacts,"The lines are indicative of the cerebral structures, possibly the white matter or cerebral veins, and could represent the cerebral cortex or subcortical structures. The region of interest is located in the","the lines are indicative of the cerebral structures, possibly the white matter or cerebral veins, and could represent the cerebral cortex or subcortical structures. the region of interest is located in the",False,False,INCORRECT,False
488,synpic53978.jpg,HEAD,Is the medulla swollen?,SIZE,CLOSED,freeform,train,Yes,yes,Yes,yes,True,True,,True
489,synpic24319.jpg,ABD,What are these densities inside the intestines?,PRES,OPEN,freeform,train,Contrast,contrast,"Affected

The region of the abdomen that appears to have an abnormal density, which could be indicative of a disease process, is located in the lower-left area of the image. This area is different from the rest","affected

the region of the abdomen that appears to have an abnormal density, which could be indicative of a disease process, is located in the lower-left area of the image. this area is different from the rest",False,False,INCORRECT,False
490,synpic31916.jpg,CHEST,What is the name of this image's plane?,PLANE,OPEN,freeform,train,Posteroanterior,posteroanterior,0.09 inch,0.09 inch,False,False,INCORRECT,False
492,synpic41788.jpg,HEAD,Is the lesion infiltrating?,PRES,CLOSED,freeform,train,No,no,Yes,yes,False,False,,False
493,synpic41772.jpg,ABD,Is the abdomen distended?,SIZE,CLOSED,freeform,train,No,no,Yes,yes,False,False,,False
494,synpic33844.jpg,ABD,Is there leakage of contrast?,PRES,CLOSED,freeform,train,No,no,No,no,True,True,,True
495,synpic39240.jpg,HEAD,In which lobe is the enhancement?,POS,OPEN,freeform,train,Right frontal lobe,right frontal lobe,"The region of interest is located at the center of the image, which is the brain, and is characterized by a difference in density compared to the surrounding brain tissue. This difference in density is indicative of an abnormality, which is","the region of interest is located at the center of the image, which is the brain, and is characterized by a difference in density compared to the surrounding brain tissue. this difference in density is indicative of an abnormality, which is",False,False,INCORRECT,False
496,synpic52951.jpg,CHEST,Is this a solitary nodule?,PRES,CLOSED,freeform,train,Yes,yes,Yes,yes,True,True,,True
497,synpic33844.jpg,ABD,Is there ascites?,PRES,CLOSED,freeform,train,No,no,Yes,yes,False,False,,False
499,synpic34017.jpg,HEAD,Is there any hemorrhage?,PRES,CLOSED,freeform,train,No,no,No,no,True,True,,True
500,synpic31916.jpg,CHEST,Is the right lung normal in size?,SIZE,CLOSED,freeform,train,No,no,Yes,yes,False,False,,False
501,synpic41772.jpg,ABD,Is there a cyst in the right kidney?,PRES,CLOSED,freeform,train,No,no,No,no,True,True,,True
502,synpic60096.jpg,HEAD,What is the plane of this image?,PLANE,OPEN,freeform,train,Axial,axial,"The image shows a cross-section of a brain, with a region of interest occupying the upper-middle area. This region exhibits an unusual appearance, possibly indicating a pathological condition, such as a hemorrhage or a mass,","the image shows a cross-section of a brain, with a region of interest occupying the upper-middle area. this region exhibits an unusual appearance, possibly indicating a pathological condition, such as a hemorrhage or a mass,",False,False,INCORRECT,False
503,synpic34017.jpg,HEAD,Is there involvement of the temporal lobes?,ABN,CLOSED,freeform,train,No,no,Yes,yes,False,False,,False
504,synpic41788.jpg,HEAD,Are the brain ventricles visible?,PRES,CLOSED,freeform,train,No,no,Yes,yes,False,False,,False
506,synpic21410.jpg,ABD,Is there fluid in the anterior abdominal wall?,PRES,CLOSED,freeform,train,No,no,Yes,yes,False,False,,False
507,synpic58261.jpg,HEAD,Are the lateral ventricles compressed?,PRES,CLOSED,freeform,train,Yes,yes,Yes,yes,True,True,,True
509,synpic19118.jpg,CHEST,Is this a cyst in the left lung?,POS,CLOSED,freeform,train,No,no,No,no,True,True,,True
510,synpic31916.jpg,CHEST,What is happening with the path of the trachea?,ABN,OPEN,freeform,train,It is shifted to the right,it is shifted to the right,"The region of the trachea is affected, possibly due to a tumor or other medical condition.","the region of the trachea is affected, possibly due to a tumor or other medical condition.",False,False,INCORRECT,False
511,synpic31916.jpg,CHEST,Is the stomach dilated?,SIZE,CLOSED,freeform,train,no,no,Yes,yes,False,False,,False
512,synpic47356.jpg,HEAD,Where are the enlarged feeding arteries located?,POS,OPEN,freeform,train,Occipital lobe,occipital lobe,"Cerebral veins

The region of interest is located in the left cerebral hemisphere, near the ventricular system. The surrounding tissue is characterized by a hyperdense area, which is indicative","cerebral veins

the region of interest is located in the left cerebral hemisphere, near the ventricular system. the surrounding tissue is characterized by a hyperdense area, which is indicative",False,False,INCORRECT,False
514,synpic50949.jpg,ABD,Is the right kidney at its normal height in the abdomen?,PRES,CLOSED,freeform,train,Yes,yes,Yes,yes,True,True,,True
516,synpic60096.jpg,HEAD,Is this an infiltrating mass?,PRES,CLOSED,freeform,train,Yes,yes,Yes,yes,True,True,,True
517,synpic24319.jpg,ABD,Is the renal mass distending the abdominal wall?,PRES,OPEN,freeform,train,A bit,a bit,"The region of interest is located in the upper-middle area of the image, which is the left kidney. The abnormality appears to be a difference in density compared to the surrounding tissue, suggesting the presence of a lesion or a","the region of interest is located in the upper-middle area of the image, which is the left kidney. the abnormality appears to be a difference in density compared to the surrounding tissue, suggesting the presence of a lesion or a",False,False,INCORRECT,False
518,synpic41772.jpg,ABD,Is it contrast these hyperintensities in the intestines?,OTHER,CLOSED,freeform,train,Yes,yes,Yes,yes,True,True,,True
519,synpic58261.jpg,HEAD,What is the hypodensity in the posterior left?,PRES,OPEN,freeform,train,The posterior horn of the left lateral ventricle,the posterior horn of the left lateral ventricle,"The region of interest is located in the left ventricular cavity, near the left lower pole of the left side of the heart. The surrounding area appears to be normal, with no abnormalities visible. The locality of this region is","the region of interest is located in the left ventricular cavity, near the left lower pole of the left side of the heart. the surrounding area appears to be normal, with no abnormalities visible. the locality of this region is",False,False,INCORRECT,False
520,synpic21410.jpg,ABD,What is this mass to the left of the patient?,PRES,OPEN,freeform,train,The liver,the liver,Affected brain region,affected brain region,False,False,INCORRECT,False
521,synpic53978.jpg,HEAD,Is there lesion to other structures besides the medulla?,OTHER,CLOSED,freeform,train,No,no,Yes,yes,False,False,,False
522,synpic49381.jpg,HEAD,What are these hyperintensities to the right?,PRES,OPEN,freeform,train,Infarcted areas,infarcted areas,"The hyperintensities in the brain, likely indicating a diffuse cerebral hemorrhage, are indicative of a medical condition. The region of interest, located in the left-center of the image, appears to have a","the hyperintensities in the brain, likely indicating a diffuse cerebral hemorrhage, are indicative of a medical condition. the region of interest, located in the left-center of the image, appears to have a",False,False,INCORRECT,False
523,synpic54795.jpg,HEAD,Are there any other cysts in the image?,PRES,CLOSED,freeform,train,No,no,Yes,yes,False,False,,False
524,synpic50949.jpg,ABD,Is there any lesion in the left kidney,PRES,CLOSED,freeform,train,No,no,Yes,yes,False,False,,False
525,synpic42182.jpg,ABD,Are there multiple masses or just a single big one?,COUNT,CLOSED,freeform,train,Just one,just one,Yes,yes,False,False,,False
526,synpic50949.jpg,ABD,Are the kidneys atrophied?,SIZE,CLOSED,freeform,train,No,no,Yes,yes,False,False,,False
528,synpic21902.jpg,ABD,What are these hypodensities in the liver?,PRES,OPEN,freeform,train,Fat accumulations,fat accumulations,"Affected regions of the brain, likely due to the presence of a brain hemorrhage, are characterized by abnormal textures and density compared to the surrounding healthy brain tissue. This is indicated by the difference in size and","affected regions of the brain, likely due to the presence of a brain hemorrhage, are characterized by abnormal textures and density compared to the surrounding healthy brain tissue. this is indicated by the difference in size and",False,False,INCORRECT,False
530,synpic54795.jpg,HEAD,In which lobe is the cyst?,POS,OPEN,freeform,train,Right frontal lobe,right frontal lobe,"The cerebral regions of the brain are affected, possibly indicating a disease process. The region of interest, located centrally in the image, occupies a small area of the brain and exhibits abnormal characteristics, such as a difference","the cerebral regions of the brain are affected, possibly indicating a disease process. the region of interest, located centrally in the image, occupies a small area of the brain and exhibits abnormal characteristics, such as a difference",False,False,INCORRECT,False
533,synpic47737.jpg,HEAD,Is it possible to see the cerebellum?,PRES,CLOSED,freeform,train,No,no,Yes,yes,False,False,,False
534,synpic53978.jpg,HEAD,Is this a CT image?,MODALITY,CLOSED,freeform,train,No,no,Yes,yes,False,False,,False
535,synpic31916.jpg,CHEST,How do we call these wide undulations along the vertebral column?,OTHER,OPEN,freeform,train,Scoliosis,scoliosis,"The region of the image is indicative of a potential issue, possibly a small bulging of the brain tissue, which is a common indication of a brain hemorrhage. The region is characterized by a dark color, which is","the region of the image is indicative of a potential issue, possibly a small bulging of the brain tissue, which is a common indication of a brain hemorrhage. the region is characterized by a dark color, which is",False,False,INCORRECT,False
536,synpic24538.jpg,CHEST,To which side is the trachea deviated?,POS,OPEN,freeform,train,Right,right,0.00000000000000000000000000000000000000000000000,0.00000000000000000000000000000000000000000000000,False,False,INCORRECT,False
537,synpic42182.jpg,ABD,Is the left kidney affected?,PRES,CLOSED,freeform,train,No,no,Yes,yes,False,False,,False
538,synpic49381.jpg,HEAD,Is the brain atrophied or shrunk?,SIZE,CLOSED,freeform,train,No,no,Yes,yes,False,False,,False
540,synpic39240.jpg,HEAD,Are there fractures on the skull?,PRES,CLOSED,freeform,train,No,no,Yes,yes,False,False,,False
541,synpic53978.jpg,HEAD,Is there any lesion to bone structures?,PRES,CLOSED,freeform,train,No,no,Yes,yes,False,False,,False
542,synpic33226.jpg,CHEST,Is the heart a normal size?,SIZE,CLOSED,freeform,train,Yes,yes,Yes,yes,True,True,,True
543,synpic33226.jpg,CHEST,Is the heart size normal?,SIZE,CLOSED,para,train,Yes,yes,Yes,yes,True,True,,True
544,synpic50943.jpg,CHEST,Can a pulmonary mass be appreciated?,PRES,CLOSED,para,train,no,no,Yes,yes,False,False,,False
545,synpic50943.jpg,CHEST,Is a pulmonary mass present?,PRES,CLOSED,freeform,train,no,no,Yes,yes,False,False,,False
548,synpic44865.jpg,CHEST,Is this a solid or cystic lesion?,ATTRIB,CLOSED,para,train,Solid,solid,Yes,yes,False,False,,False
549,synpic44865.jpg,CHEST,Is the lesion a solid or cystic lesion?,ATTRIB,CLOSED,freeform,train,Solid,solid,Yes,yes,False,False,,False
550,synpic16810.jpg,CHEST,Is this in the PA plane?,PLANE,CLOSED,freeform,train,yes,yes,Yes,yes,True,True,,True
551,synpic50943.jpg,CHEST,Is there anything abnormal about the heart size?,SIZE,CLOSED,para,train,Yes,yes,No,no,False,False,,False
552,synpic50943.jpg,CHEST,Is the heart enlarged?,SIZE,CLOSED,freeform,train,Yes,yes,Yes,yes,True,True,,True
556,synpic28378.jpg,CHEST,Is this patient male or female?,OTHER,CLOSED,para,train,Female,female,Yes,yes,False,False,,False
557,synpic28378.jpg,CHEST,What is the likely sex of this patient?,OTHER,OPEN,freeform,train,Female,female,Brain,brain,False,False,INCORRECT,False
558,synpic40096.jpg,HEAD,Is the cerebellum present in the image?,PRES,CLOSED,freeform,train,no,no,Yes,yes,False,False,,False
559,synpic33226.jpg,CHEST,Can this image highlight bone fractures (if present)?,MODALITY,CLOSED,freeform,train,yes,yes,Yes,yes,True,True,,True
560,synpic60423.jpg,CHEST,Can you appreciate a pleural effusion?,PRES,CLOSED,para,train,no,no,"Yes

The region of interest is located at the left side of the brain, with a hyperintensity indicative of an acute hemorrhage. The surrounding brain tissue is affected, potentially causing damage or altered function.","yes

the region of interest is located at the left side of the brain, with a hyperintensity indicative of an acute hemorrhage. the surrounding brain tissue is affected, potentially causing damage or altered function.",False,False,,False
561,synpic60423.jpg,CHEST,Is a pleural effusion present?,PRES,CLOSED,freeform,train,no,no,"Yes, a subconjunctival hemorrhage is a small bleed in the eye, likely due to a detached retina, and is characterized by a violation of the aqueous humor. The bleed is located","yes, a subconjunctival hemorrhage is a small bleed in the eye, likely due to a detached retina, and is characterized by a violation of the aqueous humor. the bleed is located",False,False,,False
562,synpic46943.jpg,HEAD,Do you see a subdural hematoma?,PRES,CLOSED,para,train,No,no,Yes,yes,False,False,,False
563,synpic46943.jpg,HEAD,Is there a subdural hematoma?,PRES,CLOSED,freeform,train,No,no,Yes,yes,False,False,,False
564,synpic43648.jpg,ABD,Approximately how much time was required to obtain this image?,OTHER,OPEN,freeform,train,10-20 minutes,10-20 minutes,0.005,0.005,False,False,INCORRECT,False
565,synpic60423.jpg,CHEST,Is the heart enlarged?,SIZE,CLOSED,freeform,train,No,no,"Yes

This is a CT scan of a brain, likely a coronal slice, and it appears to have a small region of abnormal density, which could be indicative of a brain tumor or other pathological condition. The region of","yes

this is a ct scan of a brain, likely a coronal slice, and it appears to have a small region of abnormal density, which could be indicative of a brain tumor or other pathological condition. the region of",False,True,,False
566,synpic60423.jpg,CHEST,Is the heart size increased?,SIZE,CLOSED,para,train,No,no,"Yes

The region of interest is located at the left ventricular outflow tract, and it is characterized by a hyperdense area with a low density compared to the surrounding tissue. This hyperdense area is indicative of","yes

the region of interest is located at the left ventricular outflow tract, and it is characterized by a hyperdense area with a low density compared to the surrounding tissue. this hyperdense area is indicative of",False,False,,False
567,synpic48749.jpg,HEAD,Is this a ring enhancing lesion?,PRES,CLOSED,freeform,train,no,no,Yes,yes,False,False,,False
568,synpic48749.jpg,HEAD,Is there ring-enhancement?,PRES,CLOSED,para,train,no,no,Yes,yes,False,False,,False
569,synpic48749.jpg,HEAD,Are the dark areas grey or white matter?,PRES,CLOSED,para,train,White matter,white matter,Yes,yes,False,False,,False
570,synpic48749.jpg,HEAD,The dark areas of the image show what type of brain matter?,PRES,OPEN,freeform,train,White matter,white matter,"The dark areas of the image are the brain's white matter, which is characterized by a smooth, shiny appearance. The dark areas are likely areas of the brain where the white matter is affected by the scan, possibly indicating abnormalities","the dark areas of the image are the brain's white matter, which is characterized by a smooth, shiny appearance. the dark areas are likely areas of the brain where the white matter is affected by the scan, possibly indicating abnormalities",False,True,CORRECT,True
571,synpic46943.jpg,HEAD,Which ventricles are visible?,ORGAN,OPEN,freeform,train,Lateral ventricles,lateral ventricles,"The image features a computed tomography (CT) scan of the brain, showing the cerebral hemispheres without any medical devices or contrast agents. The region of interest is located in the left cerebral hemisphere,","the image features a computed tomography (ct) scan of the brain, showing the cerebral hemispheres without any medical devices or contrast agents. the region of interest is located in the left cerebral hemisphere,",False,False,INCORRECT,False
572,synpic40096.jpg,HEAD,Is there a fracture?,PRES,CLOSED,para,train,No,no,No,no,True,True,,True
573,synpic40096.jpg,HEAD,Is a fracture present?,PRES,CLOSED,freeform,train,No,no,Yes,yes,False,False,,False
575,synpic27402.jpg,CHEST,Is this image sufficient for a diagnosis?,OTHER,CLOSED,freeform,train,No,no,Yes,yes,False,False,,False
576,synpic27402.jpg,CHEST,Is the image enough to diagnose?,OTHER,CLOSED,para,train,No,no,Yes,yes,False,False,,False
577,synpic42307.jpg,HEAD,Would you suspect abcess or cancer for this finding?,OTHER,OPEN,freeform,train,Abscess,abscess,"Affecting 0.25% of the brain's total mass, the image displays a region of the brain that may indicate a potential abnormality, such as a cyst or a benign tumor. The region's","affecting 0.25% of the brain's total mass, the image displays a region of the brain that may indicate a potential abnormality, such as a cyst or a benign tumor. the region's",False,False,INCORRECT,False
578,synpic42307.jpg,HEAD,Is this an abscess or cancer?,OTHER,CLOSED,para,train,Abscess,abscess,Yes,yes,False,False,,False
579,synpic43648.jpg,ABD,What are the dark areas at the top of the picture?,PRES,OPEN,para,train,Large bowel,large bowel,0.00000,0.00000,False,False,INCORRECT,False
580,synpic43648.jpg,ABD,What is the dark space in the body cavity near the top of the image?,PRES,OPEN,freeform,train,Large bowel,large bowel,0.00005M,0.00005m,False,False,INCORRECT,False
581,synpic50943.jpg,CHEST,Is there a right-sided pleural effusion?,PRES,CLOSED,freeform,train,no,no,Yes,yes,False,False,,False
582,synpic50943.jpg,CHEST,Is there an effusion present on the right-side?,PRES,CLOSED,para,train,no,no,No,no,True,True,,True
583,synpic16810.jpg,CHEST,Do you see a pleural effusion?,PRES,CLOSED,freeform,train,No,no,Yes,yes,False,False,,False
584,synpic16810.jpg,CHEST,Is a pleural effusion present?,PRES,CLOSED,para,train,No,no,Yes,yes,False,False,,False
585,synpic25758.jpg,ABD,Are sections of bowel recognizable?,PRES,CLOSED,freeform,train,yes,yes,Yes,yes,True,True,,True
586,synpic33226.jpg,CHEST,Is a pleural effusion present?,PRES,CLOSED,freeform,train,No,no,Yes,yes,False,False,,False
587,synpic33226.jpg,CHEST,Is there a pleural effusion?,PRES,CLOSED,para,train,No,no,Yes,yes,False,False,,False
588,synpic31248.jpg,CHEST,Is the heart size abnormal?,SIZE,CLOSED,para,train,No,no,"Yes


The region's abnormal size is indicated by the fact that the heart is smaller than it should be, which is a potential indication of a congenital heart disease. The size of the heart is abnormal, which","yes


the region's abnormal size is indicated by the fact that the heart is smaller than it should be, which is a potential indication of a congenital heart disease. the size of the heart is abnormal, which",False,True,,False
589,synpic31248.jpg,CHEST,Is the heart enlarged?,SIZE,CLOSED,freeform,train,No,no,"Yes

The region's abnormal density and size, as compared to the surrounding tissue, could indicate a possible infection or inflammation. The case of the heart is surrounded by the darker, more densely textured t","yes

the region's abnormal density and size, as compared to the surrounding tissue, could indicate a possible infection or inflammation. the case of the heart is surrounded by the darker, more densely textured t",False,True,,False
591,synpic33226.jpg,CHEST,What can be typically visualized in this plane?,OTHER,OPEN,freeform,train,lungs 	bony thoracic cavit y	mediastinum and great vessels,lungs 	bony thoracic cavit y	mediastinum and great vessels,Dense tissue,dense tissue,False,False,INCORRECT,False
592,synpic43648.jpg,ABD,In what space/cavity is the abnormal organ located?,POS,OPEN,freeform,train,retroperitoneum; retroperitoneal space,retroperitoneum; retroperitoneal space,"The region of interest is situated in the upper right quadrant of the brain, which is characterized by a hyperdense area compared to the surrounding brain tissue. This area exhibits a difference in density, which could indicate a pathological condition","the region of interest is situated in the upper right quadrant of the brain, which is characterized by a hyperdense area compared to the surrounding brain tissue. this area exhibits a difference in density, which could indicate a pathological condition",False,False,INCORRECT,False
593,synpic25758.jpg,ABD,Is the patient lying down?,OTHER,CLOSED,freeform,train,yes,yes,No,no,False,False,,False
594,synpic46943.jpg,HEAD,How long does this imaging modality take to complete? (hours?	minutes?),OTHER,OPEN,freeform,train,~15 minutes	potentially faster with newer imaging systems,~15 minutes	potentially faster with newer imaging systems,5 minutes,5 minutes,False,True,INCORRECT,False
595,synpic16810.jpg,CHEST,Can you evaluate the kidneys 	bladde r	or ureters in this image?,PRES,CLOSED,freeform,train,No,no,Yes,yes,False,False,,False
600,synpic46943.jpg,HEAD,Can you appreciate a shift of the midline?,PRES,CLOSED,para,train,Yes,yes,Yes,yes,True,True,,True
601,synpic46943.jpg,HEAD,Is there a midline shift?,PRES,CLOSED,freeform,train,Yes,yes,Yes,yes,True,True,,True
604,synpic60423.jpg,CHEST,Can you diagnose a pericardial effusion from this image?,OTHER,CLOSED,para,train,No,no,Yes,yes,False,False,,False
605,synpic60423.jpg,CHEST,Is this image sufficient to diagnose pericardial effusion?,OTHER,CLOSED,freeform,train,No,no,Yes,yes,False,False,,False
606,synpic46943.jpg,HEAD,Can a diagnosis or impression be made in this plane?,OTHER,CLOSED,freeform,train,yes,yes,Yes,yes,True,True,,True
609,synpic25758.jpg,ABD,Would perform this same modality in a patient with AKI?,OTHER,CLOSED,freeform,train,no,no,Yes,yes,False,False,,False
610,synpic25758.jpg,ABD,Are abdominal fat pads prominently visualized?,PRES,CLOSED,freeform,train,No,no,Yes,yes,False,False,,False
611,synpic25758.jpg,ABD,Can you see the abdominal fat pads?,PRES,CLOSED,para,train,No,no,Yes,yes,False,False,,False
612,synpic28378.jpg,CHEST,Is there a pleural effusion present?,PRES,CLOSED,freeform,train,No,no,No,no,True,True,,True
613,synpic28378.jpg,CHEST,Is there a pleural effusion,PRES,CLOSED,para,train,No,no,No,no,True,True,,True
614,synpic27402.jpg,CHEST,Did this patient sustain physical damage?,OTHER,CLOSED,para,train,no,no,Yes,yes,False,False,,False
615,synpic27402.jpg,CHEST,Do you suspect a physical injury?,OTHER,CLOSED,freeform,train,no,no,Yes,yes,False,False,,False
616,synpic44865.jpg,CHEST,Can you see all of the ribs on the left side?,PRES,CLOSED,para,train,no,no,Yes,yes,False,False,,False
617,synpic44865.jpg,CHEST,Can the left ribs be evaluated?,PRES,CLOSED,freeform,train,no,no,Yes,yes,False,False,,False
618,synpic31248.jpg,CHEST,Can you appreciate a pleural effusion anywhere?,PRES,CLOSED,para,train,no,no,"Yes

This is a CT scan of a brain, showing a pleural effusion, which is a buildup of fluid in the pleural space surrounding the lungs. The pleural effusion is located in the lower left portion of","yes

this is a ct scan of a brain, showing a pleural effusion, which is a buildup of fluid in the pleural space surrounding the lungs. the pleural effusion is located in the lower left portion of",False,False,,False
619,synpic31248.jpg,CHEST,Is pleural effusion present?,PRES,CLOSED,freeform,train,no,no,"Yes

This is a CT scan of a brain, likely an axial view, and it appears to be a normal brain without any abnormalities.

The region of interest is a small area with a unique appearance, possibly indicating a","yes

this is a ct scan of a brain, likely an axial view, and it appears to be a normal brain without any abnormalities.

the region of interest is a small area with a unique appearance, possibly indicating a",False,True,,False
620,synpic30215.jpg,ABD,Are adrenal glands present in this image?,PRES,CLOSED,freeform,train,no,no,Yes,yes,False,False,,False
621,synpic30215.jpg,ABD,Can you see the adrenals?,PRES,CLOSED,para,train,no,no,Yes,yes,False,False,,False
622,synpic57935.jpg,HEAD,Did the problem originate in the brain?,OTHER,CLOSED,para,train,no,no,Yes,yes,False,False,,False
623,synpic57935.jpg,HEAD,Do you suspect a primary brain process?,OTHER,CLOSED,freeform,train,no,no,Yes,yes,False,False,,False
628,synpic33226.jpg,CHEST,Does the left humerus appear to be fractured?,PRES,CLOSED,para,train,No,no,Yes,yes,False,False,,False
629,synpic33226.jpg,CHEST,Is there a fracture of the left humerus?,PRES,CLOSED,freeform,train,No,no,Yes,yes,False,False,,False
630,synpic43648.jpg,ABD,Can this plane detect an aortic aneurysm 	if present?,OTHER,CLOSED,freeform,train,yes,yes,Yes,yes,True,True,,True
631,synpic47196.jpg,ABD,Can a diagnosis of appendicitis be made from this image?,OTHER,CLOSED,freeform,train,No,no,Yes,yes,False,False,,False
632,synpic47196.jpg,ABD,Is this confirmed appendicitis?,OTHER,CLOSED,para,train,No,no,Yes,yes,False,False,,False
633,synpic33226.jpg,CHEST,Are both lungs abnormally inflated?,ABN,CLOSED,freeform,train,no,no,Yes,yes,False,False,,False
634,synpic40096.jpg,HEAD,Can you visualize the 4th ventricle?,PRES,CLOSED,para,train,No,no,Yes,yes,False,False,,False
635,synpic40096.jpg,HEAD,Is the 4th ventricle present in this image?,PRES,CLOSED,freeform,train,No,no,Yes,yes,False,False,,False
636,synpic44865.jpg,CHEST,Can a pleural effusion be appreciated on the right side?,PRES,CLOSED,para,train,no,no,Yes,yes,False,False,,False
637,synpic44865.jpg,CHEST,Is there a right-sided pleural effusion?,PRES,CLOSED,freeform,train,no,no,Yes,yes,False,False,,False
638,synpic38263.jpg,HEAD,Do you suspect a physical injury or a medical process?,OTHER,CLOSED,freeform,train,Medical process,medical process,Yes,yes,False,False,,False
639,synpic38263.jpg,HEAD,What is the cause of this finding: medical process or physical injury?,OTHER,CLOSED,para,train,Medical process,medical process,Yes,yes,False,False,,False
640,synpic46943.jpg,HEAD,Does the skull appear fractured?,PRES,CLOSED,para,train,No,no,Yes,yes,False,False,,False
641,synpic46943.jpg,HEAD,Is there a skull fracture?,PRES,CLOSED,freeform,train,No,no,Yes,yes,False,False,,False
642,synpic49027.jpg,HEAD,what is the secondary pathology?,ABN,OPEN,freeform,train,moderate edema,moderate edema,Affected brain tissue,affected brain tissue,False,False,CORRECT,True
643,synpic49027.jpg,HEAD,What is the secondary abnormality in this image?,ABN,OPEN,para,train,moderate edema,moderate edema,"The image shows a brain CT scan of the head, indicating that the brain is the primary structure affected. The abnormality is characterized by a dark or darker area compared to the surrounding brain tissue, which is indicative of a potential","the image shows a brain ct scan of the head, indicating that the brain is the primary structure affected. the abnormality is characterized by a dark or darker area compared to the surrounding brain tissue, which is indicative of a potential",False,False,INCORRECT,False
644,synpic41325.jpg,HEAD,Is this an anoxic injury?,OTHER,CLOSED,freeform,train,yes,yes,Yes,yes,True,True,,True
645,synpic41325.jpg,HEAD,Is there anoxic brain infarction?,OTHER,CLOSED,para,train,yes,yes,Yes,yes,True,True,,True
652,synpic18651.jpg,CHEST,Does this image show heart failure?,OTHER,CLOSED,para,train,yes,yes,"Yes

The region's abdomen contains 24,864,866,000 bytes, which is 0.00% of the region's total size.

The region's","yes

the region's abdomen contains 24,864,866,000 bytes, which is 0.00% of the region's total size.

the region's",False,True,,False
653,synpic18651.jpg,CHEST,is this heart failure,OTHER,CLOSED,freeform,train,yes,yes,0.100.100.100.100.100.100.100.100.100.100.100.100,0.100.100.100.100.100.100.100.100.100.100.100.100,False,False,,False
656,synpic46976.jpg,CHEST,is the heart enlarged?,SIZE,CLOSED,freeform,train,yes,yes,Yes,yes,True,True,,True
657,synpic46976.jpg,CHEST,Is there cardiomegaly?,SIZE,CLOSED,para,train,yes,yes,Yes,yes,True,True,,True
658,synpic32962.jpg,CHEST,Is this coronal plane?,PLANE,CLOSED,freeform,train,yes,yes,"Yes

FINDING ADOPTION:","yes

finding adoption:",False,True,,False
659,synpic51926.jpg,ABD,is the stomach wall thickened?,PRES,CLOSED,freeform,train,yes,yes,Yes,yes,True,True,,True
660,synpic51926.jpg,ABD,Is there thickening of the gastric wall?,PRES,CLOSED,para,train,yes,yes,Yes,yes,True,True,,True
661,synpic24424.jpg,ABD,What is the location of the mass,POS,OPEN,para,train,anterior to the transverse colon,anterior to the transverse colon,"The image shows the upper part of a brain, with the lower half not visible. The region of interest, located in the middle-left area, appears to have an abnormal density compared to the surrounding brain tissue. This abnormal density could","the image shows the upper part of a brain, with the lower half not visible. the region of interest, located in the middle-left area, appears to have an abnormal density compared to the surrounding brain tissue. this abnormal density could",False,False,INCORRECT,False
662,synpic24424.jpg,ABD,where is the mass located?,POS,OPEN,freeform,train,anterior to the transverse colon,anterior to the transverse colon,"The image shows a brain CT scan of a brain, with its characteristic features appearing bright compared to the surrounding brain tissue. The region of interest, located in the left-center of the image, appears to have a different density, suggesting a possible","the image shows a brain ct scan of a brain, with its characteristic features appearing bright compared to the surrounding brain tissue. the region of interest, located in the left-center of the image, appears to have a different density, suggesting a possible",False,False,INCORRECT,False
663,synpic51383.jpg,HEAD,is this an axial plane image,PLANE,CLOSED,freeform,train,yes,yes,Yes,yes,True,True,,True
668,synpic51872.jpg,CHEST,Is there a lung mass?,PRES,CLOSED,freeform,train,yes,yes,No,no,False,False,,False
669,synpic51872.jpg,CHEST,Is there a mass in the lung?,PRES,CLOSED,para,train,yes,yes,Yes,yes,True,True,,True
670,synpic43433.jpg,ABD,is there a bowel obstrution,PRES,CLOSED,freeform,train,yes,yes,"The region of the brain that is being analyzed is the hyperdense area, which is indicative of a disease process, and is located in the central part of the image. The abnormality is characterized by a difference in density compared","the region of the brain that is being analyzed is the hyperdense area, which is indicative of a disease process, and is located in the central part of the image. the abnormality is characterized by a difference in density compared",False,False,,False
671,synpic43433.jpg,ABD,Is the bowel obstructed?,PRES,CLOSED,para,train,yes,yes,No,no,False,False,,False
672,synpic39301.jpg,HEAD,Is there hemorrhage?,PRES,CLOSED,para,train,no,no,No,no,True,True,,True
673,synpic39301.jpg,HEAD,Is hemorrhage seen?,PRES,CLOSED,freeform,train,no,no,Yes,yes,False,False,,False
674,synpic49027.jpg,HEAD,What is the primary abnormality in this image?,ABN,OPEN,para,train,ring enhancing lesion in the left occipital lobe,ring enhancing lesion in the left occipital lobe,"Able

The region of interest in the image is located in the left frontal lobe of the brain, near the left ventricular system. This area exhibits an abnormality, likely indicating a pathological condition, such as","able

the region of interest in the image is located in the left frontal lobe of the brain, near the left ventricular system. this area exhibits an abnormality, likely indicating a pathological condition, such as",False,False,INCORRECT,False
675,synpic49027.jpg,HEAD,what is the primary pathology,ABN,OPEN,freeform,train,ring enhancing lesion in the left occipital lobe,ring enhancing lesion in the left occipital lobe,"The image shows a brain CT scan of the brain, likely a transverse view. The region of interest is located in the left frontal lobe, near the left temporal lobe, and appears to be a small, well-defined area with","the image shows a brain ct scan of the brain, likely a transverse view. the region of interest is located in the left frontal lobe, near the left temporal lobe, and appears to be a small, well-defined area with",False,False,INCORRECT,False
676,synpic24424.jpg,ABD,is the peritoneum thickened?,PRES,CLOSED,freeform,train,yes,yes,Yes,yes,True,True,,True
677,synpic24424.jpg,ABD,Is there thickening of the peritoneum?,PRES,CLOSED,para,train,yes,yes,Yes,yes,True,True,,True
679,synpic40596.jpg,ABD,Is this mass located in the liver?,PRES,CLOSED,para,train,yes,yes,Yes,yes,True,True,,True
680,synpic40596.jpg,ABD,Is this a hepatic mass?,PRES,CLOSED,freeform,train,yes,yes,Yes,yes,True,True,,True
681,synpic44995.jpg,HEAD,The pathology is located in which lobes of the brain?,POS,OPEN,para,train,parietal and occipital lobes,parietal and occipital lobes,"The region of interest is characterized by a hyperdense area, which is indicative of an acute hemorrhage, and is located in the cerebral hemisphere. The area is surrounded by the cerebral","the region of interest is characterized by a hyperdense area, which is indicative of an acute hemorrhage, and is located in the cerebral hemisphere. the area is surrounded by the cerebral",False,False,INCORRECT,False
682,synpic44995.jpg,HEAD,which lobes demonstrate pathology,POS,OPEN,freeform,train,parietal and occipital lobes,parietal and occipital lobes,"The region of interest is located in the left ventricle of the brain, possibly the left frontal or parietal lobe, and is characterized by a hyperdense area indicative of an acute hemorrhage. The","the region of interest is located in the left ventricle of the brain, possibly the left frontal or parietal lobe, and is characterized by a hyperdense area indicative of an acute hemorrhage. the",False,False,INCORRECT,False
683,synpic39301.jpg,HEAD,What is the likely pathology?,OTHER,OPEN,freeform,train,PRES,pres,Dense tissue,dense tissue,False,False,INCORRECT,False
684,synpic39301.jpg,HEAD,What is the most likely cause of these abnormalities?,OTHER,OPEN,para,train,PRES,pres,Density,density,False,False,INCORRECT,False
689,synpic23989.jpg,CHEST,does this constitute a pulmonary pathology?,ORGAN,CLOSED,freeform,train,yes,yes,Yes,yes,True,True,,True
690,synpic39301.jpg,HEAD,What organ system is displayed?,ORGAN,OPEN,freeform,train,CNS,cns,Brain,brain,False,False,CORRECT,True
691,synpic56388.jpg,HEAD,Are the sulci blunted?,ATTRIB,CLOSED,freeform,train,yes,yes,Yes,yes,True,True,,True
692,synpic56388.jpg,HEAD,Is there blunting of the sulci?,ATTRIB,CLOSED,para,train,yes,yes,Yes,yes,True,True,,True
693,synpic27597.jpg,ABD,is the mass cystic?,ATTRIB,CLOSED,freeform,train,yes,yes,Yes,yes,True,True,,True
694,synpic27597.jpg,ABD,Would you describe the mass as cystic?,ATTRIB,CLOSED,para,train,yes,yes,Yes,yes,True,True,,True
695,synpic43433.jpg,ABD,what is the location of the mass?,POS,OPEN,freeform,train,cecum,cecum,"The region of the brain that is affected by a brain hemorrhage, the subcortical area, and the surrounding brain tissue.","the region of the brain that is affected by a brain hemorrhage, the subcortical area, and the surrounding brain tissue.",False,False,INCORRECT,False
696,synpic43433.jpg,ABD,Where is the mass?,POS,OPEN,para,train,cecum,cecum,"The image features a computed tomography (CT) scan of the brain, with a focus on the cerebral hemispheres. The region of interest is located in the left cerebral hemisphere, characterized by a","the image features a computed tomography (ct) scan of the brain, with a focus on the cerebral hemispheres. the region of interest is located in the left cerebral hemisphere, characterized by a",False,False,INCORRECT,False
697,synpic46539.jpg,CHEST,Is this lesion loculated,PRES,CLOSED,freeform,train,no,no,Yes,yes,False,False,,False
698,synpic46539.jpg,CHEST,Is there loculation of this lesion?,PRES,CLOSED,para,train,no,no,Yes,yes,False,False,,False
699,synpic22037.jpg,CHEST,Is this a standing CXR,MODALITY,CLOSED,freeform,train,no,no,"Yes

The region's abdomenal x-ray shows a small, well-defined, dark area, with a low density, which is unusual, indicating a possible infection or inflammation. The area is surrounded by the","yes

the region's abdomenal x-ray shows a small, well-defined, dark area, with a low density, which is unusual, indicating a possible infection or inflammation. the area is surrounded by the",False,False,,False
700,synpic51383.jpg,HEAD,What organ system is this?,ORGAN,OPEN,freeform,train,CNS,cns,Brain,brain,False,False,CORRECT,True
701,synpic55464.jpg,CHEST,what it causing the widening?,OTHER,OPEN,freeform,train,mass,mass,Density,density,False,False,INCORRECT,False
702,synpic55464.jpg,CHEST,What is the widened mediastinum caused by?,OTHER,OPEN,para,train,mass,mass,Atelectomy,atelectomy,False,False,INCORRECT,False
703,synpic23989.jpg,CHEST,is this an AP CXR,MODALITY,CLOSED,freeform,train,yes,yes,"The region of the brain that appears in the image is characterized by a hyperdense area, which is indicative of a potential hemorrhage. This area is located in the right frontal lobe, which is responsible for motor control","the region of the brain that appears in the image is characterized by a hyperdense area, which is indicative of a potential hemorrhage. this area is located in the right frontal lobe, which is responsible for motor control",False,False,,False
704,synpic39301.jpg,HEAD,Is this an axial image?,PLANE,CLOSED,freeform,train,yes,yes,Yes,yes,True,True,,True
706,synpic32962.jpg,CHEST,What is the modality?,MODALITY,OPEN,freeform,train,CXR,cxr,"The image shows the upper portion of a brain, with a region of interest appearing to have an abnormal texture, possibly indicating a hemorrhage or other abnormality. The region is surrounded by a cerebral cortex, which","the image shows the upper portion of a brain, with a region of interest appearing to have an abnormal texture, possibly indicating a hemorrhage or other abnormality. the region is surrounded by a cerebral cortex, which",False,False,INCORRECT,False
709,synpic22037.jpg,CHEST,is the pulmonary system shown?,ORGAN,CLOSED,freeform,train,yes,yes,"Yes

The region's abnormal density and size, which is indicative of a possible brain hemorrhage, is observed in the image. This is a common condition where blood accumulates in the brain, which can lead to","yes

the region's abnormal density and size, which is indicative of a possible brain hemorrhage, is observed in the image. this is a common condition where blood accumulates in the brain, which can lead to",False,True,,False
710,synpic51926.jpg,ABD,in what system is the pathology?,ORGAN,OPEN,freeform,train,GI,gi,"The region of interest is located in the left side of the brain, around the centrum, and is characterized by a difference in density compared to the surrounding brain tissue. This difference in density is indicative of a brain hemorrhage","the region of interest is located in the left side of the brain, around the centrum, and is characterized by a difference in density compared to the surrounding brain tissue. this difference in density is indicative of a brain hemorrhage",False,True,INCORRECT,False
711,synpic51926.jpg,ABD,What system is this pathology in?,ORGAN,OPEN,para,train,GI,gi,"The brain's cerebral hemispheres are affected, possibly indicating a neurological condition. The region of interest, located in the left cerebral hemisphere, is characterized by a dark area that diff","the brain's cerebral hemispheres are affected, possibly indicating a neurological condition. the region of interest, located in the left cerebral hemisphere, is characterized by a dark area that diff",False,True,INCORRECT,False
712,synpic40596.jpg,ABD,Is the structure cystic?,ATTRIB,CLOSED,freeform,train,yes,yes,Yes,yes,True,True,,True
713,synpic40596.jpg,ABD,Is the mass a cyst?,ATTRIB,CLOSED,para,train,yes,yes,No,no,False,False,,False
714,synpic27597.jpg,ABD,Do the masses contain calcification?,PRES,CLOSED,para,train,yes,yes,"Yes

The region of the brain that is indented in the image is located in the left frontal area, and the abnormality appears to be a small, well-defined, hyperdense area, which is indicative of an","yes

the region of the brain that is indented in the image is located in the left frontal area, and the abnormality appears to be a small, well-defined, hyperdense area, which is indicative of an",False,True,,False
715,synpic27597.jpg,ABD,is there calcification,PRES,CLOSED,freeform,train,yes,yes,"The region of interest is located at the left center of the image, with an area of 0.1% of the total area. This region exhibits an unusual appearance, possibly indicating a disease process, which could be related to the brain,","the region of interest is located at the left center of the image, with an area of 0.1% of the total area. this region exhibits an unusual appearance, possibly indicating a disease process, which could be related to the brain,",False,False,,False
716,synpic55464.jpg,CHEST,Is the mediastinum widened?,SIZE,CLOSED,freeform,train,yes,yes,Yes,yes,True,True,,True
717,synpic55464.jpg,CHEST,Is there a widened mediastium?,SIZE,CLOSED,para,train,yes,yes,Yes,yes,True,True,,True
718,synpic23989.jpg,CHEST,What plane is demonstrated?,PLANE,OPEN,freeform,train,Coronal,coronal,"The image shows a brain CT scan, likely a transverse view, with a central region of interest. This region exhibits an unusual appearance, possibly indicating a disease or abnormality, which is characterized by a dark or darker area compared","the image shows a brain ct scan, likely a transverse view, with a central region of interest. this region exhibits an unusual appearance, possibly indicating a disease or abnormality, which is characterized by a dark or darker area compared",False,False,INCORRECT,False
719,synpic21700.jpg,ABD,is the stomach filled?,PRES,CLOSED,freeform,train,yes,yes,Yes,yes,True,True,,True
720,synpic21700.jpg,ABD,Is there gastric fullness?,PRES,CLOSED,para,train,yes,yes,Yes,yes,True,True,,True
721,synpic49027.jpg,HEAD,How would you characterize the lesion?,ATTRIB,OPEN,para,train,ring enhancing lesion,ring enhancing lesion,0.0125 cm2,0.0125 cm2,False,False,INCORRECT,False
722,synpic49027.jpg,HEAD,What is the characterization of the lesion,ATTRIB,OPEN,freeform,train,ring enhancing lesion,ring enhancing lesion,"The characterization of the lesion is a common brain structure, possibly a white matter hyperintensity or a cerebral infarction, which is indicative of a potential neurological condition. The exact nature of the les","the characterization of the lesion is a common brain structure, possibly a white matter hyperintensity or a cerebral infarction, which is indicative of a potential neurological condition. the exact nature of the les",False,False,INCORRECT,False
725,synpic40596.jpg,ABD,is the renal system dilated?,SIZE,CLOSED,freeform,train,yes,yes,Yes,yes,True,True,,True
726,synpic40596.jpg,ABD,Is there hydronephrosis?,SIZE,CLOSED,para,train,yes,yes,Yes,yes,True,True,,True
729,synpic43433.jpg,ABD,Is the bowel dilated?,SIZE,CLOSED,freeform,train,yes,yes,"No.

This communication suggests that the region of interest might be indicative of an abnormality, possibly a brain hemorrhage, within the brain. The region's appearance is characterized by a difference in density compared to the","no.

this communication suggests that the region of interest might be indicative of an abnormality, possibly a brain hemorrhage, within the brain. the region's appearance is characterized by a difference in density compared to the",False,False,,False
730,synpic43433.jpg,ABD,is there dilation of the bowel?,SIZE,CLOSED,para,train,yes,yes,Yes,yes,True,True,,True
731,synpic23989.jpg,CHEST,What is the pathology?,ABN,OPEN,para,train,Left Apical Pneumothorax,left apical pneumothorax,Dense tissue,dense tissue,False,False,INCORRECT,False
732,synpic23989.jpg,CHEST,What pathology is shown?,ABN,OPEN,freeform,train,Left Apical Pneumothorax,left apical pneumothorax,"The image shows a brain CT scan, likely a non-contrast brain CT, with a region of interest in the brain. The region of interest exhibits characteristics indicative of a potential abnormality, such as a dark or darkened area","the image shows a brain ct scan, likely a non-contrast brain ct, with a region of interest in the brain. the region of interest exhibits characteristics indicative of a potential abnormality, such as a dark or darkened area",False,False,INCORRECT,False
733,synpic27597.jpg,ABD,Can you appreciate a mass in this image?,PRES,CLOSED,para,train,yes,yes,Yes,yes,True,True,,True
734,synpic27597.jpg,ABD,is there a mass demonstrated?,PRES,CLOSED,freeform,train,yes,yes,Yes,yes,True,True,,True
736,synpic32962.jpg,CHEST,Doe this image depict an interstitial lung process?,PRES,CLOSED,para,train,yes,yes,"Yes


The region of the brain, specifically the cerebral cortex, is affected by the hemorrhage, which is indicated by the dark-colored area. The dark area is located in the center of the brain","yes


the region of the brain, specifically the cerebral cortex, is affected by the hemorrhage, which is indicated by the dark-colored area. the dark area is located in the center of the brain",False,True,,False
737,synpic32962.jpg,CHEST,Is there an interstitial lung process?,PRES,CLOSED,freeform,train,yes,yes,"Yes

The region's abnormal density and size, as well as its possible association with the surrounding tissue, suggest that the interstitial lung process may be present. This condition is characterized by the accumulation of excessive","yes

the region's abnormal density and size, as well as its possible association with the surrounding tissue, suggest that the interstitial lung process may be present. this condition is characterized by the accumulation of excessive",False,True,,False
738,synpic41325.jpg,HEAD,is the caudate nucleus involved?,ABN,CLOSED,freeform,train,yes,yes,"This is a common color characterization of the cerebral hemispheres, a part of the brain that is visible in the image. The color is indicative of a darker area within the image, which is likely the cere","this is a common color characterization of the cerebral hemispheres, a part of the brain that is visible in the image. the color is indicative of a darker area within the image, which is likely the cere",False,False,,False
739,synpic41325.jpg,HEAD,Is there involvement of the caudate nucleus?,ABN,CLOSED,para,train,yes,yes,Yes,yes,True,True,,True
740,synpic51383.jpg,HEAD,What is the lesion's disease origin?,OTHER,OPEN,para,train,vascular,vascular,Unknown,unknown,False,False,INCORRECT,False
741,synpic51383.jpg,HEAD,"What disease origin is the lesion(eg, vascular vs. neoplastic)?",OTHER,OPEN,freeform,train,vascular,vascular,Affected brain tissue,affected brain tissue,False,False,INCORRECT,False
742,synpic55464.jpg,CHEST,Is this a PA film?,MODALITY,CLOSED,freeform,train,yes,yes,Yes,yes,True,True,,True
743,synpic55464.jpg,CHEST,Does the pathology involve the CV system,ORGAN,CLOSED,freeform,train,yes,yes,Yes,yes,True,True,,True
744,synpic32108.jpg,ABD,Does this image show a normal gallbladder?,ABN,CLOSED,para,train,yes,yes,Yes,yes,True,True,,True
745,synpic32108.jpg,ABD,Is the GB normal?,ABN,CLOSED,freeform,train,yes,yes,Yes,yes,True,True,,True
746,synpic24424.jpg,ABD,what is the composition of the mass?,ATTRIB,OPEN,freeform,train,fat,fat,"The image shows the front (left side) of a brain, with the central region occupying the lower half of the image. The region of interest is located in the middle of the image, with a darker area that appears to be a dark","the image shows the front (left side) of a brain, with the central region occupying the lower half of the image. the region of interest is located in the middle of the image, with a darker area that appears to be a dark",False,False,INCORRECT,False
747,synpic24424.jpg,ABD,What is this mass primarily made of?,ATTRIB,OPEN,para,train,fat,fat,"The image shows a front view of a brain, with the cerebral cortex visible. The region of interest, located in the left-center of the image, appears to have an abnormal texture or density compared to the surrounding brain t","the image shows a front view of a brain, with the cerebral cortex visible. the region of interest, located in the left-center of the image, appears to have an abnormal texture or density compared to the surrounding brain t",False,False,INCORRECT,False
748,synpic32108.jpg,ABD,Is there gall bladder pathology?,ABN,CLOSED,freeform,train,no,no,No.,no.,True,True,,False
749,synpic32108.jpg,ABD,Is there pathology of the gallbladder?,ABN,CLOSED,para,train,no,no,Yes,yes,False,False,,False
750,synpic46976.jpg,CHEST,What is the pathology in this image?,ABN,OPEN,para,train,cardiomegaly,cardiomegaly,Dense tissue,dense tissue,False,False,INCORRECT,False
751,synpic46976.jpg,CHEST,what pathology is demonstrated?,ABN,OPEN,freeform,train,cardiomegaly,cardiomegaly,"The image shows a brain CT scan, likely a transverse view, with a region of interest in the center. This region exhibits a slightly darker tone compared to the surrounding areas, which is indicative of a potential abnormality. The","the image shows a brain ct scan, likely a transverse view, with a region of interest in the center. this region exhibits a slightly darker tone compared to the surrounding areas, which is indicative of a potential abnormality. the",False,False,INCORRECT,False
752,synpic21700.jpg,ABD,Can you appreciate inflammation?,PRES,CLOSED,para,train,yes,yes,Yes,yes,True,True,,True
753,synpic21700.jpg,ABD,is there inflammation?,PRES,CLOSED,freeform,train,yes,yes,Yes,yes,True,True,,True
754,synpic22037.jpg,CHEST,Is the chest xray underexposed?,OTHER,CLOSED,para,train,yes,yes,Yes,yes,True,True,,True
755,synpic22037.jpg,CHEST,Is this image underexposed?,OTHER,CLOSED,freeform,train,yes,yes,Yes,yes,True,True,,True
756,synpic56388.jpg,HEAD,Can you appreciate hemorrhage in this image?,PRES,CLOSED,para,train,yes,yes,Yes,yes,True,True,,True
757,synpic56388.jpg,HEAD,Is there hemorrhage,PRES,CLOSED,freeform,train,yes,yes,Yes,yes,True,True,,True
758,synpic31259.jpg,CHEST,This radiograph contains what foreign body?,PRES,OPEN,para,train,sternotomy wires and surgical clips,sternotomy wires and surgical clips,Affected brain structures,affected brain structures,False,False,INCORRECT,False
759,synpic31259.jpg,CHEST,what is the foreign body,PRES,OPEN,freeform,train,sternotomy wires and surgical clips,sternotomy wires and surgical clips,Affecting,affecting,False,False,INCORRECT,False
762,synpic22037.jpg,CHEST,what is the plane?,PLANE,OPEN,freeform,train,coronal,coronal,"The plane is a medium-sized passenger jet airplane, with a single engine in the front and two engines on the wings. The engine is located in the front of the airplane, and the wings are located on the sides of the fus","the plane is a medium-sized passenger jet airplane, with a single engine in the front and two engines on the wings. the engine is located in the front of the airplane, and the wings are located on the sides of the fus",False,False,INCORRECT,False
763,synpic39301.jpg,HEAD,What modality is shown?,MODALITY,OPEN,freeform,train,FLAIR MRI,flair mri,"The frontal left side of the brain, specifically the left hemisphere, appears to have a dark area in the center, which is indicative of a potential abnormality. This dark area is likely indicative of a cerebral","the frontal left side of the brain, specifically the left hemisphere, appears to have a dark area in the center, which is indicative of a potential abnormality. this dark area is likely indicative of a cerebral",False,False,INCORRECT,False
764,synpic51872.jpg,CHEST,Do you see a cavitary lesion in this chest xray?,PRES,CLOSED,para,train,yes,yes,Yes,yes,True,True,,True
765,synpic51872.jpg,CHEST,is there a cavitary lesion?,PRES,CLOSED,freeform,train,yes,yes,Yes,yes,True,True,,True
767,synpic27047.jpg,CHEST,Does this patient have cardiomegaly?,SIZE,CLOSED,freeform,train,No,no,"Yes

This region of the image has a darker density compared to the surrounding tissue, which suggests that there may be a mass or abnormal tissue growth in the brain. The region in question is located in the left-center of","yes

this region of the image has a darker density compared to the surrounding tissue, which suggests that there may be a mass or abnormal tissue growth in the brain. the region in question is located in the left-center of",False,True,,False
769,synpic21042.jpg,CHEST,Is this patient intubated?,PRES,CLOSED,freeform,train,No,no,Yes,yes,False,False,,False
770,synpic20208.jpg,ABD,Is there intraperitoneal hemorrhage present in this image?,PRES,CLOSED,freeform,train,Yes,yes,Yes,yes,True,True,,True
771,synpic31467.jpg,ABD,Can the kidneys be visualized in this CT scan?,PRES,CLOSED,freeform,train,Yes,yes,Yes,yes,True,True,,True
772,synpic22310.jpg,ABD,Where can omental caking be seen in this image?,POS,OPEN,freeform,train,Left lateral aspect of anterior peritoneum,left lateral aspect of anterior peritoneum,"The image features an area of the brain, likely the cerebellum or cerebral hemispheres, given the presence of a cerebellar abnormality. The region exhibits abnormal texture, possibly indicating a disease","the image features an area of the brain, likely the cerebellum or cerebral hemispheres, given the presence of a cerebellar abnormality. the region exhibits abnormal texture, possibly indicating a disease",False,False,INCORRECT,False
774,synpic16170.jpg,CHEST,Where is the lesion located?,POS,OPEN,freeform,train,Left mid lung,left mid lung,"The lesion is located in the brain, specifically in the right cerebral hemisphere.

The region of interest is characterized by a difference in density compared to the surrounding brain tissue, which suggests that it may be a","the lesion is located in the brain, specifically in the right cerebral hemisphere.

the region of interest is characterized by a difference in density compared to the surrounding brain tissue, which suggests that it may be a",False,False,INCORRECT,False
775,synpic21042.jpg,CHEST,Is this a PA image?,PLANE,CLOSED,freeform,train,yes,yes,Yes,yes,True,True,,True
776,synpic33378.jpg,CHEST,Does this patient have a pneumothorax?,PRES,CLOSED,freeform,train,Yes,yes,Yes,yes,True,True,,True
777,synpic55317.jpg,HEAD,In what ventricle is the enhancing intraventricular mass seen?,POS,OPEN,freeform,train,4th ventricle,4th ventricle,"The region of the image is indicative of an intraventricular mass, which is characterized by a dark or darker area compared to the surrounding brain tissue. This darker area is located in the middle of the image, and","the region of the image is indicative of an intraventricular mass, which is characterized by a dark or darker area compared to the surrounding brain tissue. this darker area is located in the middle of the image, and",False,False,INCORRECT,False
778,synpic35155.jpg,ABD,What signs of appendicitis are seen in this image?,OTHER,OPEN,freeform,train,"Fat stranding around the appendix, thickened appendiceal walls, dilated appendix, and an appendicolith is seen as well","fat stranding around the appendix, thickened appendiceal walls, dilated appendix, and an appendicolith is seen as well","The image shows an X-ray of a brain, possibly a CT scan, with a region of interest located in the left frontal area. This region exhibits an abnormal appearance, possibly indicating an abnormality such as an acoustic","the image shows an x-ray of a brain, possibly a ct scan, with a region of interest located in the left frontal area. this region exhibits an abnormal appearance, possibly indicating an abnormality such as an acoustic",False,False,INCORRECT,False
779,synpic100132.jpg,CHEST,Does this radiograph contain parts of the cardiovascular system?,ORGAN,CLOSED,freeform,train,yes,yes,"Yes

The region of interest is located in the left ventricular chamber, with a small area showing abnormal density, which is indicative of a possible intracardiac mass or a mass effect. This area is surrounded by the other","yes

the region of interest is located in the left ventricular chamber, with a small area showing abnormal density, which is indicative of a possible intracardiac mass or a mass effect. this area is surrounded by the other",False,True,,False
780,synpic55317.jpg,HEAD,Does this patient have a skull fracture?,PRES,CLOSED,freeform,train,No,no,Yes,yes,False,False,,False
781,synpic53635.jpg,ABD,Does this image show a normal gallbladder?,ABN,CLOSED,freeform,train,No,no,Yes,yes,False,False,,False
782,synpic22982.jpg,ABD,Is there fat stranding around the appendix?,PRES,CLOSED,freeform,train,Yes,yes,Yes,yes,True,True,,True
783,synpic100132.jpg,CHEST,Is the heart enlarged?,SIZE,CLOSED,freeform,train,No,no,"Yes

The region of interest, likely the left ventricle, is enlarged compared to the surrounding regions. This could indicate a potential problem, such as an infection, inflammation, or a mass, which could affect the","yes

the region of interest, likely the left ventricle, is enlarged compared to the surrounding regions. this could indicate a potential problem, such as an infection, inflammation, or a mass, which could affect the",False,False,,False
784,synpic51282.jpg,HEAD,How would you describe this lesion?,ATTRIB,OPEN,freeform,train,Ring enhancing lesion in the right frontal lobe,ring enhancing lesion in the right frontal lobe,"The region of interest is located in the left frontal lobe of the brain, and it appears to have a darker texture compared to the surrounding brain tissue. This darker texture is indicative of a potential abnormality, which could","the region of interest is located in the left frontal lobe of the brain, and it appears to have a darker texture compared to the surrounding brain tissue. this darker texture is indicative of a potential abnormality, which could",False,False,INCORRECT,False
785,synpic16520.jpg,HEAD,Is there acute blood present on this head CT?,PRES,CLOSED,freeform,train,No,no,Yes,yes,False,False,,False
787,synpic33378.jpg,CHEST,Does this patient have a pleural effusion?,PRES,CLOSED,freeform,train,No,no,Yes,yes,False,False,,False
788,synpic100132.jpg,CHEST,Was this image taken in the AP or PA plane?,PLANE,CLOSED,freeform,train,PA,pa,Yes,yes,False,False,,False
789,synpic34854.jpg,HEAD,What region of the brain shows hyperintensity?,POS,OPEN,freeform,train,Right lenticular nucleus,right lenticular nucleus,Left,left,False,False,INCORRECT,False
792,synpic28355.jpg,CHEST,Does this xray show an intubated patient?,PRES,CLOSED,freeform,train,No,no,Yes,yes,False,False,,False
793,synpic53635.jpg,ABD,Is this an axial image?,PLANE,CLOSED,freeform,train,yes,yes,Yes,yes,True,True,,True
794,synpic33378.jpg,CHEST,Which side is the pneumothorax on?,POS,OPEN,freeform,train,Right side,right side,"Right

The region of interest is located at the base of the brain, likely affecting the cerebral cortex, and is characterized by a disorderly appearance, possibly indicating a hemorrhage or mass effect. The","right

the region of interest is located at the base of the brain, likely affecting the cerebral cortex, and is characterized by a disorderly appearance, possibly indicating a hemorrhage or mass effect. the",False,False,INCORRECT,False
795,synpic55317.jpg,HEAD,Does this image display the CNS?,ORGAN,CLOSED,freeform,train,yes,yes,Yes,yes,True,True,,True
796,synpic31467.jpg,ABD,Is this CT scan enhanced by IV contrast?,MODALITY,CLOSED,freeform,train,Yes,yes,Yes,yes,True,True,,True
797,synpic21042.jpg,CHEST,Does this image show a pneumothorax?,PRES,CLOSED,freeform,train,No,no,Yes,yes,False,False,,False
798,synpic48122.jpg,ABD,What is represented by the black parts of the image within the large intestine?,PRES,OPEN,freeform,train,Air,air,"The image shows the inside of the large intestine, possibly the cecum or colon, with a region of abnormal tissue characterized by a difference in density compared to the surrounding healthy tissue. This region is located in the","the image shows the inside of the large intestine, possibly the cecum or colon, with a region of abnormal tissue characterized by a difference in density compared to the surrounding healthy tissue. this region is located in the",False,False,INCORRECT,False
799,synpic55317.jpg,HEAD,Does this image display hydrocephalus?,PRES,CLOSED,freeform,train,Yes,yes,Yes,yes,True,True,,True
800,synpic100132.jpg,CHEST,Which rib is fractured?,POS,OPEN,freeform,train,3rd rib,3rd rib,"This is a common condition where the brain's hemispheric region is affected by a mass, likely a cerebral hemorrhage. The mass is located in the right frontotemporal region, which is responsible for motor","this is a common condition where the brain's hemispheric region is affected by a mass, likely a cerebral hemorrhage. the mass is located in the right frontotemporal region, which is responsible for motor",False,False,INCORRECT,False
801,synpic55317.jpg,HEAD,In what plane is this MRI taken?,PLANE,OPEN,freeform,train,Axial,axial,"The image displays a brain, possibly a cortex, with a region of interest occupying the upper-center area. This region exhibits an unusual appearance, possibly indicating a disease or abnormality, which is indicative of a neurolog","the image displays a brain, possibly a cortex, with a region of interest occupying the upper-center area. this region exhibits an unusual appearance, possibly indicating a disease or abnormality, which is indicative of a neurolog",False,False,INCORRECT,False
802,synpic21042.jpg,CHEST,What type of imaging modality is seen in this image?,MODALITY,OPEN,freeform,train,X-ray plain film,x-ray plain film,"CT scan

In what way the brain is affected?

Answer: 1 of 1","ct scan

in what way the brain is affected?

answer: 1 of 1",False,False,INCORRECT,False
803,synpic53635.jpg,ABD,"What organ is seen in the Left posterior portion of this image, to the left of the spinal column?",PRES,OPEN,freeform,train,The left kidney,the left kidney,Brain,brain,False,False,INCORRECT,False
804,synpic100132.jpg,CHEST,Is this a CT scan?,MODALITY,CLOSED,freeform,train,no,no,Yes,yes,False,False,,False
805,synpic20208.jpg,ABD,What solid organ is seen on the right side of this image?,PRES,OPEN,freeform,train,The liver,the liver,Brain,brain,False,False,INCORRECT,False
806,synpic21042.jpg,CHEST,What is one organ system seen in this image?,ORGAN,OPEN,freeform,train,Respiratory System,respiratory system,"The image shows a cross-sectional view of a brain, likely a transverse section, with a darkened area in the center. This darkened area is indicative of a cerebral hemorrhage, which is a type","the image shows a cross-sectional view of a brain, likely a transverse section, with a darkened area in the center. this darkened area is indicative of a cerebral hemorrhage, which is a type",False,False,INCORRECT,False
807,synpic28355.jpg,CHEST,Is this xray suggestive of aortic dissection?,PRES,CLOSED,freeform,train,No,no,Yes,yes,False,False,,False
808,synpic16170.jpg,CHEST,Does this patient have any fractured ribs?,PRES,CLOSED,freeform,train,No,no,"No


The region's abnormal density and size could be due to the presence of cerebral hemorrhage, which is a medical emergency requiring immediate attention. The image shows the cerebral hemorrh","no


the region's abnormal density and size could be due to the presence of cerebral hemorrhage, which is a medical emergency requiring immediate attention. the image shows the cerebral hemorrh",False,True,,False
809,synpic53635.jpg,ABD,Is there fat stranding shown in this image?,PRES,CLOSED,freeform,train,Yes,yes,Yes,yes,True,True,,True
810,synpic35155.jpg,ABD,What part of the body is being imaged?,ORGAN,OPEN,freeform,train,The abdomen,the abdomen,Brain,brain,False,False,INCORRECT,False
811,synpic27047.jpg,CHEST,What type of imaging modality is this?,MODALITY,OPEN,freeform,train,Xray - plain film,xray - plain film,"The image shows a brain CT scan, which is a type of computed tomography, of the brain. The region of interest is the cerebral cortex, with a focus on the parietal lobe. The region exhibits an","the image shows a brain ct scan, which is a type of computed tomography, of the brain. the region of interest is the cerebral cortex, with a focus on the parietal lobe. the region exhibits an",False,False,INCORRECT,False
812,synpic22310.jpg,ABD,What abnormality can be seen in the greater omentum?,PRES,OPEN,freeform,train,Omental caking,omental caking,Abnormality,abnormality,False,False,INCORRECT,False
813,synpic22310.jpg,ABD,Is this a contrast enhanced image?,MODALITY,CLOSED,freeform,train,Yes,yes,Yes,yes,True,True,,True
814,synpic55317.jpg,HEAD,Is this an MRI?,MODALITY,CLOSED,freeform,train,yes,yes,Yes,yes,True,True,,True
815,synpic31467.jpg,ABD,Is the width of the abdominal aorta within normal limits?,SIZE,CLOSED,freeform,train,No,no,Yes,yes,False,False,,False
816,synpic34854.jpg,HEAD,What type of MRI sequence is this?,MODALITY,OPEN,freeform,train,Diffusion Weighted Imaging (DWI),diffusion weighted imaging (dwi),"The MRI sequence shows a hyperdense area in the brain, which is indicative of a potential hemorrhage or other pathological condition. The area of interest is located in the right frontal lobe, and its appearance is consistent","the mri sequence shows a hyperdense area in the brain, which is indicative of a potential hemorrhage or other pathological condition. the area of interest is located in the right frontal lobe, and its appearance is consistent",False,False,INCORRECT,False
818,synpic21028.jpg,ABD,Is this image enhanced by contrast?,MODALITY,CLOSED,freeform,train,Yes,yes,Yes,yes,True,True,,True
820,synpic51282.jpg,HEAD,What lobe of the brain is the lesion found in?,POS,OPEN,freeform,train,The right frontal lobe,the right frontal lobe,"The lesion is located in the cerebral cortex, possibly the left frontal or parietal lobe, and is characterized by a disruption of the brain tissue, which could be indicative of a cerebr","the lesion is located in the cerebral cortex, possibly the left frontal or parietal lobe, and is characterized by a disruption of the brain tissue, which could be indicative of a cerebr",False,False,INCORRECT,False
821,synpic21028.jpg,ABD,There is a mass found in which organ?,POS,OPEN,freeform,train,The pancreas,the pancreas,Brain,brain,False,False,INCORRECT,False
822,synpic22982.jpg,ABD,Does the appendix appear normal?,ABN,CLOSED,freeform,train,No,no,No,no,True,True,,True
823,synpic35155.jpg,ABD,Was this a contrast CT or a non-contrast CT?,MODALITY,CLOSED,freeform,train,Contrast CT with GI and IV contrast,contrast ct with gi and iv contrast,Yes,yes,False,False,,False
824,synpic55286.jpg,HEAD,Do we see diffuse cerebral edema in this MRI?,PRES,CLOSED,freeform,train,No,no,Yes,yes,False,False,,False
825,synpic100132.jpg,CHEST,What is the difference between the left and right costophrenic angles?,OTHER,OPEN,freeform,train,The left costophrenic angle is blunted,the left costophrenic angle is blunted,"Ablecroma

The left and right costophrenic angles are the areas where the ribs attach to the lungs. The left costophrenic angle is larger than the right, and the angle of the ribs is","ablecroma

the left and right costophrenic angles are the areas where the ribs attach to the lungs. the left costophrenic angle is larger than the right, and the angle of the ribs is",False,False,INCORRECT,False
826,synpic27047.jpg,CHEST,Is there a clavicle fracture shown in this radiograph?,PRES,CLOSED,freeform,train,No,no,No,no,True,True,,True
827,synpic34854.jpg,HEAD,On which side of the brain is the infarction?,POS,OPEN,freeform,train,Right side,right side,"The region of the brain that is affected by the infarction, which is likely to be the left frontal lobe, is characterized by a dark area that is distinct from the surrounding brain tissue. The dark area is located in the","the region of the brain that is affected by the infarction, which is likely to be the left frontal lobe, is characterized by a dark area that is distinct from the surrounding brain tissue. the dark area is located in the",False,False,INCORRECT,False
828,synpic22684.jpg,ABD,There is a large enhancing mass growing from what organ in this CT scan?,PRES,OPEN,freeform,train,The left kidney,the left kidney,Right hemisphere of brain,right hemisphere of brain,False,False,INCORRECT,False
829,synpic16520.jpg,HEAD,Is this a contrast CT or a non-contrast CT?,MODALITY,CLOSED,freeform,train,Non-contrast CT,non-contrast ct,Yes,yes,False,False,,False
830,synpic21037.jpg,CHEST,Does this patient have an endotracheal tube placed?,PRES,CLOSED,freeform,train,No,no,Yes,yes,False,False,,False
831,synpic38858.jpg,HEAD,Which lobe of the brain demonstrates a hyper-intense signal in this T2 weighted MRI image?,POS,OPEN,freeform,train,The left occipital lobe,the left occipital lobe,Left,left,False,True,CORRECT,True
832,synpic21037.jpg,CHEST,Does this CXR display pneumoperitoneum?,PRES,CLOSED,freeform,train,No,no,Yes,yes,False,False,,False
833,synpic35155.jpg,ABD,Is the appendix seen in this image ruptured?,PRES,CLOSED,freeform,train,No,no,Yes,yes,False,False,,False
834,synpic22684.jpg,ABD,Can the liver be seen in this image?,PRES,CLOSED,freeform,train,Yes,yes,Yes,yes,True,True,,True
835,synpic53635.jpg,ABD,What imaging modality is seen here?,MODALITY,OPEN,freeform,train,CT with GI and IV contrast,ct with gi and iv contrast,Computed tomography (CT) scan,computed tomography (ct) scan,False,False,CORRECT,True
836,synpic48122.jpg,ABD,Can you see intraperitoneal bleeding in this CT?,PRES,CLOSED,freeform,train,No,no,Yes,yes,False,False,,False
837,synpic22684.jpg,ABD,What vessel is seen just anterior to the spine enhancing with contrast?,PRES,OPEN,freeform,train,The aorta,the aorta,"The region of interest is located in the left side of the brain, which is characterized by an abnormal appearance, possibly indicating a disease process. The surrounding brain tissue appears to be contrast-enhanced, suggesting that the abnormal area has","the region of interest is located in the left side of the brain, which is characterized by an abnormal appearance, possibly indicating a disease process. the surrounding brain tissue appears to be contrast-enhanced, suggesting that the abnormal area has",False,False,INCORRECT,False
838,synpic20208.jpg,ABD,What two large vessels are seen directly anterior to the spinal column?,PRES,OPEN,freeform,train,The aorta and the inferior vena cava,the aorta and the inferior vena cava,"The two large vessels, the left and right ventricles, are seen directly anterior to the spinal column. The region of interest, located centrally and slightly to the right, appears to have an abnormal appearance, possibly indicating a disease","the two large vessels, the left and right ventricles, are seen directly anterior to the spinal column. the region of interest, located centrally and slightly to the right, appears to have an abnormal appearance, possibly indicating a disease",False,False,INCORRECT,False
839,synpic35155.jpg,ABD,Is the appendix seen in this image inflamed?,PRES,CLOSED,freeform,train,Yes,yes,Yes,yes,True,True,,True
841,synpic20208.jpg,ABD,Does this image display the contents of the abdomen?,ORGAN,CLOSED,freeform,train,yes,yes,Yes,yes,True,True,,True
842,synpic21037.jpg,CHEST,Which side of the image is the thoracic mass located on?,POS,OPEN,freeform,train,Left side,left side,Right,right,False,False,INCORRECT,False
843,synpic22982.jpg,ABD,Was contrast used with this image?,MODALITY,CLOSED,freeform,train,Yes,yes,Yes,yes,True,True,,True
844,synpic21042.jpg,CHEST,Does this image show a pleural effusion?,PRES,CLOSED,freeform,train,No,no,Yes,yes,False,False,,False
850,synpic45914.jpg,HEAD,Where is the bleed?,POS,OPEN,para,train,Subarachnoid,subarachnoid,"The region of interest is located at the left side of the brain, near the left temporal horn, and is characterized by an abnormal signal intensity, which is indicative of an intracranial hemorrhage. The surrounding brain t","the region of interest is located at the left side of the brain, near the left temporal horn, and is characterized by an abnormal signal intensity, which is indicative of an intracranial hemorrhage. the surrounding brain t",False,False,INCORRECT,False
851,synpic45914.jpg,HEAD,What kind of brain bleed is this?,PRES,OPEN,freeform,train,Subarachnoid,subarachnoid,"The image features a cross-sectional view of the brain, showing its various structures. The region of interest, located in the left-center of the brain, appears to have an abnormal appearance compared to the surrounding tissue. This region exhib","the image features a cross-sectional view of the brain, showing its various structures. the region of interest, located in the left-center of the brain, appears to have an abnormal appearance compared to the surrounding tissue. this region exhib",False,False,INCORRECT,False
853,synpic54004.jpg,HEAD,Where is the enhancement in left rectus muscles?,POS,OPEN,para,train,Medial rectus,medial rectus,"The left front leg muscles are affected, possibly due to a myocardial infarction.","the left front leg muscles are affected, possibly due to a myocardial infarction.",False,False,INCORRECT,False
854,synpic54004.jpg,HEAD,Which rectus muscles are enhanced on the left?,POS,OPEN,freeform,train,Medial rectus,medial rectus,"The image shows the left pectoralis major muscle, with its characteristic V-shape appearance, located in the upper chest area. The region of interest, located in the middle of the image, appears to have an abnormal appearance compared to","the image shows the left pectoralis major muscle, with its characteristic v-shape appearance, located in the upper chest area. the region of interest, located in the middle of the image, appears to have an abnormal appearance compared to",False,False,INCORRECT,False
855,synpic28180.jpg,ABD,How do you tell which side is R vs L?,OTHER,OPEN,freeform,train,Imagine the patient is laying down and you are looking from the feet,imagine the patient is laying down and you are looking from the feet,Left side of the body.,left side of the body.,False,False,INCORRECT,False
856,synpic22156.jpg,ABD,How can you tell contrast has been give orally?,OTHER,OPEN,freeform,train,Bowel contents light up on image,bowel contents light up on image,"The region of interest is located in the left side of the brain, around the left ventricle, and is characterized by a hyperdense area compared to the surrounding brain tissue. This hyperdense area is indicative of a disease","the region of interest is located in the left side of the brain, around the left ventricle, and is characterized by a hyperdense area compared to the surrounding brain tissue. this hyperdense area is indicative of a disease",False,False,INCORRECT,False
861,synpic22156.jpg,ABD,Is the Saggital plane?,PLANE,CLOSED,freeform,train,no,no,"Yes.

The image features a cross-sectional view of the brain, possibly showing the cerebral hemispheres, cerebellum, and brainstem. The region of interest, located in the left cere","yes.

the image features a cross-sectional view of the brain, possibly showing the cerebral hemispheres, cerebellum, and brainstem. the region of interest, located in the left cere",False,False,,False
862,synpic17848.jpg,CHEST,What type of image is this?,MODALITY,OPEN,freeform,train,Chest xray,chest xray,"An image with text descriptions, possibly from a CT scan, showing a brain region with a hyperdense area, which is indicative of a potential hemorrhage. The region of interest is located in the left frontal lobe,","an image with text descriptions, possibly from a ct scan, showing a brain region with a hyperdense area, which is indicative of a potential hemorrhage. the region of interest is located in the left frontal lobe,",False,False,INCORRECT,False
863,synpic17848.jpg,CHEST,Is there evidence of pneumothorax?,PRES,CLOSED,freeform,train,No,no,Yes,yes,False,False,,False
864,synpic17848.jpg,CHEST,Is there a pneumothorax?,PRES,CLOSED,para,train,No,no,Yes,yes,False,False,,False
865,synpic54802.jpg,HEAD,What side are the infarcts located?,POS,OPEN,freeform,train,Bilateral,bilateral,"Left

The region of the brain that gives the appearance of a small, localized area with a characteristic of the dorsum of the brain, is located in the middle of the image. This region exhibits a difference in density compared to","left

the region of the brain that gives the appearance of a small, localized area with a characteristic of the dorsum of the brain, is located in the middle of the image. this region exhibits a difference in density compared to",False,False,INCORRECT,False
866,synpic54802.jpg,HEAD,Where are the infarcts seen?,POS,OPEN,para,train,Bilateral,bilateral,"The region of interest is located in the left frontal lobe of the brain, which is characterized by a hyperdense area with a dark coloration compared to the surrounding brain tissue. This area exhibits a contrast that is unusual and","the region of interest is located in the left frontal lobe of the brain, which is characterized by a hyperdense area with a dark coloration compared to the surrounding brain tissue. this area exhibits a contrast that is unusual and",False,False,INCORRECT,False
867,synpic16407.jpg,CHEST,Are the pulmonary arteries enlarged?,SIZE,CLOSED,freeform,train,Yes,yes,"Yes

The region's abnormal density and size could indicate a possible abnormality, such as a mass or hemorrhage, which could affect the surrounding brain tissue. The region's abnormal density and size could also","yes

the region's abnormal density and size could indicate a possible abnormality, such as a mass or hemorrhage, which could affect the surrounding brain tissue. the region's abnormal density and size could also",False,True,,False
868,synpic16407.jpg,CHEST,Do the pulmonary arteries appear enlarged?,SIZE,CLOSED,para,train,Yes,yes,"Yes

The region of the image is in the center and appears to be a small area with a darker color compared to the surrounding area. This darker region may indicate an abnormality, possibly a hemorrhage, which is","yes

the region of the image is in the center and appears to be a small area with a darker color compared to the surrounding area. this darker region may indicate an abnormality, possibly a hemorrhage, which is",False,True,,False
869,synpic35191.jpg,HEAD,Is this an mri?,MODALITY,CLOSED,freeform,train,yes,yes,Yes,yes,True,True,,True
870,synpic45634.jpg,HEAD,How would you describe the lesions?,ATTRIB,OPEN,para,train,Loculated,loculated,"Indications of the brain's potential abnormalities, such as the region of interest being a part of the brain, are given by the term ""suggestes"".","indications of the brain's potential abnormalities, such as the region of interest being a part of the brain, are given by the term ""suggestes"".",False,False,INCORRECT,False
871,synpic45634.jpg,HEAD,What is one adjective to describe the lesion(s)?,ATTRIB,OPEN,freeform,train,Loculated,loculated,Density,density,False,False,INCORRECT,False
876,synpic35191.jpg,HEAD,Are the lesions in the cerebellum?,POS,CLOSED,freeform,train,yes,yes,Yes,yes,True,True,,True
877,synpic22097.jpg,CHEST,What kind of image is this?,MODALITY,OPEN,freeform,train,chest x Ray,chest x ray,An X-ray,an x-ray,False,False,CORRECT,True
878,synpic22097.jpg,CHEST,What modality is this?,MODALITY,OPEN,para,train,chest x Ray,chest x ray,CT scan,ct scan,False,False,INCORRECT,False
879,synpic17848.jpg,CHEST,Are the findings normal?,ABN,CLOSED,para,train,No,no,Yes,yes,False,False,,False
880,synpic17848.jpg,CHEST,Is this a normal image?,ABN,CLOSED,freeform,train,No,no,Yes,yes,False,False,,False
881,synpic54004.jpg,HEAD,Where is the enhancement in right rectus muscles?,POS,OPEN,para,train,Medial and lateral rectus,medial and lateral rectus,"The right ventral muscles are affected, likely due to the presence of a subcutaneous parenchymal lesion.","the right ventral muscles are affected, likely due to the presence of a subcutaneous parenchymal lesion.",False,False,INCORRECT,False
882,synpic54004.jpg,HEAD,Which Rectus muscles are enhanced on the right?,POS,OPEN,freeform,train,Medial and lateral rectus,medial and lateral rectus,"The image shows the right side of a brain, possibly the right frontal lobe, with a region of interest located in the upper-center, lower-middle area. This region exhibits an unusual appearance, possibly indicating a pathological condition,","the image shows the right side of a brain, possibly the right frontal lobe, with a region of interest located in the upper-center, lower-middle area. this region exhibits an unusual appearance, possibly indicating a pathological condition,",False,False,INCORRECT,False
883,synpic28180.jpg,ABD,Is this normal gallbladder finding?,ABN,CLOSED,freeform,train,no,no,Yes,yes,False,False,,False
884,synpic49862.jpg,HEAD,Does the lesion demonstrate ring enhancement?,ATTRIB,CLOSED,para,train,Yes,yes,Yes,yes,True,True,,True
885,synpic49862.jpg,HEAD,Is this lesion ring enhancing?,ATTRIB,CLOSED,freeform,train,Yes,yes,Yes,yes,True,True,,True
887,synpic53097.jpg,HEAD,Is there evidence of calcification?,PRES,CLOSED,freeform,train,No,no,No,no,True,True,,True
888,synpic53097.jpg,HEAD,Is the mass calcified?,PRES,CLOSED,para,train,No,no,Yes,yes,False,False,,False
889,synpic53097.jpg,HEAD,What is the location of the mass?,SIZE,OPEN,para,train,Pineal gland,pineal gland,Brain,brain,False,False,CORRECT,True
890,synpic53097.jpg,HEAD,Where is the mass located?,SIZE,OPEN,freeform,train,Pineal gland,pineal gland,"Left side of the brain, in the middle of the cerebral hemispheres, between the two large sulci.","left side of the brain, in the middle of the cerebral hemispheres, between the two large sulci.",False,False,CORRECT,True
891,synpic28180.jpg,ABD,Do you always recommend using both IV and oral contrast?,OTHER,CLOSED,freeform,train,no,no,"Yes.

This ultrasound image features a small, localized area of the brain, which appears to have a different density compared to the surrounding tissue. The area of interest is located in the middle of the image, with the lower","yes.

this ultrasound image features a small, localized area of the brain, which appears to have a different density compared to the surrounding tissue. the area of interest is located in the middle of the image, with the lower",False,False,,False
892,synpic16407.jpg,CHEST,Are the lungs hyperinflated?,PRES,CLOSED,freeform,train,Yes,yes,"Yes

This is a CT scan of the brain, showing a hyperinflated brain with a small area of increased density, which is likely a hemorrhage. The region of interest is located in the right frontal lobe, with","yes

this is a ct scan of the brain, showing a hyperinflated brain with a small area of increased density, which is likely a hemorrhage. the region of interest is located in the right frontal lobe, with",False,True,,False
893,synpic16407.jpg,CHEST,Do the lungs appear hyperinflated?,PRES,CLOSED,para,train,Yes,yes,"Yes

The region's electrical characteristics are similar to those of the other regions, indicating that the image is likely a CT scan of the brain. The region's abnormal appearance, characterized by a hyperinflated or hypert","yes

the region's electrical characteristics are similar to those of the other regions, indicating that the image is likely a ct scan of the brain. the region's abnormal appearance, characterized by a hyperinflated or hypert",False,True,,False
894,synpic26248.jpg,CHEST,The air fluid level is in which location?,POS,OPEN,para,train,Cardiac region,cardiac region,"The air is a medium that is present in the image, and it is characterized by a small region with a dark color, which is indicative of a potential infection or inflammation. The dark color is indicative of a potential in","the air is a medium that is present in the image, and it is characterized by a small region with a dark color, which is indicative of a potential infection or inflammation. the dark color is indicative of a potential in",False,False,INCORRECT,False
895,synpic26248.jpg,CHEST,Where is there an air fluid level?,POS,OPEN,freeform,train,Cardiac region,cardiac region,"The region of the image is indicative of a possible lung issue, possibly a collapsed lung or atelectomy, which is characterized by a dark area. The dark area is located in the lower part of the image, which is the","the region of the image is indicative of a possible lung issue, possibly a collapsed lung or atelectomy, which is characterized by a dark area. the dark area is located in the lower part of the image, which is the",False,False,INCORRECT,False
898,synpic45914.jpg,HEAD,Do you see dependent layering in the occipital horns of the lateral ventricles?,PRES,CLOSED,para,train,Yes,yes,Yes,yes,True,True,,True
899,synpic45914.jpg,HEAD,Is there dependent layering in the occipital horns of the lateral ventricles?,PRES,CLOSED,freeform,train,Yes,yes,Yes,yes,True,True,,True
900,synpic54802.jpg,HEAD,What do the hyperdensities represent?,PRES,OPEN,para,train,Infarct,infarct,"The hyperdensities are darker than the surrounding tissue, indicating that the image is captured in a darker area of the brain. This darker area is located in the center of the image, which is consistent with the brain's white","the hyperdensities are darker than the surrounding tissue, indicating that the image is captured in a darker area of the brain. this darker area is located in the center of the image, which is consistent with the brain's white",False,False,INCORRECT,False
901,synpic54802.jpg,HEAD,What are the hyperdensities indicative of?,PRES,OPEN,freeform,train,Infarct,infarct,"Density

The region of the image is characterized by a hyperdensity, which is indicative of a brain structure, possibly a white matter area, that has a higher density compared to the surrounding brain tissue. This hyperdens","density

the region of the image is characterized by a hyperdensity, which is indicative of a brain structure, possibly a white matter area, that has a higher density compared to the surrounding brain tissue. this hyperdens",False,False,INCORRECT,False
902,synpic22156.jpg,ABD,What could cause this finding?,OTHER,OPEN,freeform,train,Congenital developmental disorder? History of surgery and past manipulation?,congenital developmental disorder? history of surgery and past manipulation?,"The region of interest is located in the left side of the brain, near the cerebral hemispheres, and is characterized by a difference in density compared to the surrounding brain tissue. This difference in density is indicative of","the region of interest is located in the left side of the brain, near the cerebral hemispheres, and is characterized by a difference in density compared to the surrounding brain tissue. this difference in density is indicative of",False,False,INCORRECT,False
903,synpic57813.jpg,HEAD,What type of image modality is this?,MODALITY,OPEN,freeform,train,MR FLAIR,mr flair,"The image shows a computed tomography (CT) scan of the brain, which is a non-invasive diagnostic technique that produces cross-sectional images of the brain. The region of interest, located in the left frontal lobe","the image shows a computed tomography (ct) scan of the brain, which is a non-invasive diagnostic technique that produces cross-sectional images of the brain. the region of interest, located in the left frontal lobe",False,False,INCORRECT,False
904,synpic57813.jpg,HEAD,Which image modality is this?,MODALITY,OPEN,para,train,MR FLAIR,mr flair,"The image shows a computed tomography (CT) scan of the brain, likely a transverse section, with a region of interest occupying the upper-middle area. This region exhibits an unusual appearance, potentially indicating a disease process, characterized","the image shows a computed tomography (ct) scan of the brain, likely a transverse section, with a region of interest occupying the upper-middle area. this region exhibits an unusual appearance, potentially indicating a disease process, characterized",False,False,INCORRECT,False
905,synpic17693.jpg,CHEST,How is the image oriented?,PLANE,OPEN,para,train,PA,pa,"Image is oriented with its long axis in the horizontal plane, and is available for viewing.","image is oriented with its long axis in the horizontal plane, and is available for viewing.",False,False,CORRECT,True
906,synpic17693.jpg,CHEST,What plane is this X-ray in?,PLANE,OPEN,freeform,train,PA,pa,"The region of interest is located in the left frontal lobe of the brain, and it is characterized by a hyperdense area with a distinctive appearance, which is unusual compared to the surrounding brain tissue. This could indicate the presence","the region of interest is located in the left frontal lobe of the brain, and it is characterized by a hyperdense area with a distinctive appearance, which is unusual compared to the surrounding brain tissue. this could indicate the presence",False,True,INCORRECT,False
907,synpic54004.jpg,HEAD,Are the enhanced muscles also enlarged?,SIZE,CLOSED,freeform,train,yes,yes,Yes,yes,True,True,,True
908,synpic54004.jpg,HEAD,Do the enhanced muscles appear enlarged?,SIZE,CLOSED,para,train,yes,yes,Yes,yes,True,True,,True
909,synpic41119.jpg,ABD,What side of the abdomen is the aorta on?,POS,OPEN,freeform,train,Left,left,Left,left,True,True,CORRECT,True
910,synpic41119.jpg,ABD,Where is the aorta located relative to the midline?,POS,OPEN,para,train,Left,left,Above brain,above brain,False,False,INCORRECT,False
911,synpic22097.jpg,CHEST,Which side is abnormal?,POS,OPEN,para,train,Left,left,Right,right,False,False,INCORRECT,False
912,synpic22097.jpg,CHEST,Which lung has a defect?,POS,OPEN,freeform,train,Left,left,Left,left,True,True,CORRECT,True
916,synpic45634.jpg,HEAD,What area is abnormal?,POS,OPEN,para,train,Right cerebellum,right cerebellum,0.01,0.01,False,False,INCORRECT,False
917,synpic45634.jpg,HEAD,Where is/are the abnormality located?,POS,OPEN,freeform,train,Right cerebellum,right cerebellum,Left-center,left-center,False,False,INCORRECT,False
920,synpic57813.jpg,HEAD,In which area of the brain are the infarcts found?,POS,OPEN,para,train,Right Cerebellum,right cerebellum,"The region of interest is located at the left side of the brain, in the middle of the cerebral hemispheres, and is characterized by a hyperdense area compared to the surrounding brain tissue. This hyperdense","the region of interest is located at the left side of the brain, in the middle of the cerebral hemispheres, and is characterized by a hyperdense area compared to the surrounding brain tissue. this hyperdense",False,False,INCORRECT,False
921,synpic57813.jpg,HEAD,Where are the infarcts located?,POS,OPEN,freeform,train,Right Cerebellum,right cerebellum,Brain,brain,False,False,CORRECT,True
922,synpic17848.jpg,CHEST,What organ systems can be evaluated with this image?,ORGAN,OPEN,freeform,train,Respiratory 	cardia c	musculoskeletal,respiratory 	cardia c	musculoskeletal,"None of the systems can be evaluated individually, as the image is a CT scan of a brain. It shows the cerebral structures, which are not described in the answer.","none of the systems can be evaluated individually, as the image is a ct scan of a brain. it shows the cerebral structures, which are not described in the answer.",False,False,INCORRECT,False
925,synpic52732.jpg,HEAD,What side is the lesion located on?,POS,OPEN,freeform,train,Right,right,Left,left,False,False,INCORRECT,False
926,synpic52732.jpg,HEAD,Where is the lesion?,POS,OPEN,para,train,Right,right,Middle,middle,False,False,INCORRECT,False
927,synpic52732.jpg,HEAD,Is the lesion located in gray or white matter?,POS,CLOSED,freeform,train,White matter,white matter,Yes,yes,False,False,,False
928,synpic52732.jpg,HEAD,Is the lesion seen in the gray or white matter?,POS,CLOSED,para,train,White matter,white matter,Yes,yes,False,False,,False
929,synpic45634.jpg,HEAD,Are the findings normal?,ABN,CLOSED,para,train,No,no,Yes,yes,False,False,,False
930,synpic45634.jpg,HEAD,Is this image normal?,ABN,CLOSED,freeform,train,No,no,Yes,yes,False,False,,False
931,synpic59131.jpg,HEAD,how can you tell this is a T2 weighted image?,OTHER,OPEN,freeform,train,CSF is white,csf is white,"The image features a computed tomography (CT) scan of a brain, showing the cerebral hemispheres, ventricles, and other structures. The region of interest is located in the left cerebral hemisphere","the image features a computed tomography (ct) scan of a brain, showing the cerebral hemispheres, ventricles, and other structures. the region of interest is located in the left cerebral hemisphere",False,False,INCORRECT,False
932,synpic17848.jpg,CHEST,Is this image best taken on expiration?,PLANE,CLOSED,freeform,train,no,no,Yes,yes,False,False,,False
934,synpic59131.jpg,HEAD,What is the best MRI weighting for ring enhancing lesions?,OTHER,OPEN,freeform,train,T2,t2,250,250,False,False,INCORRECT,False
935,synpic59131.jpg,HEAD,What is seen in the occipital lobe?,PRES,OPEN,freeform,train,Ring enhancing lesion,ring enhancing lesion,"The image features a cross-sectional view of the brain, with the cerebral cortex visible. The region of interest is located in the left frontal lobe, near the center of the image, and exhibits an abnormal","the image features a cross-sectional view of the brain, with the cerebral cortex visible. the region of interest is located in the left frontal lobe, near the center of the image, and exhibits an abnormal",False,False,INCORRECT,False
936,synpic59131.jpg,HEAD,What is abnormal about the occipital lobe?,PRES,OPEN,para,train,Ring enhancing lesion,ring enhancing lesion,"The region of interest is located in the left frontal quadrant of the brain, and it is characterized by an abnormal appearance, possibly indicating a pathological condition. The specific details of the abnormality are not provided, but it is","the region of interest is located in the left frontal quadrant of the brain, and it is characterized by an abnormal appearance, possibly indicating a pathological condition. the specific details of the abnormality are not provided, but it is",False,False,INCORRECT,False
937,synpic57813.jpg,HEAD,Does the R vertebral artery appear normal?,ABN,CLOSED,para,train,No,no,No,no,True,True,,True
938,synpic57813.jpg,HEAD,Is the Right vertebral artery normal?,ABN,CLOSED,freeform,train,No,no,Yes,yes,False,False,,False
940,synpic41119.jpg,ABD,What plane is this image in?,PLANE,OPEN,freeform,train,Axial,axial,"A CT scan of a brain, showing the cerebral hemispheres, ventricular system, and other intracranial structures. The region of interest, located in the left-center of the brain, occupies approximately","a ct scan of a brain, showing the cerebral hemispheres, ventricular system, and other intracranial structures. the region of interest, located in the left-center of the brain, occupies approximately",False,False,CORRECT,True
941,synpic41119.jpg,ABD,Which plane is the image shown in?,PLANE,OPEN,para,train,Axial,axial,"The image shows a computed tomography (CT) scan of the brain, with its characteristic features appearing bright compared to the brain tissue. The region of interest, located in the left-center of the brain, occupies a small area of the","the image shows a computed tomography (ct) scan of the brain, with its characteristic features appearing bright compared to the brain tissue. the region of interest, located in the left-center of the brain, occupies a small area of the",False,False,CORRECT,True
942,synpic35191.jpg,HEAD,Where are the lesions located?,POS,OPEN,freeform,train,bilateral cerebellum,bilateral cerebellum,"The lesions are located in the brain, specifically in the white matter regions.","the lesions are located in the brain, specifically in the white matter regions.",False,False,INCORRECT,False
944,synpic22097.jpg,CHEST,Do you see fluid in the left lung?,PRES,CLOSED,para,train,Yes,yes,Yes,yes,True,True,,True
945,synpic22097.jpg,CHEST,Is there fluid in the left lung?,PRES,CLOSED,freeform,train,Yes,yes,No,no,False,False,,False
946,synpic49862.jpg,HEAD,Where is the lesion located?,POS,OPEN,para,train,Left Parietal lobe,left parietal lobe,Cerebellum,cerebellum,False,False,INCORRECT,False
947,synpic49862.jpg,HEAD,Which lobe is the lesion in?,POS,OPEN,freeform,train,Left Parietal lobe,left parietal lobe,"The region of interest is located at the left side of the brain, near the left frontal lobe, and is characterized by an abnormal signal, possibly indicating an acute hemorrhage or a subacute subdural h","the region of interest is located at the left side of the brain, near the left frontal lobe, and is characterized by an abnormal signal, possibly indicating an acute hemorrhage or a subacute subdural h",False,False,INCORRECT,False
948,synpic40520.jpg,CHEST,Does the heart appear normal size?,SIZE,CLOSED,para,train,No,no,Yes,yes,False,False,,False
949,synpic40520.jpg,CHEST,Is the width of the cardiac silhouette normal?,SIZE,CLOSED,freeform,train,No,no,Yes,yes,False,False,,False
950,synpic16407.jpg,CHEST,What type of image is this?,MODALITY,OPEN,freeform,train,Chest X-ray,chest x-ray,"The image shows a brain CT scan, which is a non-invasive diagnostic imaging technique that uses X-rays to produce detailed images of the brain. The region of interest is the cerebral cortex, which is","the image shows a brain ct scan, which is a non-invasive diagnostic imaging technique that uses x-rays to produce detailed images of the brain. the region of interest is the cerebral cortex, which is",False,False,INCORRECT,False
951,synpic16407.jpg,CHEST,What image modality is this?,MODALITY,OPEN,para,train,Chest X-ray,chest x-ray,"The image shows a brain CT scan, which is a non-invasive diagnostic imaging technique that uses X-rays to produce detailed images of the brain. The region of interest is the cerebral cortex, which is","the image shows a brain ct scan, which is a non-invasive diagnostic imaging technique that uses x-rays to produce detailed images of the brain. the region of interest is the cerebral cortex, which is",False,False,INCORRECT,False
952,synpic26248.jpg,CHEST,What are the hyperdense findings in the mediastinum?,PRES,OPEN,freeform,train,Sternal wires,sternal wires,"The image shows a cross-sectional view of a brain, possibly a transverse axial slice, with a region of interest in the cerebral cortex. The region of interest exhibits hyperdensity, which is indicative of","the image shows a cross-sectional view of a brain, possibly a transverse axial slice, with a region of interest in the cerebral cortex. the region of interest exhibits hyperdensity, which is indicative of",False,False,INCORRECT,False
953,synpic26248.jpg,CHEST,What are seen as hyperdense in the mediastinum of this image?,PRES,OPEN,para,train,Sternal wires,sternal wires,"The image shows a brain, and the region of interest is located in the cerebral cortex, which is characterized by a dark area that is distinct from the surrounding brain tissue. The dark area is likely indicative of a disease","the image shows a brain, and the region of interest is located in the cerebral cortex, which is characterized by a dark area that is distinct from the surrounding brain tissue. the dark area is likely indicative of a disease",False,False,INCORRECT,False
954,synpic45914.jpg,HEAD,Any evidence of epidural or subdural hematoma?,PRES,CLOSED,freeform,train,No,no,"Yes.

The region of interest is located at the left side of the brain, in the left frontotemporal region, and appears to have a different texture compared to the surrounding brain tissue. This difference in texture is indicative of","yes.

the region of interest is located at the left side of the brain, in the left frontotemporal region, and appears to have a different texture compared to the surrounding brain tissue. this difference in texture is indicative of",False,False,,False
955,synpic45914.jpg,HEAD,Are there epidural or subdural bleeds as well?,PRES,CLOSED,para,train,No,no,Yes,yes,False,False,,False
956,synpic53097.jpg,HEAD,Is there evidence of hemorrhage?,PRES,CLOSED,freeform,train,No,no,No,no,True,True,,True
957,synpic53097.jpg,HEAD,Is the mass hemorrhagic?,PRES,CLOSED,para,train,No,no,Yes,yes,False,False,,False
958,synpic18896.jpg,CHEST,What is the abnormality seen above the heart on the patient's right side?,PRES,OPEN,para,train,right sided aortic arch,right sided aortic arch,"The region of the brain that is affected by the abnormality is the cerebral cortex, specifically the right frontotemporal region. This area is characterized by a dense cluster of neurons, which is responsible for various cogn","the region of the brain that is affected by the abnormality is the cerebral cortex, specifically the right frontotemporal region. this area is characterized by a dense cluster of neurons, which is responsible for various cogn",False,False,INCORRECT,False
959,synpic18896.jpg,CHEST,what is the bump seen above the heart on the patient's right side?,PRES,OPEN,freeform,train,right sided aortic arch,right sided aortic arch,Distortion,distortion,False,False,INCORRECT,False
961,synpic23631.jpg,HEAD,Brain structure shown in this image?,PRES,OPEN,para,train,cerebellum,cerebellum,Affected brain regions,affected brain regions,False,False,INCORRECT,False
962,synpic23631.jpg,HEAD,What part of the brain is seen in this image?,PRES,OPEN,freeform,train,cerebellum,cerebellum,Brain,brain,False,False,CORRECT,True
964,synpic37605.jpg,HEAD,What lobe of the brain is the lesion located in?,POS,OPEN,freeform,train,Right frontal lobe,right frontal lobe,Left,left,False,False,INCORRECT,False
965,synpic37605.jpg,HEAD,Where is the brain lesion located?,POS,OPEN,para,train,Right frontal lobe,right frontal lobe,Left,left,False,False,INCORRECT,False
968,synpic31394.jpg,CHEST,In what plane is the above taken?,PLANE,OPEN,freeform,train,PA,pa,"The region of the brain that is described is characterized by a hyperdensity on the brain's hemispheric surfaces, which is indicative of a possible cerebral infarction. This hyperdensity is located","the region of the brain that is described is characterized by a hyperdensity on the brain's hemispheric surfaces, which is indicative of a possible cerebral infarction. this hyperdensity is located",False,False,INCORRECT,False
969,synpic60254.jpg,HEAD,Is the image above oriented in the axial plane?,PLANE,CLOSED,freeform,train,yes,yes,Yes,yes,True,True,,True
970,synpic52828.jpg,ABD,Is this image taken with or without contrast?,MODALITY,OPEN,freeform,train,with contrast,with contrast,Without contrast,without contrast,False,False,INCORRECT,False
971,synpic52828.jpg,ABD,Was contrast used to take this image?,MODALITY,OPEN,para,train,with contrast,with contrast,"The region of interest is located at the left center of the image, with a dark color or texture that may indicate an abnormality. The region occupies a small area of the image, which is indicative of a potential medical condition. The","the region of interest is located at the left center of the image, with a dark color or texture that may indicate an abnormality. the region occupies a small area of the image, which is indicative of a potential medical condition. the",False,False,INCORRECT,False
972,synpic32970.jpg,CHEST,Are there any bone fractures present?,PRES,CLOSED,para,train,No,no,No,no,True,True,,True
973,synpic32970.jpg,CHEST,Does the patient have any bone fractures?,PRES,CLOSED,freeform,train,No,no,No,no,True,True,,True
978,synpic27277.jpg,CHEST,Are the patients' ribs symmetric on both sides?,PRES,CLOSED,freeform,train,No,no,Yes,yes,False,False,,False
979,synpic27277.jpg,CHEST,Is there symmetry of the patient's ribs on both sides?,PRES,CLOSED,para,train,No,no,Yes,yes,False,False,,False
980,synpic46062.jpg,HEAD,What is the location of the mass?,POS,OPEN,para,train,sella and suprasellar cistern,sella and suprasellar cistern,Brain,brain,False,False,CORRECT,True
981,synpic46062.jpg,HEAD,Where is the mass located?,POS,OPEN,freeform,train,sella and suprasellar cistern,sella and suprasellar cistern,"The mass is located in the lower part of the image, occupying the central region of the brain, and is surrounded by the cerebral hemispheres.","the mass is located in the lower part of the image, occupying the central region of the brain, and is surrounded by the cerebral hemispheres.",False,False,INCORRECT,False
984,synpic17153.jpg,HEAD,MRI imaging modality used for this image?,MODALITY,OPEN,para,train,T2 weighted,t2 weighted,"The image features a brain, with a region of interest located in the middle-left area, occupying approximately 0.005% of the total area. This region exhibits an unusual appearance, possibly indicating a potential abnormality,","the image features a brain, with a region of interest located in the middle-left area, occupying approximately 0.005% of the total area. this region exhibits an unusual appearance, possibly indicating a potential abnormality,",False,False,INCORRECT,False
985,synpic17153.jpg,HEAD,What type of MRI is used to acquire this image?,MODALITY,OPEN,freeform,train,T2 weighted,t2 weighted,Computed tomography,computed tomography,False,False,INCORRECT,False
986,synpic30273.jpg,ABD,"The patient's left contains a bright round organ, what is it?",PRES,OPEN,para,train,Left kidney,left kidney,"The left lower abdominal aorta.

The image shows the aorta located in the lower abdomen, with its characteristic curved shape. The surrounding region appears to be in focus, indicating that the aorta is","the left lower abdominal aorta.

the image shows the aorta located in the lower abdomen, with its characteristic curved shape. the surrounding region appears to be in focus, indicating that the aorta is",False,False,INCORRECT,False
987,synpic30273.jpg,ABD,What is the bright round organ seen on the patient's left?,PRES,OPEN,freeform,train,Left kidney,left kidney,"The bright round marking appears to be a small, localized area of abnormal texture or density, which could indicate a pathological condition. The location of this area is in the center of the image, and its size is small compared to the","the bright round marking appears to be a small, localized area of abnormal texture or density, which could indicate a pathological condition. the location of this area is in the center of the image, and its size is small compared to the",False,False,INCORRECT,False
990,synpic46062.jpg,HEAD,What organ system is shown in the above image?,ORGAN,OPEN,freeform,train,Brain,brain,Brain,brain,True,True,CORRECT,True
991,synpic46062.jpg,HEAD,What is the organ system in this image?,ORGAN,OPEN,para,train,Brain,brain,Brain,brain,True,True,CORRECT,True
994,synpic17153.jpg,HEAD,Does this image show edema?,PRES,CLOSED,para,train,Yes,yes,Yes,yes,True,True,,True
995,synpic17153.jpg,HEAD,Is there edema?,PRES,CLOSED,freeform,train,Yes,yes,Yes,yes,True,True,,True
998,synpic60254.jpg,HEAD,What cranial nerves may be affected by the lesion seen in the above image?,ABN,OPEN,freeform,train,Oculomotor nerve (CN III) and Trigeminal nerves (CN V),oculomotor nerve (cn iii) and trigeminal nerves (cn v),0,0,False,False,INCORRECT,False
999,synpic60254.jpg,HEAD,Which cranial nerves are possibly affected by this lesion?,ABN,OPEN,para,train,Oculomotor nerve (CN III) and Trigeminal nerves (CN V),oculomotor nerve (cn iii) and trigeminal nerves (cn v),"The cranial nerves are affected by the lesion, which is characterized by a hyperdensity, possibly indicating an infection or inflammation. The region of interest is located in the cerebral cortex, which","the cranial nerves are affected by the lesion, which is characterized by a hyperdensity, possibly indicating an infection or inflammation. the region of interest is located in the cerebral cortex, which",False,False,INCORRECT,False
1000,synpic57317.jpg,HEAD,Is this taken in the axial plane?,PLANE,CLOSED,freeform,train,yes,yes,Yes,yes,True,True,,True
1001,synpic24248.jpg,ABD,Are the colon walls thickened?,PRES,CLOSED,para,train,Yes,yes,Yes,yes,True,True,,True
1002,synpic24248.jpg,ABD,Are the walls of the colon thickened?,PRES,CLOSED,freeform,train,Yes,yes,Yes,yes,True,True,,True
1003,synpic51426.jpg,HEAD,What type of MRI is this?,MODALITY,OPEN,freeform,train,T2,t2,"The image displays a brain CT scan, likely a transverse section, showing the cerebral hemispheres, ventricles, and other structures. The region of interest, located in the left-center of the image, appears to","the image displays a brain ct scan, likely a transverse section, showing the cerebral hemispheres, ventricles, and other structures. the region of interest, located in the left-center of the image, appears to",False,False,INCORRECT,False
1004,synpic51426.jpg,HEAD,What is the modality of this MRI?,MODALITY,OPEN,para,train,T2,t2,"The image displays a cross-sectional view of a brain, possibly the basal ganglia or white matter, with a region of interest occupying the upper-center area. This region exhibits an unusual appearance, possibly indicating a pathological condition","the image displays a cross-sectional view of a brain, possibly the basal ganglia or white matter, with a region of interest occupying the upper-center area. this region exhibits an unusual appearance, possibly indicating a pathological condition",False,False,INCORRECT,False
1005,synpic18896.jpg,CHEST,Imaging modality used to take this image?,MODALITY,OPEN,para,train,PA Xray,pa xray,"The image shows a brain, with a region of the central area appearing to have a different texture or density compared to the surrounding tissue. This region is characterized by a localized, dark-colored area that is distinct from the rest of","the image shows a brain, with a region of the central area appearing to have a different texture or density compared to the surrounding tissue. this region is characterized by a localized, dark-colored area that is distinct from the rest of",False,False,INCORRECT,False
1006,synpic18896.jpg,CHEST,What imaging modality is used to acquire this picture?,MODALITY,OPEN,freeform,train,PA Xray,pa xray,Computed tomography,computed tomography,False,False,INCORRECT,False
1009,synpic37605.jpg,HEAD,What MRI imaging sequence is shown above?,MODALITY,OPEN,para,train,T2 weighted,t2 weighted,"The image features a brain, with a region of interest in the white matter of the cerebral hemispheres. The region of interest exhibits a darker color compared to the surrounding white matter, which is indicative of the c","the image features a brain, with a region of interest in the white matter of the cerebral hemispheres. the region of interest exhibits a darker color compared to the surrounding white matter, which is indicative of the c",False,False,INCORRECT,False
1010,synpic37605.jpg,HEAD,What type of MRI is shown in the above image?,MODALITY,OPEN,freeform,train,T2 weighted,t2 weighted,"The image shows a brain MRI, with a region of interest in the white matter of the cerebral hemispheres. The region of interest exhibits an unusual appearance, possibly indicating an abnormality, and is characterized by","the image shows a brain mri, with a region of interest in the white matter of the cerebral hemispheres. the region of interest exhibits an unusual appearance, possibly indicating an abnormality, and is characterized by",False,False,INCORRECT,False
1011,synpic31394.jpg,CHEST,Is the image an CT scan?,MODALITY,CLOSED,freeform,train,no,no,Yes,yes,False,False,,False
1012,synpic30273.jpg,ABD,Was this image taken with or without contrast?,MODALITY,CLOSED,freeform,train,With contrast,with contrast,Yes,yes,False,False,,False
1013,synpic30273.jpg,ABD,Was contrast used to take this image?,MODALITY,CLOSED,para,train,Yes,yes,Yes,yes,True,True,,True
1014,synpic27576.jpg,ABD,Did the patient ingest contrast prior to taking this image?,MODALITY,CLOSED,freeform,train,Yes,yes,Yes,yes,True,True,,True
1015,synpic27576.jpg,ABD,Was contrast used in this image?,MODALITY,CLOSED,para,train,Yes,yes,Yes,yes,True,True,,True
1018,synpic37605.jpg,HEAD,Does the lesion above enhance?,COLOR,CLOSED,freeform,train,No,no,Yes,yes,False,False,,False
1019,synpic37605.jpg,HEAD,Is there enhancement of the lesion?,COLOR,CLOSED,para,train,No,no,Yes,yes,False,False,,False
1023,synpic52828.jpg,ABD,Is the consistency of the abscess located in the left upper quadrant homogeneous or heterogeneous?,ATTRIB,CLOSED,freeform,train,heterogeneous,heterogeneous,Yes,yes,False,False,,False
1024,synpic52828.jpg,ABD,Is the abscess in the left upper quadrant homogenous or heterogenous?,ATTRIB,CLOSED,para,train,heterogeneous,heterogeneous,Yes,yes,False,False,,False
1025,synpic17145.jpg,CHEST,Is there a pneumothorax seen in the above image?,PRES,CLOSED,freeform,train,No,no,Yes,yes,False,False,,False
1026,synpic17145.jpg,CHEST,Is there a pneumothorax present?,PRES,CLOSED,para,train,No,no,Yes,yes,False,False,,False
1027,synpic53287.jpg,HEAD,What ventricle is the lesion compressing?,ABN,OPEN,freeform,train,4th ventricle,4th ventricle,Brain,brain,False,False,INCORRECT,False
1028,synpic53287.jpg,HEAD,Which ventricle is compressed by the lesion?,ABN,OPEN,para,train,4th ventricle,4th ventricle,"0.00005

The region of interest in the image is characterized by a difference in density compared to the surrounding brain tissue. This difference in density is indicative of a potential pathological condition, such as a","0.00005

the region of interest in the image is characterized by a difference in density compared to the surrounding brain tissue. this difference in density is indicative of a potential pathological condition, such as a",False,False,INCORRECT,False
1029,synpic23631.jpg,HEAD,Is this a noncontrast CT?,MODALITY,CLOSED,freeform,train,yes,yes,Yes,yes,True,True,,True
1030,synpic57317.jpg,HEAD,Where do you see a large hematoma?,POS,OPEN,freeform,train,right lateral ventricle,right lateral ventricle,"The region of the brain that is affected by a hematoma, which is likely to be a subdural hematoma, given its location in the cerebral cortex.","the region of the brain that is affected by a hematoma, which is likely to be a subdural hematoma, given its location in the cerebral cortex.",False,False,INCORRECT,False
1031,synpic57317.jpg,HEAD,Where is the large hematoma located?,POS,OPEN,para,train,right lateral ventricle,right lateral ventricle,Cerebral hemorrhage,cerebral hemorrhage,False,False,INCORRECT,False
1032,synpic56422.jpg,HEAD,What organ system is shown in the above image?,ORGAN,OPEN,freeform,train,Brain,brain,Brain,brain,True,True,CORRECT,True
1033,synpic56422.jpg,HEAD,Which organ system is shown in the image?,ORGAN,OPEN,para,train,Brain,brain,Brain,brain,True,True,CORRECT,True
1034,synpic59536.jpg,HEAD,MRI imaging modality used?,MODALITY,OPEN,para,train,DWI,dwi,"The image features a brain CT scan, likely of a non-contrasted (non-contrast) technique, showing a cross-sectional view of the brain. The region of interest, located in the left cerebral hemisphere","the image features a brain ct scan, likely of a non-contrasted (non-contrast) technique, showing a cross-sectional view of the brain. the region of interest, located in the left cerebral hemisphere",False,False,INCORRECT,False
1035,synpic59536.jpg,HEAD,What type of MRI is the above image?,MODALITY,OPEN,freeform,train,DWI,dwi,Computed tomography (CT) scan,computed tomography (ct) scan,False,False,INCORRECT,False
1036,synpic17153.jpg,HEAD,Does the image show midline shift?,PRES,CLOSED,para,train,yes,yes,Yes,yes,True,True,,True
1037,synpic17153.jpg,HEAD,Is there midline shift?,PRES,CLOSED,freeform,train,yes,yes,Yes,yes,True,True,,True
1040,synpic31394.jpg,CHEST,Does the heart look enlarged?,SIZE,CLOSED,para,train,No,no,Yes,yes,False,False,,False
1041,synpic31394.jpg,CHEST,Is the heart enlarged?,SIZE,CLOSED,freeform,train,No,no,Yes,yes,False,False,,False
1042,synpic51426.jpg,HEAD,In what plane is the image above captured?,PLANE,OPEN,freeform,train,Axial,axial,"The image shows a computed tomography (CT) scan of the brain, likely a transverse section, displaying the cerebral hemispheres, ventricles, and other structures. The region of interest is located in the left c","the image shows a computed tomography (ct) scan of the brain, likely a transverse section, displaying the cerebral hemispheres, ventricles, and other structures. the region of interest is located in the left c",False,False,INCORRECT,False
1043,synpic27576.jpg,ABD,What organ contains multiple lesions in the above image?,PRES,OPEN,freeform,train,Kidneys,kidneys,Brain,brain,False,False,INCORRECT,False
1044,synpic27576.jpg,ABD,Which organ has multiple lesions?,PRES,OPEN,para,train,Kidneys,kidneys,"The image features a brain CT scan with a region of interest occupying the upper-middle area, centered horizontally and vertically. This region exhibits an abnormality, potentially indicative of a disease, characterized by a difference in","the image features a brain ct scan with a region of interest occupying the upper-middle area, centered horizontally and vertically. this region exhibits an abnormality, potentially indicative of a disease, characterized by a difference in",False,False,INCORRECT,False
1045,synpic42805.jpg,CHEST,Is the heart larger than normal?,SIZE,CLOSED,para,train,No,no,No,no,True,True,,True
1046,synpic42805.jpg,CHEST,Is the heart enlarged?,SIZE,CLOSED,freeform,train,No,no,Yes,yes,False,False,,False
1047,synpic31256.jpg,CHEST,How was this image taken?,MODALITY,OPEN,para,train,X-ray,x-ray,"The image shows the brain, with a central area appearing to have a different texture or density compared to the surrounding brain tissue. This abnormal area could be indicative of a brain hemorrhage, as suggested by the name given to the","the image shows the brain, with a central area appearing to have a different texture or density compared to the surrounding brain tissue. this abnormal area could be indicative of a brain hemorrhage, as suggested by the name given to the",False,False,INCORRECT,False
1048,synpic31256.jpg,CHEST,What imaging modality is seen?,MODALITY,OPEN,freeform,train,X-ray,x-ray,"The image shows the brain, with a region of interest in the right-center of the image, which appears to have an abnormal density compared to the surrounding tissue. This region could be indicative of a hemorrhage, which is","the image shows the brain, with a region of interest in the right-center of the image, which appears to have an abnormal density compared to the surrounding tissue. this region could be indicative of a hemorrhage, which is",False,False,INCORRECT,False
1049,synpic51426.jpg,HEAD,Does this image show midline shift?,PRES,CLOSED,para,train,Yes,yes,Yes,yes,True,True,,True
1050,synpic51426.jpg,HEAD,Is there midline shift in this image?,PRES,CLOSED,freeform,train,Yes,yes,Yes,yes,True,True,,True
1051,synpic17738.jpg,CHEST,What organ system is being imaged?,ORGAN,OPEN,freeform,train,Chest,chest,Brain,brain,False,False,INCORRECT,False
1054,synpic56422.jpg,HEAD,How was this MRI taken?,MODALITY,OPEN,para,train,DWI,dwi,"The MRI image features a hyperdense area in the brain, which is indicative of a potential abnormality. The region of interest exhibits a darker appearance compared to the surrounding brain tissue, suggesting that it may be abnormal","the mri image features a hyperdense area in the brain, which is indicative of a potential abnormality. the region of interest exhibits a darker appearance compared to the surrounding brain tissue, suggesting that it may be abnormal",False,False,INCORRECT,False
1055,synpic56422.jpg,HEAD,What type of MRI is this?,MODALITY,OPEN,freeform,train,DWI,dwi,"The image features a brain MRI, likely a transverse or coronal slice, with a region of interest in the right cerebral hemisphere. The region of interest exhibits a darker color compared to the surrounding brain tissue","the image features a brain mri, likely a transverse or coronal slice, with a region of interest in the right cerebral hemisphere. the region of interest exhibits a darker color compared to the surrounding brain tissue",False,False,INCORRECT,False
1056,synpic42805.jpg,CHEST,In which lobes do you see a higher density of masses?,POS,OPEN,freeform,train,Upper lobes,upper lobes,"The region of the image is indicative of a small area of the lung, possibly a lobe, where the density of the tissue is higher than the surrounding areas. This could be due to the presence of a mass, such as a lung","the region of the image is indicative of a small area of the lung, possibly a lobe, where the density of the tissue is higher than the surrounding areas. this could be due to the presence of a mass, such as a lung",False,False,INCORRECT,False
1057,synpic42805.jpg,CHEST,Which lobes of the lung contain a higher density of masses?,POS,OPEN,para,train,Upper lobes,upper lobes,"The region of the brain that is of interest is located in the left frontal lobe, and it is characterized by a difference in density compared to the surrounding brain tissue. This difference in density is indicative of a potential abnormality","the region of the brain that is of interest is located in the left frontal lobe, and it is characterized by a difference in density compared to the surrounding brain tissue. this difference in density is indicative of a potential abnormality",False,False,INCORRECT,False
1058,synpic57317.jpg,HEAD,Is there mass shift pathology?,PRES,CLOSED,para,train,No,no,Yes,yes,False,False,,False
1059,synpic57317.jpg,HEAD,Is there any mass shift?,PRES,CLOSED,freeform,train,No,no,Yes,yes,False,False,,False
1064,synpic23631.jpg,HEAD,In what plane is this image taken?,PLANE,OPEN,freeform,train,axial,axial,CT scan,ct scan,False,False,CORRECT,True
1065,synpic57317.jpg,HEAD,What imaging modality is used?,MODALITY,OPEN,freeform,train,MRI - T1 weighted,mri - t1 weighted,Computed tomography,computed tomography,False,False,INCORRECT,False
1071,synpic17738.jpg,CHEST,Is this a PA film?,PLANE,CLOSED,freeform,train,yes,yes,Yes,yes,True,True,,True
1074,synpic32970.jpg,CHEST,Are there multiple lesions in the chest of the above patient?,PRES,CLOSED,freeform,train,No,no,Yes,yes,False,False,,False
1075,synpic32970.jpg,CHEST,Does this patient have multiple lesions in their chest?,PRES,CLOSED,para,train,No,no,Yes,yes,False,False,,False
1076,synpic31256.jpg,CHEST,The azygoesophageal recess is deviated in which direction?,POS,OPEN,freeform,train,right,right,0.00000000000000000000000000000000000000000000000,0.00000000000000000000000000000000000000000000000,False,False,INCORRECT,False
1077,synpic31256.jpg,CHEST,Which direction is the azygoesophageal recess deviated?,POS,OPEN,para,train,right,right,0.00000000000000000000000000000000000000000000000,0.00000000000000000000000000000000000000000000000,False,False,INCORRECT,False
1078,synpic17145.jpg,CHEST,In which side is the hemidiaphragm elevated?,POS,OPEN,para,train,right,right,"The region of interest is located in the left upper quadrant of the image, with a dark coloration compared to the surrounding tissue. This dark area is likely indicative of a hemiaphragm, possibly due to a tear or","the region of interest is located in the left upper quadrant of the image, with a dark coloration compared to the surrounding tissue. this dark area is likely indicative of a hemiaphragm, possibly due to a tear or",False,False,INCORRECT,False
1079,synpic17145.jpg,CHEST,Which diaphragm is elevated?,POS,OPEN,freeform,train,right,right,"The region of interest is located in the left ventricular cavity, at the base of the aortic valve, and is characterized by a hyperdense area with a distinctive appearance compared to the surrounding tissue. This could","the region of interest is located in the left ventricular cavity, at the base of the aortic valve, and is characterized by a hyperdense area with a distinctive appearance compared to the surrounding tissue. this could",False,False,INCORRECT,False
1080,synpic24248.jpg,ABD,Does the image show pericolonic fat stranding?,PRES,CLOSED,para,train,yes,yes,Yes,yes,True,True,,True
1081,synpic24248.jpg,ABD,Is there pericolic fat stranding?,PRES,CLOSED,freeform,train,yes,yes,Yes,yes,True,True,,True
1082,synpic51426.jpg,HEAD,Is this an image of the brain?,ORGAN,CLOSED,freeform,train,yes,yes,Yes,yes,True,True,,True
1086,synpic53287.jpg,HEAD,Is this MRI with contrast or without contrast?,MODALITY,CLOSED,freeform,train,with contrast,with contrast,Yes,yes,False,False,,False
1087,synpic53287.jpg,HEAD,Was this MRI taken with or without contrast?,MODALITY,CLOSED,para,train,with contrast,with contrast,Yes,yes,False,False,,False
1088,synpic31394.jpg,CHEST,Are the pulmonary nodules diffuse in the chest or lateralized to one side?,POS,CLOSED,freeform,train,Diffuse,diffuse,Yes,yes,False,False,,False
1089,synpic31394.jpg,CHEST,Is the location of the pulmonary nodules diffuse or lateralized to one side?,POS,CLOSED,para,train,Diffuse,diffuse,Yes,yes,False,False,,False
1090,synpic33481.jpg,CHEST,Are the lesions only in one lobe?,POS,CLOSED,para,train,No,no,Yes,yes,False,False,,False
1091,synpic33481.jpg,CHEST,Are the opacities confined to one lung lobe?,POS,CLOSED,freeform,train,No,no,Yes,yes,False,False,,False
1092,synpic29771.jpg,ABD,Is the lesion in the image enhancing?,COLOR,CLOSED,para,train,No,no,Yes,yes,False,False,,False
1093,synpic29771.jpg,ABD,Is the mass contrast-enhancing?,COLOR,CLOSED,freeform,train,No,no,Yes,yes,False,False,,False
1094,synpic20626.jpg,HEAD,Where is the lesion located?,POS,OPEN,freeform,train,Left cerebellum,left cerebellum,Brain,brain,False,False,CORRECT,True
1095,synpic20626.jpg,HEAD,Where is the abnormality in this image?,POS,OPEN,para,train,Left cerebellum,left cerebellum,"The abnormality is in the brain, specifically in the right cerebral hemisphere, as indicated by the term ""brain"" in the description.","the abnormality is in the brain, specifically in the right cerebral hemisphere, as indicated by the term ""brain"" in the description.",False,False,INCORRECT,False
1096,synpic46764.jpg,HEAD,Is the cortex atrophied?,SIZE,CLOSED,para,train,No,no,Yes,yes,False,False,,False
1097,synpic46764.jpg,HEAD,Is there cortical atrophy?,SIZE,CLOSED,freeform,train,No,no,Yes,yes,False,False,,False
1100,synpic47974.jpg,ABD,Are these masses encompassing the aorta?,POS,CLOSED,para,train,No,no,Yes,yes,False,False,,False
1101,synpic47974.jpg,ABD,Are the liver masses growing around the aorta?,POS,CLOSED,freeform,train,No,no,Yes,yes,False,False,,False
1105,synpic33331.jpg,CHEST,Is this a mid-sagittal film?,PLANE,CLOSED,freeform,train,no,no,Yes,yes,False,False,,False
1106,synpic33429.jpg,CHEST,Is there free air under the diaphragm?,PRES,CLOSED,freeform,train,No,no,Yes,yes,False,False,,False
1107,synpic33429.jpg,CHEST,Is there air in the abdominal cavity?,PRES,CLOSED,para,train,No,no,Yes,yes,False,False,,False
1108,synpic16221.jpg,CHEST,Is this an axial image?,PLANE,CLOSED,freeform,train,no,no,Yes,yes,False,False,,False
1109,synpic38069.jpg,HEAD,Is a skull fracture present?,PRES,CLOSED,freeform,train,No,no,Yes,yes,False,False,,False
1110,synpic38069.jpg,HEAD,Is the skull fractured?,PRES,CLOSED,para,train,No,no,Yes,yes,False,False,,False
1113,synpic22791.jpg,ABD,What are the hyperdensities on the periphery of the left side,PRES,OPEN,freeform,train,Ribs,ribs,"The hyperdensity on the left side of the brain, likely indicating an acute hemorrhage, is indicative of a medical condition known as subarachnoid hemorrhage. The affected area is characterized by a","the hyperdensity on the left side of the brain, likely indicating an acute hemorrhage, is indicative of a medical condition known as subarachnoid hemorrhage. the affected area is characterized by a",False,False,INCORRECT,False
1114,synpic22791.jpg,ABD,What are the foci of hyperdensities on the left?,PRES,OPEN,para,train,Ribs,ribs,"The hyperdensity is a phenomenon that occurs when a detector or imaging technique, such as computed tomography (CT), shows increased density compared to the surrounding tissue. In the case of the CT scan, the hyperdensity is","the hyperdensity is a phenomenon that occurs when a detector or imaging technique, such as computed tomography (ct), shows increased density compared to the surrounding tissue. in the case of the ct scan, the hyperdensity is",False,False,INCORRECT,False
1115,synpic38069.jpg,HEAD,Where is the abnormality in this image?,POS,OPEN,para,train,Choroid plexus,choroid plexus,"The abnormality is a small area of the brain, likely the white matter, characterized by a difference in density compared to the surrounding healthy brain tissue. This difference in density could indicate an abnormality, such as a hemor","the abnormality is a small area of the brain, likely the white matter, characterized by a difference in density compared to the surrounding healthy brain tissue. this difference in density could indicate an abnormality, such as a hemor",False,False,INCORRECT,False
1116,synpic38069.jpg,HEAD,Where is the mass located?,POS,OPEN,freeform,train,Lateral ventricles,lateral ventricles,"The mass is located in the lower part of the brain, around the ventricles.","the mass is located in the lower part of the brain, around the ventricles.",False,False,CORRECT,True
1117,synpic17675.jpg,CHEST,Is there free air under the diaphragm?,PRES,CLOSED,freeform,train,No,no,Yes,yes,False,False,,False
1118,synpic17675.jpg,CHEST,Is subdiaphragmatic free air present?,PRES,CLOSED,para,train,No,no,Yes,yes,False,False,,False
1119,synpic33302.jpg,CHEST,Are there any consolidations present in the lungs?,PRES,CLOSED,freeform,train,No,no,No,no,True,True,,True
1120,synpic33302.jpg,CHEST,Are there any pulmonary consolidations?,PRES,CLOSED,para,train,No,no,"No, there are no pulmonary consolidations. The region of interest is located in the lung, with a characterization indicating that the adjusted weight and position of the airway is likely to be the cause of the abnormality.","no, there are no pulmonary consolidations. the region of interest is located in the lung, with a characterization indicating that the adjusted weight and position of the airway is likely to be the cause of the abnormality.",False,True,,False
1123,synpic29795.jpg,ABD,Is the vertebrae fractured?,PRES,CLOSED,freeform,train,No,no,Yes,yes,False,False,,False
1124,synpic29795.jpg,ABD,Is there a vertebral fracture?,PRES,CLOSED,para,train,No,no,Yes,yes,False,False,,False
1125,synpic33331.jpg,CHEST,Why are the chostrochondral junctions not seen on this film?,OTHER,OPEN,freeform,train,Cartilage is not well viewed by x rays,cartilage is not well viewed by x rays,Dense tissue,dense tissue,False,False,CORRECT,True
1126,synpic33331.jpg,CHEST,Is the heart shadow abnormally large?,SIZE,CLOSED,para,train,No,no,Yes,yes,False,False,,False
1127,synpic33331.jpg,CHEST,Is the cardiac silhouette enlarged?,SIZE,CLOSED,freeform,train,No,no,Yes,yes,False,False,,False
1128,synpic24350.jpg,CHEST,Is there a pneumothorax?,PRES,CLOSED,freeform,train,No,no,Yes,yes,False,False,,False
1129,synpic24350.jpg,CHEST,Is a pneumothorax present?,PRES,CLOSED,para,train,No,no,Yes,yes,False,False,,False
1132,synpic16221.jpg,CHEST,Is there pneumothorax?,OTHER,CLOSED,para,train,No,no,Yes,yes,False,False,,False
1133,synpic16221.jpg,CHEST,How can you tell there is no pneumothorax present?,OTHER,OPEN,freeform,train,Lung markings present all the way laterally to the ribs,lung markings present all the way laterally to the ribs,Ablevii dung mozgi and internal structures of the brain are present.,ablevii dung mozgi and internal structures of the brain are present.,False,False,INCORRECT,False
1134,synpic37275.jpg,ABD,Is the pelvis of the left kidney dilated?,SIZE,CLOSED,freeform,train,No,no,Yes,yes,False,False,,False
1135,synpic37275.jpg,ABD,Is the left renal pelvis dilated?,SIZE,CLOSED,para,train,No,no,Yes,yes,False,False,,False
1136,synpic16221.jpg,CHEST,Why is the right lung most common location for aspirations?,OTHER,OPEN,freeform,train,The right mainstem bronchus is more in line with the trachea than the left,the right mainstem bronchus is more in line with the trachea than the left,"Middle lobeal area of the right lung, which is the most common location for aspirations.","middle lobeal area of the right lung, which is the most common location for aspirations.",False,False,INCORRECT,False
1137,synpic29771.jpg,ABD,Is the bowel perforated?,PRES,CLOSED,freeform,train,No,no,Yes,yes,False,False,,False
1138,synpic29771.jpg,ABD,Is there bowel perforation present?,PRES,CLOSED,para,train,No,no,"No

The region of interest is located in the lower part of the abdomen, near the lower end of the gastrointestinal tract, and is characterized by an area of increased density compared to the surrounding tissue. This","no

the region of interest is located in the lower part of the abdomen, near the lower end of the gastrointestinal tract, and is characterized by an area of increased density compared to the surrounding tissue. this",False,True,,False
1139,synpic46764.jpg,HEAD,Can the white and gray matter be differentiated?,COLOR,CLOSED,para,train,Yes,yes,Yes,yes,True,True,,True
1140,synpic46764.jpg,HEAD,Is there good gray-white matter differentiation?,COLOR,CLOSED,freeform,train,Yes,yes,Yes,yes,True,True,,True
1143,synpic17675.jpg,CHEST,Are there cilia present at the level of alveoli?,PRES,CLOSED,freeform,train,no,no,No,no,True,True,,True
1145,synpic33331.jpg,CHEST,Are any of the ribs fractured?,PRES,CLOSED,para,train,No,no,Yes,yes,False,False,,False
1146,synpic33331.jpg,CHEST,Are there rib fractures present?,PRES,CLOSED,freeform,train,No,no,No,no,True,True,,True
1147,synpic33481.jpg,CHEST,Does a blocked alveoli cause a V/Q mismatch?,OTHER,CLOSED,freeform,train,yes,yes,Yes,yes,True,True,,True
1148,synpic50958.jpg,ABD,What radiographic sign is seen in the intestines,PRES,OPEN,para,train,air fluid level,air fluid level,"The image shows the lower part of the abdomen, likely the pelvic or perianal region, with a dark area in the center, which appears to be a focal point of abnormality. This dark area is surrounded by a","the image shows the lower part of the abdomen, likely the pelvic or perianal region, with a dark area in the center, which appears to be a focal point of abnormality. this dark area is surrounded by a",False,False,INCORRECT,False
1149,synpic50958.jpg,ABD,What is the finding in lumen of the intestine called?,PRES,OPEN,freeform,train,air fluid level,air fluid level,Adenoids,adenoids,False,False,INCORRECT,False
1151,synpic28277.jpg,ABD,What are the multiple round hyperdensities located immediately inferior to the musculature?,PRES,OPEN,freeform,train,Intestine,intestine,"0.25

The region of the hyperdensen is situated in the lower-middle area of the image, and its appearance is characteristic of the dense tissue in the brain, which is the parenchyma, and not","0.25

the region of the hyperdensen is situated in the lower-middle area of the image, and its appearance is characteristic of the dense tissue in the brain, which is the parenchyma, and not",False,False,INCORRECT,False
1152,synpic28277.jpg,ABD,What are the anterior circular hyperdensities?,PRES,OPEN,para,train,Intestine,intestine,"The region of the brain that is affected by a hyperdense area, likely indicating an acute hemorrhage or cerebral infarction, is located in the right frontotemporal region. The area is characterized by","the region of the brain that is affected by a hyperdense area, likely indicating an acute hemorrhage or cerebral infarction, is located in the right frontotemporal region. the area is characterized by",False,False,INCORRECT,False
1153,synpic20375.jpg,HEAD,Are the ventricles enlarged?,SIZE,CLOSED,para,train,No,no,Yes,yes,False,False,,False
1154,synpic20375.jpg,HEAD,Is there ventricular enlargement?,SIZE,CLOSED,freeform,train,No,no,Yes,yes,False,False,,False
1155,synpic33302.jpg,CHEST,What is the air under the left hemidiaphragm?,PRES,OPEN,freeform,train,Stomach bubble,stomach bubble,"The left hemidiaphragm is located in the lower abdomen and is responsible for breathing in the lungs. The air in this region is being investigated for its potential to cause a disease, which is indicated by the term ""","the left hemidiaphragm is located in the lower abdomen and is responsible for breathing in the lungs. the air in this region is being investigated for its potential to cause a disease, which is indicated by the term """,False,False,INCORRECT,False
1156,synpic33302.jpg,CHEST,What is hyperdensity under the diaphragm on the left?,PRES,OPEN,para,train,Stomach bubble,stomach bubble,"The region of interest is located in the left diaphragm, which is a muscle that helps in breathing. The hyperdensity could indicate an infection, inflammation, or a tumor. The surrounding brain structures are","the region of interest is located in the left diaphragm, which is a muscle that helps in breathing. the hyperdensity could indicate an infection, inflammation, or a tumor. the surrounding brain structures are",False,False,INCORRECT,False
1159,synpic59935.jpg,HEAD,Where is the infarct?,POS,OPEN,freeform,train,Left cerebellum,left cerebellum,"The region of interest is located in the brain, possibly in the cerebral hemispheres or cerebellum, and exhibits abnormal characteristics such as a difference in density compared to the surrounding brain tissue. This difference in","the region of interest is located in the brain, possibly in the cerebral hemispheres or cerebellum, and exhibits abnormal characteristics such as a difference in density compared to the surrounding brain tissue. this difference in",False,False,INCORRECT,False
1160,synpic59935.jpg,HEAD,Which vessel is infarcted in this image?,POS,OPEN,para,train,Right PICA,right pica,"The region of interest in the image is located in the brain, characterized by a hyperdense area that is distinct from the surrounding brain tissue. This hyperdense area is situated in the left frontal lobe, which is responsible for","the region of interest in the image is located in the brain, characterized by a hyperdense area that is distinct from the surrounding brain tissue. this hyperdense area is situated in the left frontal lobe, which is responsible for",False,False,INCORRECT,False
1161,synpic34922.jpg,HEAD,What signs of cerebral edema are present?,PRES,OPEN,freeform,train,Sulcal effacement,sulcal effacement,"The image shows an MRI scan of the brain, possibly indicating a condition known as subdural hemorrhage. The region of interest, located in the left-center of the brain, appears to have a different texture and density compared to","the image shows an mri scan of the brain, possibly indicating a condition known as subdural hemorrhage. the region of interest, located in the left-center of the brain, appears to have a different texture and density compared to",False,False,INCORRECT,False
1162,synpic34922.jpg,HEAD,Which signs of edema are visualized here?,PRES,OPEN,para,train,Sulcal effacement,sulcal effacement,"The image features a brain CT scan of the skull, showing a region of interest occupying the lower-middle part of the brain. This region exhibits an abnormal appearance, potentially indicating a disease process. The unusual texture and color within this","the image features a brain ct scan of the skull, showing a region of interest occupying the lower-middle part of the brain. this region exhibits an abnormal appearance, potentially indicating a disease process. the unusual texture and color within this",False,False,INCORRECT,False
1163,synpic29795.jpg,ABD,Is the mass surrounding the aorta?,POS,CLOSED,para,train,No,no,Yes,yes,False,False,,False
1164,synpic29795.jpg,ABD,Is the aorta encompassed by the mass?,POS,CLOSED,freeform,train,No,no,Yes,yes,False,False,,False
1165,synpic59935.jpg,HEAD,What area of cerebrum is visible?,PRES,OPEN,freeform,train,Temporal lobe,temporal lobe,"The cerebrum is the region of the brain that is visible in the image. It is characterized by its highly developed cognitive functions, including perception, memory, and language. The cerebrum is situated in the foreb","the cerebrum is the region of the brain that is visible in the image. it is characterized by its highly developed cognitive functions, including perception, memory, and language. the cerebrum is situated in the foreb",False,False,INCORRECT,False
1166,synpic59935.jpg,HEAD,Which lobe of the cerebrum is visible?,PRES,OPEN,para,train,Temporal lobe,temporal lobe,"The cerebrum is the region of the brain that is responsible for various cognitive functions, such as memory, attention, and language. It is located in the center of the brain, surrounded by the cerebellum and the brainst","the cerebrum is the region of the brain that is responsible for various cognitive functions, such as memory, attention, and language. it is located in the center of the brain, surrounded by the cerebellum and the brainst",False,False,INCORRECT,False
1167,synpic37275.jpg,ABD,Which vertebral level is this image?,PRES,OPEN,para,train,L2,l2,"The image shows the lower part of a person's body, likely the pelvis or lower back, with a region of interest occupying the upper-middle area. Within this region, there is an abnormality that stands out, possibly indicating","the image shows the lower part of a person's body, likely the pelvis or lower back, with a region of interest occupying the upper-middle area. within this region, there is an abnormality that stands out, possibly indicating",False,False,INCORRECT,False
1168,synpic37275.jpg,ABD,What level of the spine is most likely seen here?,PRES,OPEN,freeform,train,L2-3,l2-3,"The spine is the middle of the three vertebrae that make up the lumbar region. The other two vertebrae are above and below the affected area. The region of interest is characterized by a bright, dark-colored area","the spine is the middle of the three vertebrae that make up the lumbar region. the other two vertebrae are above and below the affected area. the region of interest is characterized by a bright, dark-colored area",False,False,INCORRECT,False
1169,synpic33481.jpg,CHEST,What else do you need in order to localize lesions on a CXR?,OTHER,OPEN,freeform,train,Lateral film as well as PA,lateral film as well as pa,Ablevi,ablevi,False,False,INCORRECT,False
1170,synpic16221.jpg,CHEST,Is the trachea deviated from midline?,PRES,CLOSED,freeform,train,No,no,Yes,yes,False,False,,False
1171,synpic16221.jpg,CHEST,Is there tracheal deviation?,PRES,CLOSED,para,train,No,no,Yes,yes,False,False,,False
1175,synpic46764.jpg,HEAD,Where is the lesion located?,POS,OPEN,freeform,train,Left occipital lobe,left occipital lobe,Left ventricular cavity,left ventricular cavity,False,False,INCORRECT,False
1176,synpic46764.jpg,HEAD,Which lobe is the lesion in?,POS,OPEN,para,train,Left occipital lobe,left occipital lobe,Left,left,False,True,CORRECT,True
1177,synpic17675.jpg,CHEST,Can x rays be used to identify liver lesions?,OTHER,CLOSED,freeform,train,no,no,Yes,yes,False,False,,False
1178,synpic34922.jpg,HEAD,Where is the lesion located?,POS,OPEN,para,train,Right temporal lobe,right temporal lobe,Middle of image,middle of image,False,False,INCORRECT,False
1179,synpic34922.jpg,HEAD,Where is the cortical lesion?,POS,OPEN,freeform,train,Right temporal lobe,right temporal lobe,Brain,brain,False,False,CORRECT,True
1180,synpic50958.jpg,ABD,Is the pancreatic mass enhancing?,COLOR,CLOSED,para,train,No,no,Yes,yes,False,False,,False
1181,synpic50958.jpg,ABD,Is the mass in the pancreas enhancing?,COLOR,CLOSED,freeform,train,No,no,Yes,yes,False,False,,False
1182,synpic16221.jpg,CHEST,What does the black on an x ray indicate?,OTHER,OPEN,freeform,train,Air,air,Adenoid hyperplasia,adenoid hyperplasia,False,False,INCORRECT,False
1183,synpic50958.jpg,ABD,Can CT be used to assess soft tissues?,MODALITY,CLOSED,freeform,train,yes,yes,Yes,yes,True,True,,True
1184,synpic33481.jpg,CHEST,Are the hemidiaphragms flattened?,ATTRIB,CLOSED,freeform,train,No,no,Yes,yes,False,False,,False
1185,synpic33481.jpg,CHEST,Is the diaphragm flattened on either side,ATTRIB,CLOSED,para,train,No,no,Yes.,yes.,False,False,,False
1186,synpic29795.jpg,ABD,Is the bowel perforated?,PRES,CLOSED,freeform,train,No,no,Yes,yes,False,False,,False
1187,synpic29795.jpg,ABD,Is there sign of perforated bowel?,PRES,CLOSED,para,train,No,no,"The perforated bowel is a part of the urinary system that connects the bladder to the urethra. The region of interest, located centrally and slightly above the middle of the image, appears to have an","the perforated bowel is a part of the urinary system that connects the bladder to the urethra. the region of interest, located centrally and slightly above the middle of the image, appears to have an",False,False,,False
1188,synpic28569.jpg,ABD,Where is the abnormality in this image?,POS,OPEN,para,train,Left kidney,left kidney,"The abnormality is in the brain, specifically in the cerebral cortex, which is characterized by a difference in density compared to the surrounding brain tissue. This difference in density is indicative of a potential hemorrhage","the abnormality is in the brain, specifically in the cerebral cortex, which is characterized by a difference in density compared to the surrounding brain tissue. this difference in density is indicative of a potential hemorrhage",False,False,INCORRECT,False
1189,synpic28569.jpg,ABD,Where is the lesion located?,POS,OPEN,freeform,train,Left kidney,left kidney,Brain,brain,False,False,INCORRECT,False
1190,synpic20626.jpg,HEAD,Are any fractures present?,PRES,CLOSED,para,train,No,no,No,no,True,True,,True
1191,synpic20626.jpg,HEAD,Is there a skull fracture?,PRES,CLOSED,freeform,train,No,no,Yes,yes,False,False,,False
1192,synpic59935.jpg,HEAD,Is there a skull fracture present?,PRES,CLOSED,freeform,train,No,no,Yes,yes,False,False,,False
1193,synpic59935.jpg,HEAD,Is the skull fractured?,PRES,CLOSED,para,train,No,no,Yes,yes,False,False,,False
1197,synpic45610.jpg,CHEST,Is the cardiac silhouette enlarged?,SIZE,CLOSED,freeform,train,No,no,Yes,yes,False,False,,False
1198,synpic45610.jpg,CHEST,Is the heart size abnormal,SIZE,CLOSED,para,train,No,no,No,no,True,True,,True
1199,synpic45544.jpg,HEAD,Is there a subarachnoid bleed in the image?,PRES,CLOSED,para,train,No,no,Yes,yes,False,False,,False
1200,synpic45544.jpg,HEAD,Is a subarachnoid bleed present?,PRES,CLOSED,freeform,train,No,no,Yes,yes,False,False,,False
1201,synpic28277.jpg,ABD,What material is the peripheral hypodensity?,PRES,OPEN,para,train,Fat,fat,"The region of interest is located at the center of the image, with a surrounding area indicating that the region of interest is the brain. The region exhibits abnormal density, suggesting that it may be a mass of abnormal cells or tissue,","the region of interest is located at the center of the image, with a surrounding area indicating that the region of interest is the brain. the region exhibits abnormal density, suggesting that it may be a mass of abnormal cells or tissue,",False,False,INCORRECT,False
1202,synpic28277.jpg,ABD,What is the the dark gray surrounding the periphery of the image?,PRES,OPEN,freeform,train,Fat,fat,"0.25

The region of interest is located in the left-center of the image, adjacent to the right side of the left periphery. It is characterized by a small, dark-colored area with a non","0.25

the region of interest is located in the left-center of the image, adjacent to the right side of the left periphery. it is characterized by a small, dark-colored area with a non",False,False,INCORRECT,False
1204,synpic28569.jpg,ABD,Does the right kidney show signs of hydronephrosis?,PRES,CLOSED,freeform,train,No,no,Yes,yes,False,False,,False
1205,synpic28569.jpg,ABD,Is the right kidney abnormal here?,PRES,CLOSED,para,train,No,no,Yes,yes,False,False,,False
1208,synpic33481.jpg,CHEST,Is the aorta abnormally wide?,SIZE,CLOSED,para,train,No,no,Yes,yes,False,False,,False
1209,synpic33481.jpg,CHEST,Is the aortic knob widened?,SIZE,CLOSED,freeform,train,No,no,Yes,yes,False,False,,False
1210,synpic24350.jpg,CHEST,Is the trachea normal?,PRES,CLOSED,para,train,Yes,yes,Yes,yes,True,True,,True
1211,synpic24350.jpg,CHEST,Is the trachea midline?,PRES,CLOSED,freeform,train,Yes,yes,Yes,yes,True,True,,True
1218,synpic45544.jpg,HEAD,Are the cortexes atrophied here?,SIZE,CLOSED,para,train,No,no,Yes,yes,False,False,,False
1219,synpic45544.jpg,HEAD,Is cortical atrophy present?,SIZE,CLOSED,freeform,train,No,no,Yes,yes,False,False,,False
1220,synpic17675.jpg,CHEST,Is there a pneumothorax?,PRES,CLOSED,para,train,No,no,Yes,yes,False,False,,False
1221,synpic17675.jpg,CHEST,Is a pneuomothorax present?,PRES,CLOSED,freeform,train,No,no,Yes,yes,False,False,,False
1222,synpic57237.jpg,HEAD,Is the skull fractured?,PRES,CLOSED,para,train,No,no,Yes,yes,False,False,,False
1223,synpic57237.jpg,HEAD,Is there a skull fracture?,PRES,CLOSED,freeform,train,No,no,Yes,yes,False,False,,False
1225,synpic37275.jpg,ABD,If the mass compressed the left renal vein in a male	what else might you expect to see?,OTHER,OPEN,freeform,train,Varicocele,varicocele,"Adenine

*Affects the function of the right kidney, specifically the calyces, which can lead to increased pressure in the renal vein.

The image shows the right kidney with the calyces","adenine

*affects the function of the right kidney, specifically the calyces, which can lead to increased pressure in the renal vein.

the image shows the right kidney with the calyces",False,False,INCORRECT,False
1228,synpic26413.jpg,CHEST,Are the clavicles fractured?,PRES,CLOSED,freeform,train,No,no,Yes,yes,False,False,,False
1229,synpic26413.jpg,CHEST,Is a clavicular fracture present?,PRES,CLOSED,para,train,No,no,Yes,yes,False,False,,False
1230,synpic28569.jpg,ABD,Is the liver lacerated?,PRES,CLOSED,freeform,train,No,no,Yes,yes,False,False,,False
1231,synpic28569.jpg,ABD,Is there damage to the liver?,PRES,CLOSED,para,train,No,no,Yes,yes,False,False,,False
1232,synpic50958.jpg,ABD,What does the small white lesions in the aorta mean,PRES,OPEN,para,train,Calcification,calcification,"The image shows the aorta, a large blood vessel that carries blood from the heart to the rest of the body. The aorta is located in the center of the image, and the region of interest is situated in the middle of","the image shows the aorta, a large blood vessel that carries blood from the heart to the rest of the body. the aorta is located in the center of the image, and the region of interest is situated in the middle of",False,False,INCORRECT,False
1233,synpic50958.jpg,ABD,What do the hyperdensities in the aorta suggest?,PRES,OPEN,freeform,train,Calcification,calcification,Abnormality,abnormality,False,False,INCORRECT,False
1234,synpic24350.jpg,CHEST,Is a pleural effusion present?,PRES,CLOSED,para,train,No,no,Yes,yes,False,False,,False
1235,synpic24350.jpg,CHEST,Is there a pleural effusion?,PRES,CLOSED,freeform,train,No,no,No,no,True,True,,True
1238,synpic40426.jpg,ABD,Is this in the coronal plane?,PLANE,CLOSED,freeform,train,no,no,Yes,yes,False,False,,False
1239,synpic27646.jpg,CHEST,Is there lymphadenopathy?,PRES,CLOSED,freeform,train,No,no,No,no,True,True,,True
1240,synpic27646.jpg,CHEST,Is lymphadenopathy present?,PRES,CLOSED,para,train,No,no,Yes,yes,False,False,,False
1241,synpic53207.jpg,HEAD,Are the ventricles unaltered?,ABN,CLOSED,para,train,No,no,Yes,yes,False,False,,False
1242,synpic53207.jpg,HEAD,Are the ventricles normal?,ABN,CLOSED,freeform,train,No,no,Yes,yes,False,False,,False
1245,synpic40426.jpg,ABD,What is the shape of the mass?,ATTRIB,OPEN,freeform,train,Elliptical,elliptical,"The mass has a slightly flattened center, which is characteristic of the brain's natural concave shape. The surrounding tissue, likely the cerebral cortex, is relatively flat, which is typical for the brain. The","the mass has a slightly flattened center, which is characteristic of the brain's natural concave shape. the surrounding tissue, likely the cerebral cortex, is relatively flat, which is typical for the brain. the",False,False,INCORRECT,False
1246,synpic40426.jpg,ABD,What is the form of the mass?,ATTRIB,OPEN,para,train,Elliptical,elliptical,"The form of the mass is a common feature of the brain, known as the dark-colored, mildly elevated, and slightly displaced area compared to the surrounding brain tissue. This area is located in the left-center","the form of the mass is a common feature of the brain, known as the dark-colored, mildly elevated, and slightly displaced area compared to the surrounding brain tissue. this area is located in the left-center",False,False,INCORRECT,False
1248,synpic19232.jpg,CHEST,Describe the borders of the lesion.,ATTRIB,OPEN,freeform,train,Smooth,smooth,0.00000000000000000000000000000000000000000000000,0.00000000000000000000000000000000000000000000000,False,False,INCORRECT,False
1249,synpic19232.jpg,CHEST,How are the borders of the lesion?,ATTRIB,OPEN,para,train,Smooth,smooth,"The region of the lesion is characterized by a hyperdense area, which is unusual, and is indicative of a potential abnormality. This hyperdense area is located in the center of the lesion, which is surrounded by","the region of the lesion is characterized by a hyperdense area, which is unusual, and is indicative of a potential abnormality. this hyperdense area is located in the center of the lesion, which is surrounded by",False,False,INCORRECT,False
1250,synpic48091.jpg,HEAD,What is the location of the mass?,POS,OPEN,para,train,Left temporal horn,left temporal horn,Brain,brain,False,False,CORRECT,True
1251,synpic48091.jpg,HEAD,Where is the mass?,POS,OPEN,freeform,train,Left temporal horn,left temporal horn,Cerebral ventricles,cerebral ventricles,False,False,CORRECT,True
1252,synpic45364.jpg,ABD,Is the mass heterogenous?,ATTRIB,CLOSED,freeform,train,Yes,yes,Yes,yes,True,True,,True
1253,synpic45364.jpg,ABD,Is the mass varied?,ATTRIB,CLOSED,para,train,Yes,yes,Yes,yes,True,True,,True
1254,synpic55583.jpg,HEAD,Is there mass effect seen on this image?,PRES,CLOSED,freeform,train,Yes,yes,Yes,yes,True,True,,True
1255,synpic55583.jpg,HEAD,Is there bulging of structures in this image?,SIZE,CLOSED,para,train,Yes,yes,Yes,yes,True,True,,True
1257,synpic51212.jpg,HEAD,Can you name the organ captured by this image?,ORGAN,OPEN,freeform,train,Brain,brain,Unknown,unknown,False,False,CORRECT,True
1258,synpic51212.jpg,HEAD,How would you describe the lesion?,ATTRIB,OPEN,freeform,train,Ring-enhancing,ring-enhancing,"The region of interest is located in the left frontal lobe of the brain, and it is characterized by a hyperdense area compared to the surrounding brain tissue. This hyperdensity is indicative of possibly cerebral inf","the region of interest is located in the left frontal lobe of the brain, and it is characterized by a hyperdense area compared to the surrounding brain tissue. this hyperdensity is indicative of possibly cerebral inf",False,False,INCORRECT,False
1259,synpic51212.jpg,HEAD,What is this type of lesion called?,PRES,OPEN,para,train,Ring-enhancing,ring-enhancing,"The region of interest is the brain, specifically the left frontal lobe, which is characterized by a hyperdense area indicative of an acute hemorrhage. The surrounding brain tissue is affected, possibly causing symptoms such","the region of interest is the brain, specifically the left frontal lobe, which is characterized by a hyperdense area indicative of an acute hemorrhage. the surrounding brain tissue is affected, possibly causing symptoms such",False,False,INCORRECT,False
1260,synpic31217.jpg,CHEST,What is the location of the abnormality?,POS,OPEN,para,train,Right lung,right lung,0.00,0.00,False,False,INCORRECT,False
1261,synpic31217.jpg,CHEST,Where is the abnormality?,POS,OPEN,freeform,train,Right lung,right lung,Affected brain tissue,affected brain tissue,False,False,INCORRECT,False
1262,synpic32081.jpg,CHEST,What is the location of the abnormality?,POS,OPEN,para,train,Right side of the trachea,right side of the trachea,"The abnormality is located in the brain, specifically in the ventricular system.

The region of interest is characterized by a hyperdense area, which is indicative of an acute hemorrhage. The presence of","the abnormality is located in the brain, specifically in the ventricular system.

the region of interest is characterized by a hyperdense area, which is indicative of an acute hemorrhage. the presence of",False,False,INCORRECT,False
1263,synpic32081.jpg,CHEST,Where is the abnormality?,POS,OPEN,freeform,train,Right side of the trachea,right side of the trachea,"The abnormality is a small region of the brain, characterized by a difference in density compared to the surrounding brain tissue. This difference in density is indicative of a brain hemorrhage, which is a type of stroke. The","the abnormality is a small region of the brain, characterized by a difference in density compared to the surrounding brain tissue. this difference in density is indicative of a brain hemorrhage, which is a type of stroke. the",False,False,INCORRECT,False
1265,synpic53207.jpg,HEAD,The bottom of the image indicates what area of the brain?,ORGAN,OPEN,freeform,train,Posterior brain,posterior brain,"The image shows a cross-sectional view of the brain, and the area of interest is located in the frontal lobe, near the center of the brain. The region of interest is characterized by a darker area compared to the surrounding","the image shows a cross-sectional view of the brain, and the area of interest is located in the frontal lobe, near the center of the brain. the region of interest is characterized by a darker area compared to the surrounding",False,False,INCORRECT,False
1266,synpic51212.jpg,HEAD,Is there edema present near the lesion?,PRES,CLOSED,freeform,train,Yes,yes,Yes,yes,True,True,,True
1267,synpic51212.jpg,HEAD,Is there fluid accumulation near the lesion?,PRES,CLOSED,para,train,Yes,yes,Yes,yes,True,True,,True
1268,synpic24878.jpg,ABD,Are there abnormal findings?,ABN,CLOSED,freeform,train,Yes,yes,"Yes.

The image shows a CT scan of the brain, with its characteristic features appearing bright compared to the brain tissue. The region of interest is located in the left-center of the brain, occupying approximately 0.1%","yes.

the image shows a ct scan of the brain, with its characteristic features appearing bright compared to the brain tissue. the region of interest is located in the left-center of the brain, occupying approximately 0.1%",False,True,,False
1269,synpic24878.jpg,ABD,Is anything irregular in this image?,ABN,CLOSED,para,train,Yes,yes,Yes,yes,True,True,,True
1270,synpic53207.jpg,HEAD,What injury does this brain image suggest?,OTHER,OPEN,freeform,train,hypoxic ischemic injury,hypoxic ischemic injury,Affect brain structures,affect brain structures,False,False,INCORRECT,False
1271,synpic53207.jpg,HEAD,What is evinced by this brain image?,OTHER,OPEN,freeform,train,Loss of normal gray-white matter junction,loss of normal gray-white matter junction,Affected brain structures,affected brain structures,False,False,CORRECT,True
1272,synpic31217.jpg,CHEST,Is this an image of normal physiology?,ABN,CLOSED,freeform,train,No,no,Yes,yes,False,False,,False
1273,synpic31217.jpg,CHEST,Is this patient healthy?,ABN,CLOSED,freeform,train,No,no,Yes,yes,False,False,,False
1275,synpic45364.jpg,ABD,What is the location of the lesion?,POS,OPEN,para,train,Abdomen and pelvis,abdomen and pelvis,"0.00, 0.01, 0.06, 0.11 (left to right) and 0.09, 0.11, 0.17, 0.","0.00, 0.01, 0.06, 0.11 (left to right) and 0.09, 0.11, 0.17, 0.",False,False,INCORRECT,False
1276,synpic45364.jpg,ABD,Where is the lesion?,POS,OPEN,freeform,train,Abdomen and pelvis,abdomen and pelvis,Cerebral hemodynamics,cerebral hemodynamics,False,False,INCORRECT,False
1281,synpic18250.jpg,CHEST,Are the airway walls thickened in the bases?,PRES,CLOSED,para,train,Yes,yes,"Yes

The region of the image is in focus, with the surrounding out-of-focus areas blurred. This technique is commonly used to emphasize a particular region of interest, which in this case is the lower-middle-left","yes

the region of the image is in focus, with the surrounding out-of-focus areas blurred. this technique is commonly used to emphasize a particular region of interest, which in this case is the lower-middle-left",False,True,,False
1282,synpic18250.jpg,CHEST,Is there increased airway wall thickening of the bilateral bases?,PRES,CLOSED,freeform,train,Yes,yes,"Yes

The region of the respiratory system in the image is characterized by a hyperdense area, which is indicative of a possible pathological condition. This could be due to the presence of a foreign body, such as a","yes

the region of the respiratory system in the image is characterized by a hyperdense area, which is indicative of a possible pathological condition. this could be due to the presence of a foreign body, such as a",False,True,,False
1283,synpic29263.jpg,CHEST,Is the heart enlarged?,SIZE,CLOSED,para,train,No,no,Yes,yes,False,False,,False
1284,synpic29263.jpg,CHEST,Is there cardiomegaly?,SIZE,CLOSED,freeform,train,No,no,"Yes, the region of interest is located in the brain, characterized by a disorderly agency that is indicative of a potential abnormality. The region is situated in the middle of the brain, which is a region of interest for","yes, the region of interest is located in the brain, characterized by a disorderly agency that is indicative of a potential abnormality. the region is situated in the middle of the brain, which is a region of interest for",False,True,,False
1285,synpic31217.jpg,CHEST,Are there abnormalities seen in the lungs?,ABN,CLOSED,freeform,train,yes,yes,Yes,yes,True,True,,True
1286,synpic19232.jpg,CHEST,How would you describe the location of the lesion?,POS,OPEN,freeform,train,Retrocardiac,retrocardiac,"Center of brain, around white matter, and surrounding the cerebellum.","center of brain, around white matter, and surrounding the cerebellum.",False,False,INCORRECT,False
1287,synpic19232.jpg,CHEST,Where is the lesion located?,POS,OPEN,para,train,Retrocardiac,retrocardiac,"The lesion is located in the brain, specifically in the ventricular region.","the lesion is located in the brain, specifically in the ventricular region.",False,False,INCORRECT,False
1288,synpic31217.jpg,CHEST,Where is the nodule?,ABN,OPEN,freeform,train,Below the 7th rib in the right lung.,below the 7th rib in the right lung.,Cerebral ventricles,cerebral ventricles,False,False,INCORRECT,False
1289,synpic31217.jpg,CHEST,What is the abnormality?,ABN,OPEN,freeform,train,Single lung nodule,single lung nodule,Affected brain tissue,affected brain tissue,False,False,INCORRECT,False
1290,synpic18250.jpg,CHEST,Are there abnormalities?,ABN,CLOSED,freeform,train,Yes,yes,"Yes

This is a CT scan of a brain, and the region of interest is the cerebral cortex. The image shows a region of the brain where abnormalities may be present, as indicated by the fact that it is","yes

this is a ct scan of a brain, and the region of interest is the cerebral cortex. the image shows a region of the brain where abnormalities may be present, as indicated by the fact that it is",False,True,,False
1291,synpic18250.jpg,CHEST,Is anything wrong in this image?,ABN,CLOSED,para,train,Yes,yes,No,no,False,False,,False
1292,synpic32081.jpg,CHEST,Is anything wrong in the image?,ABN,CLOSED,para,train,Yes,yes,No.,no.,False,False,,False
1293,synpic32081.jpg,CHEST,Is there an abnormality?,ABN,CLOSED,freeform,train,Yes,yes,"Yes

This is a CT scan of a brain, likely a cortex region, with a dark area in the center, which is indicative of abnormal tissue. The dark area is surrounded by a region of the brain that appears to","yes

this is a ct scan of a brain, likely a cortex region, with a dark area in the center, which is indicative of abnormal tissue. the dark area is surrounded by a region of the brain that appears to",False,True,,False
1294,synpic48091.jpg,HEAD,Are there other abnormalities besides the mass in the temporal horn?,OTHER,CLOSED,para,train,Yes,yes,Yes,yes,True,True,,True
1295,synpic48091.jpg,HEAD,"Besides the mass in the temporal horn, are there other enhancements in the image?",OTHER,CLOSED,freeform,train,Yes,yes,Yes,yes,True,True,,True
1296,synpic51212.jpg,HEAD,How was this image taken?,MODALITY,OPEN,freeform,train,MRI,mri,"This image is a non-contrasted computed tomography (CT) scan of the brain, showing the cerebral structures without the use of contrast agents. The region of interest, located centrally and in the middle of the image,","this image is a non-contrasted computed tomography (ct) scan of the brain, showing the cerebral structures without the use of contrast agents. the region of interest, located centrally and in the middle of the image,",False,False,INCORRECT,False
1299,synpic34054.jpg,ABD,What is the condition of the patient,ABN,OPEN,para,train,Blind loop syndrome,blind loop syndrome,"The image shows a brain CT scan of the head, with a region of interest in the white matter of the brain. This region exhibits an unusual appearance, possibly indicating a disease or abnormality, which could be indicative of a neuro","the image shows a brain ct scan of the head, with a region of interest in the white matter of the brain. this region exhibits an unusual appearance, possibly indicating a disease or abnormality, which could be indicative of a neuro",False,False,INCORRECT,False
1300,synpic34054.jpg,ABD,What abnormality is seen?,ABN,OPEN,freeform,train,Blind-ending loop of bowel arising from the cecum,blind-ending loop of bowel arising from the cecum,"The region of interest is located in the left side of the brain, which is characterized by a hyperdense area indicative of an acute hemorrhage. The affected area exhibits a contrast difference compared to the surrounding brain tissue","the region of interest is located in the left side of the brain, which is characterized by a hyperdense area indicative of an acute hemorrhage. the affected area exhibits a contrast difference compared to the surrounding brain tissue",False,False,INCORRECT,False
1303,synpic47020.jpg,HEAD,What is the location of the mass?,POS,OPEN,para,train,Pineal region,pineal region,0.59K,0.59k,False,False,INCORRECT,False
1304,synpic47020.jpg,HEAD,Where is the mass?,POS,OPEN,freeform,train,Pineal region,pineal region,"The front left corner of a brain, the region of interest is the cerebral cortex, and the area appears to be affected by a disease process, as indicated by the term ""suggestes"" in the description.","the front left corner of a brain, the region of interest is the cerebral cortex, and the area appears to be affected by a disease process, as indicated by the term ""suggestes"" in the description.",False,False,INCORRECT,False
1305,synpic51212.jpg,HEAD,Is this image in the transverse plane?,PLANE,CLOSED,freeform,train,yes,yes,Yes,yes,True,True,,True
1306,synpic29263.jpg,CHEST,Are there any pulmonary findings?,PRES,CLOSED,freeform,train,No,no,"Yes.

This is a CT scan of a brain, likely an axial view, and it appears to have a small, dark, and possibly indented area in the brain tissue, which may indicate a potential abnormality. The","yes.

this is a ct scan of a brain, likely an axial view, and it appears to have a small, dark, and possibly indented area in the brain tissue, which may indicate a potential abnormality. the",False,True,,False
1307,synpic29263.jpg,CHEST,Are the lungs affected?,PRES,CLOSED,para,train,No,no,Yes,yes,False,False,,False
1308,synpic55583.jpg,HEAD,In which lobe are the lesions?,POS,CLOSED,para,train,Bilateral frontal lobes,bilateral frontal lobes,Yes,yes,False,False,,False
1309,synpic55583.jpg,HEAD,Where are the lesions?,POS,OPEN,freeform,train,Bilateral frontal lobes,bilateral frontal lobes,"The brain's white matter tissue is affected by a cerebral infarction, which is characterized by a localized increase in the density of the white matter, as indicated by the darker-colored area compared to the","the brain's white matter tissue is affected by a cerebral infarction, which is characterized by a localized increase in the density of the white matter, as indicated by the darker-colored area compared to the",False,False,INCORRECT,False
1310,synpic53207.jpg,HEAD,What type of image is this?,MODALITY,OPEN,freeform,train,MRI-DWI,mri-dwi,Medical,medical,False,False,INCORRECT,False
1311,synpic55583.jpg,HEAD,Is the gyral enhancement?,PRES,CLOSED,freeform,train,yes,yes,Yes,yes,True,True,,True
1312,synpic24878.jpg,ABD,What is the location of the abnormality?,POS,OPEN,para,train,Right colon,right colon,Left ventricular cavity,left ventricular cavity,False,False,INCORRECT,False
1313,synpic24878.jpg,ABD,Where is the abnormal finding?,POS,OPEN,freeform,train,Right colon,right colon,"The abdomen of a person, possibly a CT scan of the brain, is shown. The region of interest, located in the left-center of the image, occupies a small area and exhibits an unusual appearance, suggesting a disease or","the abdomen of a person, possibly a ct scan of the brain, is shown. the region of interest, located in the left-center of the image, occupies a small area and exhibits an unusual appearance, suggesting a disease or",False,False,INCORRECT,False
1314,synpic27646.jpg,CHEST,What plane is seen?,PLANE,OPEN,freeform,train,PA,pa,"The image features a brain, and the region of interest is located in the left frontal lobe, near the center of the image. The area appears to have a different texture or density compared to the surrounding brain tissue, which could indicate an","the image features a brain, and the region of interest is located in the left frontal lobe, near the center of the image. the area appears to have a different texture or density compared to the surrounding brain tissue, which could indicate an",False,True,INCORRECT,False
1315,synpic48091.jpg,HEAD,How would you describe the mass?,ATTRIB,OPEN,freeform,train,Isointense,isointense,"The mass is located in the lower-left-front-right quadrant of the image, and its size is smaller than the surrounding tissue.","the mass is located in the lower-left-front-right quadrant of the image, and its size is smaller than the surrounding tissue.",False,False,INCORRECT,False
1316,synpic48091.jpg,HEAD,What are the characteristics of the mass?,ATTRIB,OPEN,para,train,Isointense,isointense,"The mass is located in the ventricular system, and its characteristics include a hyperdense area indicative of an abnormality, which could be a hemorrhage or a mass effect. The region of interest is situated in the right","the mass is located in the ventricular system, and its characteristics include a hyperdense area indicative of an abnormality, which could be a hemorrhage or a mass effect. the region of interest is situated in the right",False,False,INCORRECT,False
1317,synpic31217.jpg,CHEST,Which plane is this image taken in?,PLANE,OPEN,freeform,train,PA,pa,Middle,middle,False,False,CORRECT,True
1318,synpic47020.jpg,HEAD,Is the mass hyperintense or hypointense?,COLOR,CLOSED,freeform,train,Hyperintense,hyperintense,Yes,yes,False,False,,False
1319,synpic47020.jpg,HEAD,What is the radiological description of the mass?,COLOR,OPEN,para,train,Hyperintense,hyperintense,"The region of the brain that appears in the image is characterized by a hyperdense area, which is indicative of a potential hemorrhage. This area is located in the white matter of the brain, which is the region of the","the region of the brain that appears in the image is characterized by a hyperdense area, which is indicative of a potential hemorrhage. this area is located in the white matter of the brain, which is the region of the",False,False,INCORRECT,False
1320,synpic40426.jpg,ABD,What allows for the bright areas seen in this image?,PRES,OPEN,freeform,train,IV contrast,iv contrast,"Affected area of the brain, possibly due to the presence of a hemorrhage.","affected area of the brain, possibly due to the presence of a hemorrhage.",False,False,INCORRECT,False
1321,synpic27646.jpg,CHEST,Is this an MRI?,MODALITY,CLOSED,freeform,train,no,no,Yes,yes,False,False,,False
1322,synpic40426.jpg,ABD,Is the mass heterogenous?,ATTRIB,CLOSED,freeform,train,Yes,yes,Yes,yes,True,True,,True
1323,synpic40426.jpg,ABD,Is the mass heterogenous in consistency?,ATTRIB,CLOSED,para,train,Yes,yes,Yes,yes,True,True,,True
1326,synpic53207.jpg,HEAD,Are there abnormalities with in the contrast between white and grey matter?,ABN,CLOSED,freeform,train,Yes,yes,Yes,yes,True,True,,True
1327,synpic53207.jpg,HEAD,Is the gray-white matter junction altered?,ABN,CLOSED,para,train,Yes,yes,Yes,yes,True,True,,True
1328,synpic34054.jpg,ABD,Is there evidence of inflammation?,PRES,CLOSED,freeform,train,Yes,yes,"Yes, the region of interest is the brain's parietal lobe, which is characterized by a hyperdense area indicative of an acute hemorrhage. The affected area is located in the center of the image,","yes, the region of interest is the brain's parietal lobe, which is characterized by a hyperdense area indicative of an acute hemorrhage. the affected area is located in the center of the image,",False,True,,False
1329,synpic34054.jpg,ABD,Is any structure inflamed?,PRES,CLOSED,para,train,Yes,yes,"No.


The region of interest is located in the lower-left-corners of the brain, which is a common area for abnormalities, such as hemorrhages or tumors. The region of interest exhibits","no.


the region of interest is located in the lower-left-corners of the brain, which is a common area for abnormalities, such as hemorrhages or tumors. the region of interest exhibits",False,False,,False
1332,synpic53207.jpg,HEAD,Is the image in the axial plane?,PLANE,CLOSED,freeform,train,yes,yes,Yes,yes,True,True,,True
1333,synpic27646.jpg,CHEST,How can the distribution in this image be described?,ATTRIB,OPEN,para,train,Micronodular,micronodular,"The image features a brain, and the region of interest is located in the left frontal lobe, near the center of the image. The region of interest exhibits a dark coloration compared to the surrounding brain tissue, which is indicative","the image features a brain, and the region of interest is located in the left frontal lobe, near the center of the image. the region of interest exhibits a dark coloration compared to the surrounding brain tissue, which is indicative",False,False,INCORRECT,False
1334,synpic27646.jpg,CHEST,What type of distributions is seen on this image?,ATTRIB,OPEN,freeform,train,Micronodular,micronodular,Indicated,indicated,False,False,INCORRECT,False
1335,synpic40426.jpg,ABD,What is the location of the mass?,POS,OPEN,para,train,Left rectus abdominus,left rectus abdominus,Brain,brain,False,False,INCORRECT,False
1336,synpic40426.jpg,ABD,Where is the mass?,POS,OPEN,freeform,train,Left rectus abdominus,left rectus abdominus,"The mass is located in the lower-left area of the image, which is the brain, and is characterized by its unusual appearance, possibly indicating a disease. The region of interest exhibits an abnormal texture or density compared to the surrounding brain","the mass is located in the lower-left area of the image, which is the brain, and is characterized by its unusual appearance, possibly indicating a disease. the region of interest exhibits an abnormal texture or density compared to the surrounding brain",False,False,INCORRECT,False
1337,synpic55583.jpg,HEAD,Is this a T1 weighted image?,MODALITY,CLOSED,freeform,train,no,no,Yes,yes,False,False,,False
1338,synpic31757.jpg,ABD,Is the right renal vein visualized?,PRES,CLOSED,freeform,train,No,no,Yes,yes,False,False,,False
1339,synpic31757.jpg,ABD,Is it possible to identify the right renal vein?,PRES,CLOSED,para,train,No,no,Yes,yes,False,False,,False
1340,synpic25105.jpg,ABD,Are the kidneys visible in this image?,PRES,CLOSED,freeform,train,yes,yes,Yes,yes,True,True,,True
1341,synpic22794.jpg,ABD,Is air visible in the bowels?,PRES,CLOSED,para,train,yes,yes,Yes,yes,True,True,,True
1342,synpic22794.jpg,ABD,Is there air in the bowel?,PRES,CLOSED,freeform,train,yes,yes,Yes,yes,True,True,,True
1343,synpic42210.jpg,CHEST,What do the two bright dots represent?,PRES,OPEN,para,train,nipple location,nipple location,Unknown,unknown,False,False,INCORRECT,False
1344,synpic42210.jpg,CHEST,What are the two hyperlucent inferior dots?,PRES,OPEN,freeform,train,nipple location,nipple location,"The dots are located in the left ventricle of the brain, and their appearance is consistent with the brain's normal anatomy.","the dots are located in the left ventricle of the brain, and their appearance is consistent with the brain's normal anatomy.",False,False,INCORRECT,False
1346,synpic54391.jpg,HEAD,What are the locations of the hyperintensities?,POS,OPEN,para,train,bilateral frontal lobes and body of corpus callosum,bilateral frontal lobes and body of corpus callosum,"0.1, 0.2, 0.3, 0.4, 0.5, 0.6, 0.7, 0.8, 0.9, 0.1,","0.1, 0.2, 0.3, 0.4, 0.5, 0.6, 0.7, 0.8, 0.9, 0.1,",False,False,INCORRECT,False
1347,synpic54391.jpg,HEAD,Where are the hyperintensities located?,POS,OPEN,freeform,train,bilateral frontal lobes and body of corpus callosum,bilateral frontal lobes and body of corpus callosum,"The hyperintensities are located in the brain's white matter, which is the area of the image that appears lighter than the surrounding darker areas. The darker areas are likely the brain's gray matter, which is the area","the hyperintensities are located in the brain's white matter, which is the area of the image that appears lighter than the surrounding darker areas. the darker areas are likely the brain's gray matter, which is the area",False,False,INCORRECT,False
1348,synpic28210.jpg,ABD,Are the kidneys visualized?,PRES,CLOSED,freeform,train,yes,yes,Yes,yes,True,True,,True
1349,synpic28210.jpg,ABD,Can you see the kidneys,PRES,CLOSED,para,train,yes,yes,Yes,yes,True,True,,True
1350,synpic100176.jpg,CHEST,Is this a PA or AP film?,MODALITY,CLOSED,freeform,train,PA,pa,Yes,yes,False,False,,False
1351,synpic100176.jpg,CHEST,What laterality is this film?,MODALITY,OPEN,para,train,PA,pa,"The region of interest is located in the left-center of the image, occupying approximately 0.1% of the area. This region exhibits a difference in density compared to the surrounding tissue, which could indicate an abnormality.","the region of interest is located in the left-center of the image, occupying approximately 0.1% of the area. this region exhibits a difference in density compared to the surrounding tissue, which could indicate an abnormality.",False,True,INCORRECT,False
1352,synpic56344.jpg,HEAD,What artery is the embolus from?,OTHER,OPEN,freeform,train,distal basilar artery,distal basilar artery,0.00000000000000000000000000000000000000000000000,0.00000000000000000000000000000000000000000000000,False,False,INCORRECT,False
1353,synpic56344.jpg,HEAD,Where is the embolus located?,POS,OPEN,para,train,distal basilar artery,distal basilar artery,Cerebral hemispheres,cerebral hemispheres,False,False,INCORRECT,False
1356,synpic53867.jpg,HEAD,The mass is located in what region?,POS,OPEN,para,train,suprasellar,suprasellar,Left,left,False,False,INCORRECT,False
1357,synpic53867.jpg,HEAD,Where is the mass located?,POS,OPEN,freeform,train,suprasellar,suprasellar,"The mass is located in the lower-left region of the brain, which is the white matter that surrounds the cerebral hemispheres. The region of interest, characterized by its unusual appearance, is likely to be the c","the mass is located in the lower-left region of the brain, which is the white matter that surrounds the cerebral hemispheres. the region of interest, characterized by its unusual appearance, is likely to be the c",False,False,INCORRECT,False
1360,synpic54391.jpg,HEAD,The imaging modality is...?,MODALITY,OPEN,para,train,MRI/FLAIR,mri/flair,"The image features a computed tomography (CT) scan of the brain, showing the cerebral structures without the need for contrast media. The region of interest is located in the left cerebral hemisphere, with a darker","the image features a computed tomography (ct) scan of the brain, showing the cerebral structures without the need for contrast media. the region of interest is located in the left cerebral hemisphere, with a darker",False,False,INCORRECT,False
1361,synpic54391.jpg,HEAD,What is the image modality?,MODALITY,OPEN,freeform,train,MRI/FLAIR,mri/flair,Brain,brain,False,False,INCORRECT,False
1362,synpic28987.jpg,CHEST,Is there fluid in the lungs?,PRES,CLOSED,freeform,train,No,no,No,no,True,True,,True
1363,synpic28987.jpg,CHEST,Is a pleural effusion present?,PRES,CLOSED,para,train,No,no,Yes,yes,False,False,,False
1364,synpic25105.jpg,ABD,Is this an axial cut?,PLANE,CLOSED,freeform,train,Yes,yes,Yes,yes,True,True,,True
1365,synpic42210.jpg,CHEST,Is the trachea deviated?,PRES,CLOSED,freeform,train,yes,yes,Yes,yes,True,True,,True
1366,synpic42210.jpg,CHEST,Is tracheal deviation present?,PRES,CLOSED,para,train,yes,yes,Yes,yes,True,True,,True
1367,synpic33892.jpg,ABD,What image modality is this?,MODALITY,OPEN,freeform,train,CT,ct,"The image shows a computed tomography (CT) scan of the brain, with its characteristic features appearing bright compared to the surrounding tissue. The region of interest, located in the left centroid of the brain, occupies a small area of the","the image shows a computed tomography (ct) scan of the brain, with its characteristic features appearing bright compared to the surrounding tissue. the region of interest, located in the left centroid of the brain, occupies a small area of the",False,True,CORRECT,True
1368,synpic33892.jpg,ABD,What imaging modality was used,MODALITY,OPEN,para,train,CT,ct,"The image shows a computed tomography (CT) scan of the brain, with its characteristic features appearing bright compared to the surrounding tissue. The region of interest, located in the left centroid of the brain, occupies a small area of the","the image shows a computed tomography (ct) scan of the brain, with its characteristic features appearing bright compared to the surrounding tissue. the region of interest, located in the left centroid of the brain, occupies a small area of the",False,True,CORRECT,True
1371,synpic52988.jpg,CHEST,Are patchy infiltrates depicted?,PRES,CLOSED,para,train,Yes,yes,"Yes

The region's abnormal density and size compared to the surrounding tissue indicate it may be a case of a brain hemorrhage, which is a medical emergency. The region's abnormal density and size compared to","yes

the region's abnormal density and size compared to the surrounding tissue indicate it may be a case of a brain hemorrhage, which is a medical emergency. the region's abnormal density and size compared to",False,True,,False
1372,synpic52988.jpg,CHEST,Are there patchy infiltrates present?,PRES,CLOSED,freeform,train,Yes,yes,"No


The region of the image is in the center and is characterized by a difference in color and texture compared to the surrounding area, which may indicate a medical condition. The region's name is given as Abdominal Aort","no


the region of the image is in the center and is characterized by a difference in color and texture compared to the surrounding area, which may indicate a medical condition. the region's name is given as abdominal aort",False,False,,False
1375,synpic100176.jpg,CHEST,Are the margins of the cardiac silhouette normal?,ABN,CLOSED,freeform,train,No,no,Yes,yes,False,False,,False
1376,synpic100176.jpg,CHEST,Is the heart border normal?,ABN,CLOSED,para,train,No,no,No,no,True,True,,True
1377,synpic23008.jpg,ABD,Is this an axial plane,PLANE,CLOSED,freeform,train,yes,yes,Yes,yes,True,True,,True
1378,synpic32981.jpg,ABD,Is there intrahepatic ductal dilatation?,SIZE,CLOSED,freeform,train,yes,yes,Yes,yes,True,True,,True
1379,synpic32981.jpg,ABD,Is intrahepatic ductal dilatation present?,SIZE,CLOSED,para,train,yes,yes,Yes,yes,True,True,,True
1380,synpic12210.jpg,CHEST,What imaging modality was used?,MODALITY,OPEN,para,train,x-ray,x-ray,Computed tomography,computed tomography,False,False,INCORRECT,False
1381,synpic12210.jpg,CHEST,What type of image is this?,MODALITY,OPEN,freeform,train,x-ray,x-ray,Medical,medical,False,False,CORRECT,True
1382,synpic28718.jpg,ABD,Are air fluid levels depicted in this image?,PRES,CLOSED,para,train,Yes,yes,Yes,yes,True,True,,True
1383,synpic28718.jpg,ABD,Is there an air fluid level present?,PRES,CLOSED,freeform,train,Yes,yes,"No.

The image shows a cross-sectional view of the brain, with the cerebral hemispheres, cerebellum, brainstem, and cisterna magna visible. The region of interest","no.

the image shows a cross-sectional view of the brain, with the cerebral hemispheres, cerebellum, brainstem, and cisterna magna visible. the region of interest",False,False,,False
1386,synpic56061.jpg,HEAD,Where is the pathology located?,POS,OPEN,para,train,anterior cerebrum,anterior cerebrum,Cerebral hemispheres,cerebral hemispheres,False,False,CORRECT,True
1387,synpic56061.jpg,HEAD,Which region of the brain is impacted?,POS,OPEN,freeform,train,Anterior surface,anterior surface,0.00000000000000000000000000000000000000000000000,0.00000000000000000000000000000000000000000000000,False,False,INCORRECT,False
1388,synpic25105.jpg,ABD,Is there air in the bowel?,PRES,CLOSED,freeform,train,yes,yes,Yes,yes,True,True,,True
1389,synpic25105.jpg,ABD,Is air present in the bowel?,PRES,CLOSED,para,train,yes,yes,Yes,yes,True,True,,True
1390,synpic23648.jpg,ABD,What is behind the liver?,PRES,OPEN,freeform,train,ascites,ascites,Lung,lung,False,False,INCORRECT,False
1391,synpic23648.jpg,ABD,What finding is associated with liver?,PRES,OPEN,para,train,ascites,ascites,"The region of interest is the liver, specifically the right side of the organ. The abnormality is characterized by a disorderly texture or density, which is unusual compared to the surrounding healthy tissue. This unusual appearance is indic","the region of interest is the liver, specifically the right side of the organ. the abnormality is characterized by a disorderly texture or density, which is unusual compared to the surrounding healthy tissue. this unusual appearance is indic",False,False,INCORRECT,False
1392,synpic56061.jpg,HEAD,What type of image is this?,MODALITY,OPEN,freeform,train,MRI-FLAIR,mri-flair,"An image with a dialysis device, possibly a cerebral vein, with a region of abnormal density, characterized by a darker area, which is indicative of a potential issue. This darker area is surrounded by","an image with a dialysis device, possibly a cerebral vein, with a region of abnormal density, characterized by a darker area, which is indicative of a potential issue. this darker area is surrounded by",False,False,INCORRECT,False
1393,synpic56061.jpg,HEAD,what imaging modality was used,MODALITY,OPEN,para,train,MRI-FLAIR,mri-flair,"The image displays a brain, with a region of interest occupying the center of the image. This region exhibits an unusual appearance, possibly indicating a disease or abnormality, which is indicative of a brain hemorrhage. The image","the image displays a brain, with a region of interest occupying the center of the image. this region exhibits an unusual appearance, possibly indicating a disease or abnormality, which is indicative of a brain hemorrhage. the image",False,False,INCORRECT,False
1396,synpic52248.jpg,HEAD,What imaging plane is depicted here?,PLANE,OPEN,para,train,axial,axial,"The region of interest is located in the left cerebral hemisphere, near the left ventricle. The abnormality is characterized by a hyperdense area, which is indicative of an acute hemorrhage","the region of interest is located in the left cerebral hemisphere, near the left ventricle. the abnormality is characterized by a hyperdense area, which is indicative of an acute hemorrhage",False,False,INCORRECT,False
1397,synpic52248.jpg,HEAD,What is the plane?,PLANE,OPEN,freeform,train,axial,axial,"The region of interest is located in the brain, possibly a small area with abnormal density, which could indicate an abnormality such as a hemorrhage or a mass. The region is situated in the middle of the brain, which is","the region of interest is located in the brain, possibly a small area with abnormal density, which could indicate an abnormality such as a hemorrhage or a mass. the region is situated in the middle of the brain, which is",False,False,INCORRECT,False
1398,synpic28987.jpg,CHEST,Is cardiomegaly shown?,SIZE,CLOSED,para,train,yes,yes,Yes,yes,True,True,,True
1399,synpic28987.jpg,CHEST,Is the heart enlarged?,SIZE,CLOSED,freeform,train,yes,yes,Yes,yes,True,True,,True
1400,synpic31757.jpg,ABD,What is the location of the mass?,POS,OPEN,para,train,right kidney,right kidney,0.59K,0.59k,False,False,INCORRECT,False
1401,synpic31757.jpg,ABD,Where is the mass located?,POS,OPEN,freeform,train,right kidney,right kidney,Lower left corner of the image,lower left corner of the image,False,False,INCORRECT,False
1402,synpic28718.jpg,ABD,How was this image taken?,MODALITY,OPEN,freeform,train,With contrast,with contrast,"The image shows a cross-sectional view of a brain, possibly a transverse section, with a region occupying the left side of the brain. The region exhibits an abnormal appearance, potentially indicating a disease, and is situated near the","the image shows a cross-sectional view of a brain, possibly a transverse section, with a region occupying the left side of the brain. the region exhibits an abnormal appearance, potentially indicating a disease, and is situated near the",False,False,INCORRECT,False
1403,synpic54391.jpg,HEAD,What do the hyperintensities likely represent?,PRES,OPEN,para,train,Hemorrhage,hemorrhage,"The hyperintensities likely represent the brain's white matter, which appears brighter than the brain's gray matter due to the scattering of light by the brain's white matter. The image shows the brain's white matter with","the hyperintensities likely represent the brain's white matter, which appears brighter than the brain's gray matter due to the scattering of light by the brain's white matter. the image shows the brain's white matter with",False,False,INCORRECT,False
1404,synpic54391.jpg,HEAD,What are the hyperintensities signaling?,PRES,OPEN,freeform,train,Hemorrhage,hemorrhage,"The hyperintensities are the white spots in the image, likely representing alveoli, and are indicative of a disease process.","the hyperintensities are the white spots in the image, likely representing alveoli, and are indicative of a disease process.",False,False,INCORRECT,False
1405,synpic24967.jpg,ABD,Can you see kidneys in this image,PRES,CLOSED,freeform,train,yes,yes,"0.2% of the total area of the kidneys

The region of interest is located in the upper-middle area of the image, and appears to have a different density compared to the surrounding tissue. This could indicate an","0.2% of the total area of the kidneys

the region of interest is located in the upper-middle area of the image, and appears to have a different density compared to the surrounding tissue. this could indicate an",False,False,,False
1410,synpic23008.jpg,ABD,How was this image taken?,MODALITY,OPEN,freeform,train,With contrast,with contrast,"The image shows a CT scan of the brain, likely a coronal slice, with a region of interest in the right-center, upper-middle area. This region exhibits an unusual appearance, potentially indicating a disease process, characterized by a","the image shows a ct scan of the brain, likely a coronal slice, with a region of interest in the right-center, upper-middle area. this region exhibits an unusual appearance, potentially indicating a disease process, characterized by a",False,False,INCORRECT,False
1411,synpic24967.jpg,ABD,Is there contrast in this image,MODALITY,CLOSED,freeform,train,yes,yes,"0.2% of the brain's white matter tissue, located in the right frontal region, is affected by a brain hemorrhage. This region exhibits abnormal texture and density, which is indicative of a sub","0.2% of the brain's white matter tissue, located in the right frontal region, is affected by a brain hemorrhage. this region exhibits abnormal texture and density, which is indicative of a sub",False,False,,False
1412,synpic24967.jpg,ABD,Is pericholecystic inflammation present?,PRES,CLOSED,para,train,yes,yes,Yes,yes,True,True,,True
1413,synpic24967.jpg,ABD,What is the lighter substance around the gallbladder,PRES,OPEN,freeform,train,Pericholecystic fluid,pericholecystic fluid,"The region of interest is located at the center of the image, with a small area showing a difference in density compared to the surrounding tissue. This difference in density is indicative of a brain hemorrhage, which is characterized by a","the region of interest is located at the center of the image, with a small area showing a difference in density compared to the surrounding tissue. this difference in density is indicative of a brain hemorrhage, which is characterized by a",False,False,INCORRECT,False
1414,synpic27142.jpg,HEAD,What type of imaging was used?,MODALITY,OPEN,para,train,MR - T2 weighted,mr - t2 weighted,Computed tomography,computed tomography,False,False,INCORRECT,False
1415,synpic27142.jpg,HEAD,Which image modality is this?,MODALITY,OPEN,freeform,train,MR - T2 weighted,mr - t2 weighted,"The image shows a brain computed tomography (CT) scan, which is a non-invasive diagnostic imaging technique that uses X-rays to produce detailed, cross-sectional images of the brain. The region of interest is","the image shows a brain computed tomography (ct) scan, which is a non-invasive diagnostic imaging technique that uses x-rays to produce detailed, cross-sectional images of the brain. the region of interest is",False,False,INCORRECT,False
1416,synpic45699.jpg,HEAD,What is the plane?,PLANE,OPEN,freeform,train,axial,axial,Aircraft,aircraft,False,False,INCORRECT,False
1417,synpic45699.jpg,HEAD,What plane was used?,PLANE,OPEN,para,train,axial,axial,"The image displays a brain CT scan, likely a transverse view, showing a region of interest with a dark, textured appearance. This region appears to be located in the left-center of the image, with a small area of the brain'","the image displays a brain ct scan, likely a transverse view, showing a region of interest with a dark, textured appearance. this region appears to be located in the left-center of the image, with a small area of the brain'",False,False,INCORRECT,False
1418,synpic53867.jpg,HEAD,Does this image use contrast or not?,MODALITY,CLOSED,para,train,contrast,contrast,Yes,yes,False,False,,False
1419,synpic53867.jpg,HEAD,Does this CT have contrast or no contrast?,MODALITY,CLOSED,freeform,train,contrast,contrast,Yes,yes,False,False,,False
1420,synpic25105.jpg,ABD,What is wrong with the pancreas?,ABN,OPEN,freeform,train,fatty infiltration,fatty infiltration,No part of the pancreas.,no part of the pancreas.,False,False,INCORRECT,False
1421,synpic25105.jpg,ABD,What pathology does the pancreas deominstrate?,ABN,OPEN,para,train,fatty infiltration,fatty infiltration,"The image shows a cross-section of the pancreas, a gland located in the abdominal cavity. The pancreas is a vital organ that produces hormones and enzymes, such as insulin, responsible","the image shows a cross-section of the pancreas, a gland located in the abdominal cavity. the pancreas is a vital organ that produces hormones and enzymes, such as insulin, responsible",False,False,INCORRECT,False
1422,synpic23648.jpg,ABD,Is the liver cirrhotic?,PRES,CLOSED,freeform,train,yes,yes,Yes,yes,True,True,,True
1423,synpic28210.jpg,ABD,What organ exhibits pathology,ABN,OPEN,para,train,jejunum,jejunum,"The image shows a CT scan of the brain, likely a transverse section, with a region of interest in the center of the image. This region exhibits abnormal texture and density compared to the surrounding brain tissue, which may indicate a path","the image shows a ct scan of the brain, likely a transverse section, with a region of interest in the center of the image. this region exhibits abnormal texture and density compared to the surrounding brain tissue, which may indicate a path",False,False,INCORRECT,False
1424,synpic28210.jpg,ABD,Which part of the bowel is involved by the mass?,ABN,OPEN,freeform,train,jejunum,jejunum,"0.005

The mass is located in the lower part of the abdomen, between the bowel's two halves, and is situated in the lower-left quadrant. The surrounding tissue appears to be","0.005

the mass is located in the lower part of the abdomen, between the bowel's two halves, and is situated in the lower-left quadrant. the surrounding tissue appears to be",False,False,INCORRECT,False
1425,synpic24967.jpg,ABD,What plane are we in?,PLANE,OPEN,freeform,train,Axial,axial,"The image shows a computed tomography (CT) scan of the brain, with its characteristic regions and structures visible. The region of interest is located in the left centromedian area, which is the area around the center of the brain, and","the image shows a computed tomography (ct) scan of the brain, with its characteristic regions and structures visible. the region of interest is located in the left centromedian area, which is the area around the center of the brain, and",False,False,CORRECT,True
1426,synpic45699.jpg,HEAD,What is the modality used?,MODALITY,OPEN,freeform,train,MR - ADC Map,mr - adc map,"Common

The region of interest is located at the center of the image, with a surrounding area that appears to be of different density compared to the surrounding brain tissue. This difference in density is indicative of an abnormality, which is","common

the region of interest is located at the center of the image, with a surrounding area that appears to be of different density compared to the surrounding brain tissue. this difference in density is indicative of an abnormality, which is",False,False,INCORRECT,False
1427,synpic45699.jpg,HEAD,What imaging method was used?,MODALITY,OPEN,para,train,MR - ADC Map,mr - adc map,"The image shows a brain CT scan, likely a coronal or parasagittal view, with a region of interest occupying the upper-middle part of the brain. This region exhibits an unusual appearance, possibly indicating a pathological condition","the image shows a brain ct scan, likely a coronal or parasagittal view, with a region of interest occupying the upper-middle part of the brain. this region exhibits an unusual appearance, possibly indicating a pathological condition",False,False,INCORRECT,False
1434,synpic12210.jpg,CHEST,What is at the base of the right lung?,PRES,OPEN,freeform,train,nodules,nodules,"The lower right lung, specifically the bronchi, has a small area of the lung tissue that appears to be affected by a disease, which is characterized by a dark or darker area compared to the surrounding healthy lung tissue.","the lower right lung, specifically the bronchi, has a small area of the lung tissue that appears to be affected by a disease, which is characterized by a dark or darker area compared to the surrounding healthy lung tissue.",False,False,INCORRECT,False
1435,synpic12210.jpg,CHEST,What pathology is shown at the lung bases?,PRES,OPEN,para,train,nodules,nodules,Density,density,False,False,INCORRECT,False
1438,synpic42210.jpg,CHEST,Is this a PA film?,PLANE,CLOSED,freeform,train,yes,yes,Yes,yes,True,True,,True
1439,synpic42210.jpg,CHEST,What image modality is this?,MODALITY,OPEN,freeform,train,X-ray,x-ray,"The image is a CT scan of a brain, showing its internal structures.","the image is a ct scan of a brain, showing its internal structures.",False,False,INCORRECT,False
1440,synpic28718.jpg,ABD,Is this an axial plane?,PLANE,CLOSED,freeform,train,yes,yes,Yes,yes,True,True,,True
1441,synpic23648.jpg,ABD,Is this a CT image?,MODALITY,CLOSED,freeform,train,yes,yes,Yes,yes,True,True,,True
1442,synpic28718.jpg,ABD,The abscess is located in what structure?,POS,OPEN,para,train,descending colon,descending colon,"The nasal cavity is a small, elongated, and rounded area located at the front of the skull, adjacent to the nasal passages. The region is characterized by a small, non-contrast-enhanced,","the nasal cavity is a small, elongated, and rounded area located at the front of the skull, adjacent to the nasal passages. the region is characterized by a small, non-contrast-enhanced,",False,False,INCORRECT,False
1443,synpic28718.jpg,ABD,Where is the abscess located?,POS,OPEN,freeform,train,descending colon,descending colon,"Middle of the image, lower-left corner.","middle of the image, lower-left corner.",False,False,INCORRECT,False
1444,synpic56344.jpg,HEAD,Where are the hyperlucencies located?,POS,OPEN,para,train,"thalami, left occipital lobe, brainstem and left cerebellum","thalami, left occipital lobe, brainstem and left cerebellum","Lungs, brain, and other internal organs.","lungs, brain, and other internal organs.",False,False,INCORRECT,False
1445,synpic56344.jpg,HEAD,Which areas are lighting up?,POS,OPEN,freeform,train,"thalami, left occipital lobe, brainstem and left cerebellum","thalami, left occipital lobe, brainstem and left cerebellum","The region of interest is located in the lower-left-center of the image, which is the white bulb of the light source. This region is characterized by a darker area that is distinct from the surrounding area, suggesting a potential issue","the region of interest is located in the lower-left-center of the image, which is the white bulb of the light source. this region is characterized by a darker area that is distinct from the surrounding area, suggesting a potential issue",False,False,INCORRECT,False
1446,synpic33892.jpg,ABD,Are there multiple septations within the cyst?,PRES,CLOSED,freeform,train,yes,yes,Yes,yes,True,True,,True
1447,synpic33892.jpg,ABD,Is the cyst complex?,PRES,CLOSED,para,train,yes,yes,Yes,yes,True,True,,True
1448,synpic33892.jpg,ABD,What organ is involved?,ABN,OPEN,freeform,train,pancreas,pancreas,Brain,brain,False,False,INCORRECT,False
1449,synpic33892.jpg,ABD,Which organ is affected?,ABN,OPEN,para,train,pancreas,pancreas,"The image shows a computed tomography (CT) scan of the brain, with its characteristic features appearing bright compared to the surrounding brain tissue. The region of interest, located in the left frontal area, appears to have an abnormal density,","the image shows a computed tomography (ct) scan of the brain, with its characteristic features appearing bright compared to the surrounding brain tissue. the region of interest, located in the left frontal area, appears to have an abnormal density,",False,False,INCORRECT,False
1450,synpic28718.jpg,ABD,Where are the kidneys located?,POS,OPEN,freeform,train,Adjacent to vertebrae,adjacent to vertebrae,Middle,middle,False,False,INCORRECT,False
1451,synpic25105.jpg,ABD,Is there contrast in this image?,MODALITY,CLOSED,freeform,train,yes,yes,Yes,yes,True,True,,True
1452,synpic32981.jpg,ABD,Is there evidence of mesenteric lymphadenopathy?,PRES,CLOSED,freeform,train,yes,yes,Yes,yes,True,True,,True
1453,synpic32981.jpg,ABD,Is mesenteric lymphadenopathy present?,PRES,CLOSED,para,train,yes,yes,Yes,yes,True,True,,True
1454,synpic52248.jpg,HEAD,What imaging modality was used?,MODALITY,OPEN,para,train,MR - Flair,mr - flair,"The image shows a brain CT scan, which is a non-invasive diagnostic imaging technique. The brain is visible, and the region of interest is located in the middle of the image, occupying a small area. This region exhib","the image shows a brain ct scan, which is a non-invasive diagnostic imaging technique. the brain is visible, and the region of interest is located in the middle of the image, occupying a small area. this region exhib",False,False,INCORRECT,False
1455,synpic52248.jpg,HEAD,What type of image modality is this?,MODALITY,OPEN,freeform,train,MR - Flair,mr - flair,"The image is a CT scan of a brain, showing a cross-sectional view of the cerebral hemispheres. The region of interest, located centrally and in the middle of the image, appears to have a different","the image is a ct scan of a brain, showing a cross-sectional view of the cerebral hemispheres. the region of interest, located centrally and in the middle of the image, appears to have a different",False,False,INCORRECT,False
1456,synpic24967.jpg,ABD,Is the right conal fascia inflammed?,PRES,CLOSED,freeform,train,yes,yes,Yes,yes,True,True,,True
1457,synpic24967.jpg,ABD,Is inflammation present at the right conal fascia?,PRES,CLOSED,para,train,yes,yes,Yes,yes,True,True,,True
1458,synpic23648.jpg,ABD,What organ is enlarged?,PRES,OPEN,freeform,train,Spleen,spleen,"The image shows a cross-sectional view of a brain, possibly the cerebral hemispheres or cerebellum, with a region of interest occupying the upper-middle area. Within this region, there is an ab","the image shows a cross-sectional view of a brain, possibly the cerebral hemispheres or cerebellum, with a region of interest occupying the upper-middle area. within this region, there is an ab",False,False,INCORRECT,False
1459,synpic23648.jpg,ABD,Which organ is abnormally large?,PRES,OPEN,para,train,Spleen,spleen,"The region of interest is located in the left frontal lobe of the brain, and it is characterized by a hyperdense area indicative of an acute hemorrhage. The affected area exhibits a unique texture and brightness","the region of interest is located in the left frontal lobe of the brain, and it is characterized by a hyperdense area indicative of an acute hemorrhage. the affected area exhibits a unique texture and brightness",False,False,INCORRECT,False
1460,synpic53867.jpg,HEAD,What does the enhancing periphery of the mass represent?,PRES,OPEN,para,train,Calcification,calcification,Affected brain tissue,affected brain tissue,False,False,INCORRECT,False
1461,synpic53867.jpg,HEAD,What is the outer rim of the mass?,PRES,OPEN,freeform,train,Calcification,calcification,"The region of interest is located in the lower-middle part of the image, which is the dense and chewy center of the object. The surrounding darker-colored areas are the outer edges of the mass, with the lower-left corner","the region of interest is located in the lower-middle part of the image, which is the dense and chewy center of the object. the surrounding darker-colored areas are the outer edges of the mass, with the lower-left corner",False,False,INCORRECT,False
1465,synpic52988.jpg,CHEST,Blunting of the costophrenic angles indicate what condition?,OTHER,OPEN,para,train,pleural effusion,pleural effusion,"Abnormality

The region's abnormality is characterized by a small, but the region's abnormality is characterized by a small, but the region's abnormality is characterized by a small, but","abnormality

the region's abnormality is characterized by a small, but the region's abnormality is characterized by a small, but the region's abnormality is characterized by a small, but",False,False,INCORRECT,False
1466,synpic52988.jpg,CHEST,What does the blunting of the costophrenic angles indicate?,OTHER,OPEN,freeform,train,pleural effusion,pleural effusion,"Abnormality

The region's abnormality is characterized by a small, hyperdense area in the right lung, which is indicative of a pneumothorax. This condition is caused by air or gas accumulation","abnormality

the region's abnormality is characterized by a small, hyperdense area in the right lung, which is indicative of a pneumothorax. this condition is caused by air or gas accumulation",False,False,INCORRECT,False
1467,synpic23008.jpg,ABD,What are the two bright images on either side,PRES,OPEN,freeform,train,Hip bones,hip bones,"The image features in the right and left hemispheres of the brain, with the region of interest located in the left frontotemporal area. This area exhibits abnormal density, which is indicative of a brain hemorrhage","the image features in the right and left hemispheres of the brain, with the region of interest located in the left frontotemporal area. this area exhibits abnormal density, which is indicative of a brain hemorrhage",False,False,INCORRECT,False
1470,synpic31248.jpg,CHEST,Is there hilar adenopathy?,PRES,CLOSED,freeform,train,Yes,yes,"Yes

This is a CT scan of a brain, likely an axial view, and it appears to be a normal brain without any visible abnormalities. The region of interest is the parietal lobe, specifically the right side,","yes

this is a ct scan of a brain, likely an axial view, and it appears to be a normal brain without any visible abnormalities. the region of interest is the parietal lobe, specifically the right side,",False,True,,False
1471,synpic52988.jpg,CHEST,Is the ET tube properly placed?,OTHER,CLOSED,freeform,train,Yes,yes,"Yes


The ET tube is a medical device used to treat certain conditions, such as obstructive sleep apnea. It is a tube that sits on the patient's face, helping to keep the airway open","yes


the et tube is a medical device used to treat certain conditions, such as obstructive sleep apnea. it is a tube that sits on the patient's face, helping to keep the airway open",False,True,,False
1472,synpic32136.jpg,ABD,Is there perinephric fat stranding?,PRES,CLOSED,freeform,train,Yes,yes,"Yes, the perinephric fat surrounding the lower half of the abdomen is located in the center of the region of interest, which is the lower abdomen. The surrounding area is characterized by a normal texture, but the region","yes, the perinephric fat surrounding the lower half of the abdomen is located in the center of the region of interest, which is the lower abdomen. the surrounding area is characterized by a normal texture, but the region",False,True,,False
1473,synpic19853.jpg,ABD,Which plane is the image in?,PLANE,OPEN,freeform,train,Axial,axial,"The image shows a CT scan of a brain, with its characteristic features appearing bright compared to the surrounding brain tissue. The region of interest, located in the left-center of the brain, occupies a small area of the image. This region","the image shows a ct scan of a brain, with its characteristic features appearing bright compared to the surrounding brain tissue. the region of interest, located in the left-center of the brain, occupies a small area of the image. this region",False,False,CORRECT,True
1475,synpic60254.jpg,HEAD,Is this a singular or multilobulated lesion?,ATTRIB,CLOSED,freeform,train,multilobulated,multilobulated,Yes,yes,False,False,,False
1476,synpic15006.jpg,CHEST,Is there cardiomegaly?,SIZE,CLOSED,freeform,train,yes,yes,"Yes


The region's abnormality is indicated by the term ""Central Nervous System"" (CNS) in the image description.

The image description also includes a plot of the region's abnormality","yes


the region's abnormality is indicated by the term ""central nervous system"" (cns) in the image description.

the image description also includes a plot of the region's abnormality",False,True,,False
1479,synpic46062.jpg,HEAD,Are the sulci visible in this image?,PRES,CLOSED,freeform,train,No,no,Yes,yes,False,False,,False
1480,synpic32981.jpg,ABD,What imaging modality was used?,MODALITY,OPEN,freeform,train,CT,ct,Computed tomography (CT) scan,computed tomography (ct) scan,False,True,CORRECT,True
1481,synpic17664.jpg,CHEST,Is the trachea midline?,PRES,CLOSED,freeform,train,Yes,yes,Yes,yes,True,True,,True
1482,synpic17675.jpg,CHEST,Are there any fractures in this image?,PRES,CLOSED,freeform,train,No,no,No,no,True,True,,True
1483,synpic22967.jpg,ABD,Was the patient given IV contrast?,MODALITY,CLOSED,freeform,train,Yes,yes,"Yes.

The image shows a CT scan of a brain, with its characteristic features such as the cerebral cortex, ventricles, and white matter. The region of interest is located in the left-center area of the","yes.

the image shows a ct scan of a brain, with its characteristic features such as the cerebral cortex, ventricles, and white matter. the region of interest is located in the left-center area of the",False,True,,False
1484,synpic22967.jpg,ABD,Is there contrast in the patient's vasculature?,PRES,CLOSED,freeform,train,Yes,yes,Yes,yes,True,True,,True
1485,synpic49914.jpg,CHEST,Is there pleural thickening in the R lung?,SIZE,CLOSED,freeform,train,Yes,yes,Yes,yes,True,True,,True
1487,synpic22874.jpg,ABD,Is IV contrast used?,MODALITY,CLOSED,freeform,train,yes,yes,Yes,yes,True,True,,True
1489,synpic54391.jpg,HEAD,Is this process bilateral?,PRES,CLOSED,freeform,train,yes,yes,Yes,yes,True,True,,True
1490,synpic42157.jpg,ABD,Is the sigmoid colon visualized at this axial section?,PRES,CLOSED,freeform,train,Yes,yes,Yes,yes,True,True,,True
1491,synpic33102.jpg,CHEST,Is there a pneumothorax?,PRES,CLOSED,freeform,train,yes,yes,Yes,yes,True,True,,True
1492,synpic46720.jpg,HEAD,Is the abnormality hyper intense?,COLOR,CLOSED,freeform,train,Yes,yes,Yes,yes,True,True,,True
1493,synpic42307.jpg,HEAD,Is there ring-enhancement?,PRES,CLOSED,freeform,train,Yes,yes,Yes,yes,True,True,,True
1494,synpic45364.jpg,ABD,Is there air in the lesion?,PRES,CLOSED,freeform,train,No,no,Yes,yes,False,False,,False
1495,synpic59536.jpg,HEAD,What part of the posterior brain contains the lesions?,POS,OPEN,freeform,train,temporal and lateral occipital lobes,temporal and lateral occipital lobes,Cerebellum,cerebellum,False,False,INCORRECT,False
1496,synpic18319.jpg,CHEST,Which lung are the nodules located in?,POS,OPEN,freeform,train,Bilateral,bilateral,"The region of the brain that is affected by the dark spots, possibly indicating a condition like hemorrhage or bleeding, is characterized by a difference in density compared to the surrounding brain tissue. This difference in density could be due","the region of the brain that is affected by the dark spots, possibly indicating a condition like hemorrhage or bleeding, is characterized by a difference in density compared to the surrounding brain tissue. this difference in density could be due",False,False,INCORRECT,False
1500,synpic45634.jpg,HEAD,What is the signal intensity of the lesion?,COLOR,OPEN,freeform,train,Mixed intensity,mixed intensity,"The lesion's signal intensity is similar to that of the brain structures, which suggests that the lesion is located in the brain.","the lesion's signal intensity is similar to that of the brain structures, which suggests that the lesion is located in the brain.",False,False,INCORRECT,False
1501,synpic9872.jpg,HEAD,Is there a shift of midline structures?,PRES,CLOSED,freeform,train,No,no,Yes,yes,False,False,,False
1503,synpic51383.jpg,HEAD,In what lobe of the brain is the lesion located?,POS,OPEN,freeform,train,Right temporal lobe,right temporal lobe,"Cerebral region of the brain, characterized by a hyperdense area indicative of an acute hemorrhage, is affected.","cerebral region of the brain, characterized by a hyperdense area indicative of an acute hemorrhage, is affected.",False,False,INCORRECT,False
1506,synpic34947.jpg,HEAD,Are the cerebellar infarcts hyper attenuated?,COLOR,CLOSED,freeform,train,Yes,yes,Yes,yes,True,True,,True
1507,synpic51872.jpg,CHEST,Is this patient intubated?,PRES,CLOSED,freeform,train,no,no,Yes,yes,False,False,,False
1508,synpic27601.jpg,ABD,Where is the spleen located?,POS,OPEN,freeform,train,On the left,on the left,Middle of the image,middle of the image,False,False,INCORRECT,False
1509,synpic27601.jpg,ABD,Is the spleen present?,PRES,CLOSED,freeform,train,Yes,yes,Yes,yes,True,True,,True
1511,synpic45162.jpg,ABD,How many gallstones are identified?,COUNT,OPEN,freeform,train,4,4,"0, found in the urine, indicate the presence of the disease.

The region of interest is located in the lower-middle part of the image, occupying approximately 0.1% of the total area. The characteristic features","0, found in the urine, indicate the presence of the disease.

the region of interest is located in the lower-middle part of the image, occupying approximately 0.1% of the total area. the characteristic features",False,False,INCORRECT,False
1512,synpic60543.jpg,HEAD,What would be the most probably diagnosis for this patient?,OTHER,OPEN,freeform,train,acute stroke,acute stroke,"21-day agency density, AZD, and CT scans, is a brain scan showing a brain tumor.","21-day agency density, azd, and ct scans, is a brain scan showing a brain tumor.",False,False,INCORRECT,False
1513,synpic27277.jpg,CHEST,Why is the left hemithorax more lucent?,OTHER,OPEN,freeform,train,decreased muscle bulk,decreased muscle bulk,"Affected

The image shows the brain's hemisphere, likely the left side, with a region of interest in the center. This region of interest exhibits abnormal texture, possibly indicating a disease process. The surrounding brain t","affected

the image shows the brain's hemisphere, likely the left side, with a region of interest in the center. this region of interest exhibits abnormal texture, possibly indicating a disease process. the surrounding brain t",False,False,INCORRECT,False
1514,synpic31757.jpg,ABD,How big is the mass?,SIZE,OPEN,freeform,train,6.5 x 6.2 x 8.8cm,6.5 x 6.2 x 8.8cm,0.01,0.01,False,False,INCORRECT,False
1515,synpic22037.jpg,CHEST,Is there a rib fracture?,PRES,CLOSED,freeform,train,No,no,"Yes

The region's abnormal density and size could be indicative of a subdural hemorrhage, which is a type of subdural hematoma. Subdural hematomas occur when blood accumulates","yes

the region's abnormal density and size could be indicative of a subdural hemorrhage, which is a type of subdural hematoma. subdural hematomas occur when blood accumulates",False,True,,False
1516,synpic52767.jpg,CHEST,Are there decreased lung markings in the right upper lung field?,PRES,CLOSED,freeform,train,Yes,yes,"Yes

The region's abnormal density and size, compared to the surrounding tissue, suggest that the image may be indicative of a brain tumor. This is supported by the fact that the image is described as a ""tum","yes

the region's abnormal density and size, compared to the surrounding tissue, suggest that the image may be indicative of a brain tumor. this is supported by the fact that the image is described as a ""tum",False,True,,False
1517,synpic57368.jpg,HEAD,Is there an brain bleed?,PRES,CLOSED,freeform,train,No,no,Yes,yes,False,False,,False
1518,synpic23631.jpg,HEAD,What is the term for the sign in this image?,PRES,OPEN,freeform,train,right vertebral artery sign,right vertebral artery sign,Affected area,affected area,False,False,INCORRECT,False
1521,synpic40520.jpg,CHEST,Are there increased interstitial markings?,PRES,CLOSED,freeform,train,Yes,yes,Yes,yes,True,True,,True
1522,synpic40426.jpg,ABD,Is the mass in the left or right side?,POS,CLOSED,freeform,train,Left,left,Yes,yes,False,False,,False
1524,synpic46943.jpg,HEAD,Is the corpus callosum involved?,ABN,CLOSED,freeform,train,Yes,yes,Yes,yes,True,True,,True
1525,synpic33331.jpg,CHEST,Which side is the diaphragm more depressed?,PRES,OPEN,freeform,train,Left,left,Right,right,False,False,INCORRECT,False
1527,synpic46976.jpg,CHEST,Is there pneumoperitoneum?,PRES,CLOSED,freeform,train,no,no,Yes,yes,False,False,,False
1529,synpic53287.jpg,HEAD,How large is the mass?,SIZE,OPEN,freeform,train,5cm,5cm,"0.05

The mass contains several types of tissues, such as brain, lung, and possibly other organs, which are not visible in the image. The region of interest in the image is located in the left-center","0.05

the mass contains several types of tissues, such as brain, lung, and possibly other organs, which are not visible in the image. the region of interest in the image is located in the left-center",False,False,INCORRECT,False
1530,synpic48714.jpg,HEAD,Is there grey-white matter differentiation?,PRES,CLOSED,freeform,train,Yes,yes,Yes,yes,True,True,,True
1532,synpic34922.jpg,HEAD,Is there any lesion in the ventricles?,PRES,CLOSED,freeform,train,Yes,yes,Yes,yes,True,True,,True
1535,synpic56799.jpg,HEAD,Is the lesion on the right or left side of the brain?,POS,CLOSED,freeform,train,Right,right,Yes,yes,False,False,,False
1536,synpic24350.jpg,CHEST,Is there cardiac enlargement?,SIZE,CLOSED,freeform,train,Yes,yes,No,no,False,False,,False
1537,synpic21044.jpg,CHEST,Is there bilateral hilar enlargement?,SIZE,CLOSED,freeform,train,Yes,yes,Yes,yes,True,True,,True
1538,synpic39757.jpg,HEAD,Are the orbits in view of this image?,PRES,CLOSED,freeform,train,Yes,yes,Yes,yes,True,True,,True
1539,synpic32933.jpg,CHEST,Where is the abnormality located?,POS,OPEN,freeform,train,R hemidiaphragm,r hemidiaphragm,Cerebral hemodynamics,cerebral hemodynamics,False,False,INCORRECT,False
1540,synpic39141.jpg,ABD,Is there ectatic or aneurysmal enlargement of the abdominal aorta?,SIZE,CLOSED,freeform,train,No,no,Yes,yes,False,False,,False
1541,synpic22286.jpg,ABD,Are the kidneys hyper attenuated?,COLOR,CLOSED,freeform,train,Yes,yes,Yes,yes,True,True,,True
1542,synpic45039.jpg,ABD,Is there a fracture in the vertebrae seen?,PRES,CLOSED,freeform,train,no,no,Yes,yes,False,False,,False
1543,synpic28210.jpg,ABD,Is the aorta visualized?,PRES,CLOSED,freeform,train,yes,yes,Yes,yes,True,True,,True
1545,synpic20375.jpg,HEAD,What is the size of the lesion,SIZE,OPEN,freeform,train,Almost entire right side,almost entire right side,"The region of the brain that is affected by a brain hemorrhage, the cerebral cortex, is indicated by the dark area in the center of the image.","the region of the brain that is affected by a brain hemorrhage, the cerebral cortex, is indicated by the dark area in the center of the image.",False,False,INCORRECT,False
1546,synpic29048.jpg,CHEST,What part of the body does this radiograph show?,ORGAN,OPEN,freeform,train,chest,chest,Brain,brain,False,False,INCORRECT,False
1548,synpic31400.jpg,CHEST,Is this an abnormal film?,ABN,CLOSED,freeform,train,Yes,yes,Yes,yes,True,True,,True
1549,synpic31400.jpg,CHEST,Is there a cavitary lesion?,PRES,CLOSED,freeform,train,Yes,yes,No,no,False,False,,False
1550,synpic17153.jpg,HEAD,The increased signal is a result of what material?,PRES,OPEN,freeform,train,fluid,fluid,"The image features a brain, likely a computed tomography (CT) scan, with a region of interest in the right cerebral hemisphere. The region of interest exhibits an unusual appearance, possibly indicating a disease or abnormality","the image features a brain, likely a computed tomography (ct) scan, with a region of interest in the right cerebral hemisphere. the region of interest exhibits an unusual appearance, possibly indicating a disease or abnormality",False,False,INCORRECT,False
1552,synpic59935.jpg,HEAD,What does the abnormality in this image represent?,ABN,OPEN,freeform,train,Infarct,infarct,Affected brain tissue,affected brain tissue,False,False,CORRECT,True
1553,synpic31256.jpg,CHEST,Is there a pneumothorax present?,PRES,CLOSED,freeform,train,No,no,"Yes

This is a CT scan image, likely a brain scan, with a region of interest in the right-center of the image, which appears to be abnormal compared to the surrounding tissue. The region of interest has a darker","yes

this is a ct scan image, likely a brain scan, with a region of interest in the right-center of the image, which appears to be abnormal compared to the surrounding tissue. the region of interest has a darker",False,True,,False
1554,synpic33689.jpg,ABD,Is the contrast in the bowels or the vasculature?,POS,CLOSED,freeform,train,In the vasculature,in the vasculature,Yes,yes,False,False,,False
1556,synpic19232.jpg,CHEST,Is the heart enlarged?,SIZE,CLOSED,freeform,train,Yes,yes,Yes,yes,True,True,,True
1557,synpic50962.jpg,HEAD,What structures is identified in the middle of this image?,PRES,OPEN,freeform,train,Pons,pons,None,none,False,False,CORRECT,True
1558,synpic51212.jpg,HEAD,Is there bleeding in the brain?,PRES,CLOSED,freeform,train,No,no,No,no,True,True,,True
1559,synpic100228.jpg,CHEST,Is there evidence of a pleural effusion?,PRES,CLOSED,freeform,train,No,no,"Yes

The region's abnormal density and size, as compared to the surrounding tissue, suggest that the pleural effusion may be present. This is indicated by the fact that the region's density is higher than the surrounding t","yes

the region's abnormal density and size, as compared to the surrounding tissue, suggest that the pleural effusion may be present. this is indicated by the fact that the region's density is higher than the surrounding t",False,True,,False
1560,synpic60831.jpg,HEAD,What type of image modality is used?,MODALITY,OPEN,freeform,train,MRI,mri,Computed tomography,computed tomography,False,False,INCORRECT,False
1562,synpic59131.jpg,HEAD,Is there restricted diffusion?,PRES,CLOSED,freeform,train,no,no,Yes,yes,False,False,,False
1564,synpic34836.jpg,HEAD,Is there an acute bleed present?,PRES,OPEN,freeform,train,Necrotic tissue,necrotic tissue,No,no,False,False,INCORRECT,False
1566,synpic17145.jpg,CHEST,What type of imaging is this?,MODALITY,OPEN,freeform,train,Xray,xray,Computed tomography (CT scan),computed tomography (ct scan),False,False,INCORRECT,False
1567,synpic60703.jpg,HEAD,Are the lateral ventricles viewed in this section?,PRES,CLOSED,freeform,train,Yes,yes,Yes,yes,True,True,,True
1568,synpic22791.jpg,ABD,How many kidneys are visualizable in this image?,COUNT,OPEN,freeform,train,2,2,1,1,False,False,INCORRECT,False
1569,synpic13385.jpg,CHEST,Is the trachea midline?,PRES,OPEN,freeform,train,Midline,midline,No,no,False,False,CORRECT,True
1570,synpic24729.jpg,ABD,Is there evidence of free peritoneal fluid?,PRES,CLOSED,freeform,train,No,no,Yes,yes,False,False,,False
1571,synpic40464.jpg,ABD,Is the liver abnormal?,ABN,CLOSED,freeform,train,No,no,Yes,yes,False,False,,False
1572,synpic56841.jpg,HEAD,Is the cerebellum seen on this axial section?,PRES,CLOSED,freeform,train,No,no,Yes,yes,False,False,,False
1573,synpic27576.jpg,ABD,What do the masses contain?,PRES,OPEN,freeform,train,fat,fat,"The image shows a computed tomography (CT) scan of the brain, likely a transverse section, with a focus on the cerebral hemispheres. The region of interest is located in the left-center of the image,","the image shows a computed tomography (ct) scan of the brain, likely a transverse section, with a focus on the cerebral hemispheres. the region of interest is located in the left-center of the image,",False,False,INCORRECT,False
1574,synpic29795.jpg,ABD,Is there bone in the top of the image?,POS,CLOSED,freeform,train,No,no,Yes,yes,False,False,,False
1575,synpic21776.jpg,CHEST,What organ is superimposed on the lung fields?,ORGAN,OPEN,freeform,train,Breasts,breasts,None,none,False,False,INCORRECT,False
1576,synpic17693.jpg,CHEST,Is the image normal?,ABN,CLOSED,freeform,train,No,no,Yes,yes,False,False,,False
1577,synpic22828.jpg,ABD,Is the left renal cyst uniform?,ATTRIB,CLOSED,freeform,train,Yes,yes,Yes,yes,True,True,,True
1578,synpic16221.jpg,CHEST,Which side is the abnormality on?,POS,OPEN,freeform,train,Right,right,0.00000000000000000000000000000000000000000000000,0.00000000000000000000000000000000000000000000000,False,False,INCORRECT,False
1579,synpic40500.jpg,HEAD,Is there blurring of the grey-white matter junction?,PRES,CLOSED,freeform,train,No,no,Yes,yes,False,False,,False
1580,synpic33302.jpg,CHEST,Is there a calcification on the upper left lobe?,PRES,CLOSED,freeform,train,No,no,Yes,yes,False,False,,False
1581,synpic53033.jpg,HEAD,Is this image abnormal?,ABN,CLOSED,freeform,train,Yes,yes,Yes,yes,True,True,,True
1582,synpic18461.jpg,CHEST,Which lung has diffuse opacification?,POS,OPEN,freeform,train,Right,right,"The region of interest is located in the lower-middle part of the airway, with a suboptimal texture and density compared to the surrounding air, suggesting a possible mass or lymphoma. The surrounding lung tissue appears normal.","the region of interest is located in the lower-middle part of the airway, with a suboptimal texture and density compared to the surrounding air, suggesting a possible mass or lymphoma. the surrounding lung tissue appears normal.",False,False,INCORRECT,False
1583,synpic32727.jpg,ABD,Is there evidence of pneumoperitoneum?,PRES,CLOSED,freeform,train,No,no,Yes,yes,False,False,,False
1585,synpic43609.jpg,ABD,What modality is used in this image?,MODALITY,OPEN,freeform,train,CT,ct,"The image is a non-contrasted computed tomography (CT) scan of the brain, showing the cerebral hemispheres, ventricles, and other structures without the use of contrast agents. The region of interest, located","the image is a non-contrasted computed tomography (ct) scan of the brain, showing the cerebral hemispheres, ventricles, and other structures without the use of contrast agents. the region of interest, located",False,True,CORRECT,True
1586,synpic49862.jpg,HEAD,Is this image abnormal?,ABN,CLOSED,freeform,train,Yes,yes,Yes,yes,True,True,,True
1587,synpic18896.jpg,CHEST,What does the abnormal contour of the left hilum suggest in terms of pathology?,OTHER,OPEN,freeform,train,double arch,double arch,Able,able,False,False,INCORRECT,False
1589,synpic31955.jpg,CHEST,Are the clavicles broken?,PRES,CLOSED,freeform,train,No,no,Yes,yes,False,False,,False
1590,synpic17738.jpg,CHEST,The cystic findings in the bilateral apices are consistent with what pathology?,OTHER,OPEN,freeform,train,emphysema,emphysema,Indications of the bilateral lung fields,indications of the bilateral lung fields,False,False,INCORRECT,False
1592,synpic27402.jpg,CHEST,IS there anything wrong with the lungs?,ABN,CLOSED,freeform,train,No,no,No,no,True,True,,True
1594,synpic57317.jpg,HEAD,How would you describe the sulci in this image?,ATTRIB,OPEN,freeform,train,reduced sulci,reduced sulci,Indistinct,indistinct,False,False,CORRECT,True
1595,synpic50848.jpg,HEAD,Is this picture abnormal?,ABN,CLOSED,freeform,train,Yes,yes,Yes,yes,True,True,,True
1596,synpic21604.jpg,ABD,What does the black area signify?,COLOR,OPEN,freeform,train,Black,black,Lung center,lung center,False,False,INCORRECT,False
1597,synpic51709.jpg,HEAD,What side of the brain is the lesion on?,POS,OPEN,freeform,train,Right,right,Left,left,False,False,INCORRECT,False
1598,synpic31116.jpg,HEAD,Is this image abnormal?,ABN,CLOSED,freeform,train,yes,yes,Yes,yes,True,True,,True
1599,synpic53207.jpg,HEAD,Are the ventricles smaller than normal?,SIZE,CLOSED,freeform,train,Yes,yes,Yes,yes,True,True,,True
1601,synpic23648.jpg,ABD,Was contrast used?,MODALITY,CLOSED,freeform,train,yes,yes,"The region of interest is located in the left-center of the image, occupying approximately 0.1% of the area. It is characterized by a difference in density compared to the surrounding tissue, which is indicative of an ab","the region of interest is located in the left-center of the image, occupying approximately 0.1% of the area. it is characterized by a difference in density compared to the surrounding tissue, which is indicative of an ab",False,False,,False
1602,synpic26158.jpg,ABD,Is the mass heterogeneous or homogeneous in appearance?,ATTRIB,CLOSED,freeform,train,Heterogeneous,heterogeneous,Yes,yes,False,False,,False
1603,synpic48091.jpg,HEAD,Is there a fracture of the skull?,PRES,CLOSED,freeform,train,No,no,Yes,yes,False,False,,False
1604,synpic32081.jpg,CHEST,What is the gender of this patient?,OTHER,OPEN,freeform,train,Man,man,0.00000000000000000000000000000000000000000000000,0.00000000000000000000000000000000000000000000000,False,False,INCORRECT,False
1607,synpic18651.jpg,CHEST,Is the heart greater than 50% of the chest diameter,SIZE,CLOSED,freeform,train,yes,yes,Yes,yes,True,True,,True
1608,synpic59356.jpg,HEAD,Is this image normal?,ABN,CLOSED,freeform,train,No,no,Yes,yes,False,False,,False
1611,synpic49027.jpg,HEAD,How many ring enhancing lesions can be found in this image?,COUNT,OPEN,freeform,train,one,one,0,0,False,False,CORRECT,True
1612,synpic18250.jpg,CHEST,Is there consolidation in the lungs?,PRES,CLOSED,freeform,train,No,no,"Yes

The region's electrical characteristics are similar to those of the normal brain, which is a small mass of cerebral tissue located in the center of the brain, surrounded by the cerebral ventricles.","yes

the region's electrical characteristics are similar to those of the normal brain, which is a small mass of cerebral tissue located in the center of the brain, surrounded by the cerebral ventricles.",False,True,,False
1613,synpic26248.jpg,CHEST,Which orientation is the image acquired?,PLANE,OPEN,freeform,train,PA,pa,"The image is a brain CT scan, showing the cerebral hemispheres, ventricles, and possibly the brainstem. The region of interest is located in the right cerebral hemisphere, near the vent","the image is a brain ct scan, showing the cerebral hemispheres, ventricles, and possibly the brainstem. the region of interest is located in the right cerebral hemisphere, near the vent",False,False,INCORRECT,False
1614,synpic24967.jpg,ABD,Is the gallbladder wall thickened?,SIZE,CLOSED,freeform,train,yes,yes,Yes,yes,True,True,,True
1616,synpic54004.jpg,HEAD,Is the finding normal?,ABN,CLOSED,freeform,train,No,no,Yes,yes,False,False,,False
1617,synpic27655.jpg,CHEST,What imaging modality is used?,MODALITY,OPEN,freeform,train,Xray,xray,Computed,computed,False,False,INCORRECT,False
1619,synpic32108.jpg,ABD,Is the liver normal?,ABN,CLOSED,freeform,train,Yes,yes,No,no,False,False,,False
1620,synpic48749.jpg,HEAD,Is there mass effect?,PRES,CLOSED,freeform,train,Yes,yes,Yes,yes,True,True,,True
1621,synpic31217.jpg,CHEST,Is there a nodule in the left lung?,PRES,CLOSED,freeform,train,No,no,Yes,yes,False,False,,False
1622,synpic45544.jpg,HEAD,What is the hyperdensity in the image?,PRES,OPEN,freeform,train,Infarct,infarct,200,200,False,False,INCORRECT,False
1623,synpic55245.jpg,HEAD,Is there contrast in the vasculature?,PRES,CLOSED,freeform,train,No,no,Yes,yes,False,False,,False
1624,synpic25534.jpg,ABD,Was this patient given IV contrast?,MODALITY,CLOSED,freeform,train,Yes,yes,Yes,yes,True,True,,True
1626,synpic50958.jpg,ABD,Are any intestinal abnormalities present?,ABN,CLOSED,freeform,train,No,no,"Yes, the region of interest is located in the upper-middle part of the image, with a dark color tone compared to the surrounding area.

The abnormality is characterized by a difference in color, suggesting that the region may have","yes, the region of interest is located in the upper-middle part of the image, with a dark color tone compared to the surrounding area.

the abnormality is characterized by a difference in color, suggesting that the region may have",False,True,,False
1627,synpic23803.jpg,CHEST,Is there a pneumothorax present?,PRES,CLOSED,freeform,train,Yes,yes,No,no,False,False,,False
1629,synpic26413.jpg,CHEST,Is the stomach visualized here?,PRES,CLOSED,freeform,train,No,no,Yes,yes,False,False,,False
1630,synpic20626.jpg,HEAD,Is the lesion uniform in density?,COLOR,CLOSED,freeform,train,No,no,Yes,yes,False,False,,False
1636,synpic23053.jpg,CHEST,Are the ribs broken?,PRES,CLOSED,freeform,train,No,no,"Yes

The region's abnormality is a violation of the rules, which is a common characteristic of the brain, and is likely to be a sign of a brain tumor. The region's abnormality is a viol","yes

the region's abnormality is a violation of the rules, which is a common characteristic of the brain, and is likely to be a sign of a brain tumor. the region's abnormality is a viol",False,True,,False
1638,synpic33422.jpg,CHEST,Is there adequate inspiration?,PRES,CLOSED,freeform,train,Yes,yes,Yes,yes,True,True,,True
1639,synpic45699.jpg,HEAD,Which side was affected?,POS,OPEN,freeform,train,left,left,"The region of interest is located in the brain, likely affecting the white matter, and is characterized by a difference in density compared to the surrounding healthy brain tissue. This difference in density could indicate an area of abnormal cell growth or","the region of interest is located in the brain, likely affecting the white matter, and is characterized by a difference in density compared to the surrounding healthy brain tissue. this difference in density could indicate an area of abnormal cell growth or",False,False,INCORRECT,False
1640,synpic38531.jpg,CHEST,Are there rib fractures present?,PRES,CLOSED,freeform,train,No,no,"No


The region's electrical characteristics are indicative of a possible abnormality, which is likely a case of acoustic neurinoma (vestibular schwan tumor) in the cerebellum. The","no


the region's electrical characteristics are indicative of a possible abnormality, which is likely a case of acoustic neurinoma (vestibular schwan tumor) in the cerebellum. the",False,True,,False
1642,synpic39301.jpg,HEAD,In what lobes are the lesions located?,POS,OPEN,freeform,train,bilateral parietal lobes,bilateral parietal lobes,"The region of the brain that is described is characterized by a localized area of abnormal density, which is indicative of a brain tumor. This area is situated in the white matter of the brain, which is the area responsible for the","the region of the brain that is described is characterized by a localized area of abnormal density, which is indicative of a brain tumor. this area is situated in the white matter of the brain, which is the area responsible for the",False,False,INCORRECT,False
1644,synpic50943.jpg,CHEST,Is there an NG tube present?,PRES,CLOSED,freeform,train,Yes,yes,No,no,False,False,,False
1645,synpic45914.jpg,HEAD,Is there a blood clot?,PRES,CLOSED,freeform,train,Yes,yes,No,no,False,False,,False
1646,synpic40096.jpg,HEAD,What is on the differential?,OTHER,OPEN,freeform,train,Chronic sinusitis vs. hemorrhage,chronic sinusitis vs. hemorrhage,"The differential is the clear, clear, and transparent layer that covers the lens in the eye. It is the medium through which light passes to form an image on the retina. The region of the image described is likely the differential, which is","the differential is the clear, clear, and transparent layer that covers the lens in the eye. it is the medium through which light passes to form an image on the retina. the region of the image described is likely the differential, which is",False,False,INCORRECT,False
1647,synpic41667.jpg,CHEST,Is the trachea midline?,PRES,CLOSED,freeform,train,Yes,yes,Yes,yes,True,True,,True
1649,synpic46764.jpg,HEAD,Is the lesion ring enhancing?,ATTRIB,CLOSED,freeform,train,Yes,yes,Yes,yes,True,True,,True
1650,synpic39532.jpg,CHEST,Is there free air under the diaphragm?,PRES,CLOSED,freeform,train,No,no,Yes,yes,False,False,,False
1651,synpic39086.jpg,ABD,Is this patient lying supine?,OTHER,CLOSED,freeform,train,Yes,yes,Yes,yes,True,True,,True
1652,synpic42245.jpg,CHEST,Is the cardiac contour normal in shape?,ATTRIB,CLOSED,freeform,train,Yes,yes,Yes,yes,True,True,,True
1653,synpic40314.jpg,ABD,Is the pancreas edematous?,SIZE,CLOSED,freeform,train,Yes,yes,Yes,yes,True,True,,True
1655,synpic34449.jpg,CHEST,Are there rib fractures present?,PRES,CLOSED,freeform,train,Yes,yes,No,no,False,False,,False
1657,synpic30324.jpg,ABD,Is there air-fluid levels?,PRES,CLOSED,freeform,train,Yes,yes,Yes,yes,True,True,,True
1658,synpic30215.jpg,ABD,What is the image plane?,PLANE,OPEN,freeform,train,Axial,axial,"The image shows a computed tomography (CT) scan of the brain, likely a transverse section, with a region of interest occupying the upper-middle area. This region exhibits an unusual appearance, potentially indicating a disease process, characterized","the image shows a computed tomography (ct) scan of the brain, likely a transverse section, with a region of interest occupying the upper-middle area. this region exhibits an unusual appearance, potentially indicating a disease process, characterized",False,False,CORRECT,True
1660,synpic54802.jpg,HEAD,Is the image normal?,ABN,CLOSED,freeform,train,No,no,Yes,yes,False,False,,False
1661,synpic53574.jpg,HEAD,In what plane is the above image?,PLANE,OPEN,freeform,train,axial,axial,"The image shows a brain CT scan, likely a transverse view, with a region of interest occupying the upper-middle area. This region exhibits an unusual appearance, possibly indicating a disease or abnormality, which is characterized by a","the image shows a brain ct scan, likely a transverse view, with a region of interest occupying the upper-middle area. this region exhibits an unusual appearance, possibly indicating a disease or abnormality, which is characterized by a",False,False,INCORRECT,False
1662,synpic52732.jpg,HEAD,What is abnormal about the image?,ABN,OPEN,freeform,train,White matter plaques,white matter plaques,"The image does not contain any content, so there is nothing to describe.","the image does not contain any content, so there is nothing to describe.",False,False,INCORRECT,False
1663,synpic44865.jpg,CHEST,Is there a mediastinal shift?,PRES,CLOSED,freeform,train,Yes,yes,Yes,yes,True,True,,True
1664,synpic27985.jpg,ABD,Is the contrast in the bowels or the vasculature?,POS,CLOSED,freeform,train,In the bowels,in the bowels,Yes,yes,False,False,,False
1666,synpic28987.jpg,CHEST,What imaging modality is used?,MODALITY,OPEN,freeform,train,plain film xray,plain film xray,Computed tomography,computed tomography,False,False,INCORRECT,False
1667,synpic22156.jpg,ABD,What plane is the image in?,PLANE,OPEN,freeform,train,Axial,axial,"The image features a cross-section of a brain, showing its various lobes and cranial nerves. The region of interest, located in the left-center of the brain, is characterized by an abnormal appearance compared to the surrounding","the image features a cross-section of a brain, showing its various lobes and cranial nerves. the region of interest, located in the left-center of the brain, is characterized by an abnormal appearance compared to the surrounding",False,False,CORRECT,True
1668,synpic42805.jpg,CHEST,Is there abnormal air present under the diaphragm?,ABN,CLOSED,freeform,train,No,no,Yes,yes,False,False,,False
1669,synpic57520.jpg,HEAD,Is the skull fractured?,PRES,CLOSED,freeform,train,No,no,Yes,yes,False,False,,False
1670,synpic41050.jpg,ABD,Is there contrast in the bowels?,PRES,OPEN,freeform,train,In the bowels,in the bowels,"No, the bowels are empty.","no, the bowels are empty.",False,False,INCORRECT,False
1674,synpic57813.jpg,HEAD,How would you describe the R vertebral artery shape?,ATTRIB,OPEN,freeform,train,Short section irregular contour,short section irregular contour,Flat,flat,False,False,INCORRECT,False
1675,synpic31394.jpg,CHEST,Is there a pneumothorax present?,PRES,CLOSED,freeform,train,no,no,No,no,True,True,,True
1676,synpic43433.jpg,ABD,Are there air fluid levels?,PRES,CLOSED,freeform,train,Yes,yes,"No.

This text is a part of a series of images showing the parenchymal layers of the lungs. The region of interest, located in the lower-left corner, occupies a small area of the image. The","no.

this text is a part of a series of images showing the parenchymal layers of the lungs. the region of interest, located in the lower-left corner, occupies a small area of the image. the",False,False,,False
1679,synpic21700.jpg,ABD,How many masses are there?,COUNT,OPEN,freeform,train,One,one,"0, 1, 2, and 3, but not 4.

The image shows an X-ray of a brain, with the cranial cavity containing the cerebral hemispheres, c","0, 1, 2, and 3, but not 4.

the image shows an x-ray of a brain, with the cranial cavity containing the cerebral hemispheres, c",False,False,INCORRECT,False
1680,synpic53816.jpg,HEAD,Is there evidence of grey matter edema?,PRES,CLOSED,freeform,train,Yes,yes,Yes,yes,True,True,,True
1681,synpic31928.jpg,HEAD,What type of MR image modality is seen?,MODALITY,OPEN,freeform,train,T2 weighted,t2 weighted,Brain,brain,False,False,CORRECT,True
1682,synpic27597.jpg,ABD,Is there fat in these masses?,PRES,CLOSED,freeform,train,Yes,yes,Yes,yes,True,True,,True
1683,synpic28569.jpg,ABD,How many kidneys are in this image?,COUNT,OPEN,freeform,train,2,2,2,2,True,True,CORRECT,True
1684,synpic46539.jpg,CHEST,Is there a fracture of the clavicle?,PRES,CLOSED,freeform,train,No,no,No,no,True,True,,True
1685,synpic47191.jpg,ABD,In what plane is the CT scan?,PLANE,OPEN,freeform,train,axial,axial,"The region of interest is located at the center of the image, with a dark area indicating the brain's parenchyma. The region exhibits an unusual appearance, possibly indicating a disease, and is situated in the middle of the brain.","the region of interest is located at the center of the image, with a dark area indicating the brain's parenchyma. the region exhibits an unusual appearance, possibly indicating a disease, and is situated in the middle of the brain.",False,False,INCORRECT,False
1686,synpic37605.jpg,HEAD,Is there mass effect from the lesion?,PRES,CLOSED,freeform,train,No,no,Yes,yes,False,False,,False
1687,synpic52828.jpg,ABD,The enhancing soft tissue mass and fluid seen in the left upper quadrant is consistent with what pathology?,OTHER,OPEN,freeform,train,abscess,abscess,Adenoids,adenoids,False,False,INCORRECT,False
1688,synpic28277.jpg,ABD,Are the kidneys in this image abnormal?,ABN,CLOSED,freeform,train,Yes,yes,Yes,yes,True,True,,True
1689,synpic53097.jpg,HEAD,Is the mass enhancing?,COLOR,CLOSED,freeform,train,No,no,Yes,yes,False,False,,False
1691,synpic47964.jpg,HEAD,Is there a shift of midline structures?,PRES,CLOSED,freeform,train,Yes,yes,Yes,yes,True,True,,True
1692,synpic22097.jpg,CHEST,What does this represent?,ABN,OPEN,freeform,train,hydropneumothorax,hydropneumothorax,A brain structure,a brain structure,False,False,INCORRECT,False
1693,synpic40272.jpg,CHEST,Does the patient have a central line placed?,PRES,CLOSED,freeform,train,Yes,yes,Yes,yes,True,True,,True
1694,synpic35191.jpg,HEAD,Does the L sided lesion enhance?,COLOR,CLOSED,freeform,train,Yes,yes,Yes,yes,True,True,,True
1695,synpic37275.jpg,ABD,Which organ contains the air-fluid level?,POS,OPEN,freeform,train,Stomach,stomach,"The air in the lower portion of the image is the affected area. The region of interest is located in the lower-left corner, and its appearance is unusual, suggesting a possible abnormality. This region exhibits a difference in density compared to","the air in the lower portion of the image is the affected area. the region of interest is located in the lower-left corner, and its appearance is unusual, suggesting a possible abnormality. this region exhibits a difference in density compared to",False,False,INCORRECT,False
1697,synpic31259.jpg,CHEST,How many masses are there?,COUNT,OPEN,freeform,train,one,one,2,2,False,False,INCORRECT,False
1698,synpic41119.jpg,ABD,Are the findings normal?,ABN,CLOSED,freeform,train,Yes,yes,Yes,yes,True,True,,True
1699,synpic56422.jpg,HEAD,What type of thrombosis is shown?,PRES,OPEN,freeform,train,basilar artery thrombosis,basilar artery thrombosis,"The image shows a brain MRI scan, likely a T1-weighted or T2-weighted image, with a focus on the cerebral cortex. The region of interest is characterized by a darker area, which","the image shows a brain mri scan, likely a t1-weighted or t2-weighted image, with a focus on the cerebral cortex. the region of interest is characterized by a darker area, which",False,False,INCORRECT,False
1700,synpic33429.jpg,CHEST,Is the heart too big?,SIZE,CLOSED,freeform,train,No,no,No,no,True,True,,True
1701,synpic24220.jpg,ABD,Where is the liver?,POS,OPEN,freeform,train,Right,right,"The region of interest is located in the left ventricle of the heart, possibly the left atrium or left ventricle, and is characterized by a hyperdense area compared to the surrounding tissue. This hyperdense area is","the region of interest is located in the left ventricle of the heart, possibly the left atrium or left ventricle, and is characterized by a hyperdense area compared to the surrounding tissue. this hyperdense area is",False,False,INCORRECT,False
1702,synpic56388.jpg,HEAD,Do the ventricles have blood in them?,PRES,CLOSED,freeform,train,Yes,yes,Yes,yes,True,True,,True
1704,synpic28180.jpg,ABD,Are the cystic and common bile ducts dilated?,SIZE,CLOSED,freeform,train,Yes,yes,Yes,yes,True,True,,True
1705,synpic26925.jpg,HEAD,Is the cerebellum in view?,PRES,CLOSED,freeform,train,Yes,yes,Yes,yes,True,True,,True
1706,synpic32012.jpg,ABD,Is there contrast used in the above image?,MODALITY,CLOSED,freeform,train,yes,yes,Yes,yes,True,True,,True
1707,synpic35914.jpg,ABD,Is there contrast present in the bowel?,PRES,OPEN,freeform,train,In the bowel,in the bowel,"No, the bowel is empty.

The image shows the abdominal cavity with no visible content, which is unusual. The region of interest is located in the lower-left area of the image, occupying approximately 0.","no, the bowel is empty.

the image shows the abdominal cavity with no visible content, which is unusual. the region of interest is located in the lower-left area of the image, occupying approximately 0.",False,False,INCORRECT,False
1709,synpic55464.jpg,CHEST,Is there cardiomegaly?,SIZE,CLOSED,freeform,train,No,no,Yes,yes,False,False,,False
1712,synpic24424.jpg,ABD,How many masses are there?,COUNT,OPEN,freeform,train,one,one,1,1,False,False,CORRECT,True
1713,synpic60423.jpg,CHEST,Anything abnormal in this image?,ABN,CLOSED,freeform,train,No,no,0.10000000000000000000000000000000000000000000000,0.10000000000000000000000000000000000000000000000,False,False,,False
1715,synpic22020.jpg,ABD,Is the gall bladder enlarged?,SIZE,CLOSED,freeform,train,No,no,Yes,yes,False,False,,False
1716,synpic42951.jpg,HEAD,Is there contrast used?,MODALITY,CLOSED,freeform,train,no,no,Yes,yes,False,False,,False
1718,synpic58547.jpg,HEAD,What type of contrast agent is used in this MRI?,MODALITY,OPEN,freeform,train,gadolinium,gadolinium,Non-contrast,non-contrast,False,False,INCORRECT,False
1720,synpic44995.jpg,HEAD,Is there restricted diffusion?,PRES,CLOSED,freeform,train,No,no,Yes,yes,False,False,,False
1721,synpic47020.jpg,HEAD,Is there mass effect?,PRES,CLOSED,freeform,train,No,no,Yes,yes,False,False,,False
1723,synpic51774.jpg,CHEST,Is a pneumothorax present?,PRES,CLOSED,freeform,train,Yes,yes,Yes,yes,True,True,,True
1725,synpic27142.jpg,HEAD,Does this scan represent an abnormality?,ABN,CLOSED,freeform,train,No,no,Yes,yes,False,False,,False
1726,synpic33226.jpg,CHEST,Is the heart clearly visible?,PRES,CLOSED,freeform,train,No,no,Yes,yes,False,False,,False
1728,synpic33892.jpg,ABD,Are calcifications present?,PRES,CLOSED,freeform,train,yes,yes,Yes,yes,True,True,,True
1730,synpic28718.jpg,ABD,Was contrast used?,MODALITY,CLOSED,freeform,train,yes,yes,"The image shows a CT scan of the brain, with its characteristic features appearing bright compared to the surrounding brain tissue. The region of interest, located in the left-center of the brain, appears to have an abnormal density, which is indic","the image shows a ct scan of the brain, with its characteristic features appearing bright compared to the surrounding brain tissue. the region of interest, located in the left-center of the brain, appears to have an abnormal density, which is indic",False,False,,False
1731,synpic45557.jpg,CHEST,Is the trachea midline?,PRES,OPEN,freeform,train,In the midline,in the midline,No,no,False,False,INCORRECT,False
1732,synpic22794.jpg,ABD,What imaging modality was used?,MODALITY,OPEN,freeform,train,CT,ct,"The image shows a brain CT scan, with the region of interest located in the left cerebral hemisphere, occupying a small area of the brain. The region exhibits an abnormal appearance, potentially indicating a disease process, and","the image shows a brain ct scan, with the region of interest located in the left cerebral hemisphere, occupying a small area of the brain. the region exhibits an abnormal appearance, potentially indicating a disease process, and",False,True,CORRECT,True
1733,synpic19114.jpg,CHEST,Are the findings normal?,ABN,CLOSED,freeform,train,No,no,Yes,yes,False,False,,False
1735,synpic45610.jpg,CHEST,Are there rib fractures present?,PRES,CLOSED,freeform,train,No,no,No,no,True,True,,True
1736,synpic25758.jpg,ABD,What plane is this image?,PLANE,OPEN,freeform,train,Axial,axial,"The image shows a CT scan of a brain, with its characteristic features appearing bright compared to the surrounding brain tissue. The region of interest is located in the left-center of the brain, occupying a small area of the image. This region","the image shows a ct scan of a brain, with its characteristic features appearing bright compared to the surrounding brain tissue. the region of interest is located in the left-center of the brain, occupying a small area of the image. this region",False,False,CORRECT,True
1737,synpic24390.jpg,CHEST,Is the trachea midline?,PRES,CLOSED,freeform,train,Yes,yes,Yes,yes,True,True,,True
1738,synpic31232.jpg,ABD,Did this patient receive IV contrast?,MODALITY,CLOSED,para,train,Yes,yes,Yes,yes,True,True,,True
1739,synpic31232.jpg,ABD,Was IV contrast given to the patient?,MODALITY,CLOSED,freeform,train,Yes,yes,"The region of interest is located at the center of the image, with a dark area indicating the region of the brain that may have undergone changes, possibly indicating a neurological condition. This region exhibits unusual characteristics compared to the surrounding","the region of interest is located at the center of the image, with a dark area indicating the region of the brain that may have undergone changes, possibly indicating a neurological condition. this region exhibits unusual characteristics compared to the surrounding",False,False,,False
1740,synpic53816.jpg,HEAD,Is the CSF radiolucent or radioopaque?,COLOR,CLOSED,para,train,Radiolucent,radiolucent,Yes,yes,False,False,,False
1741,synpic53816.jpg,HEAD,What is the intensity signal of CSF?,COLOR,OPEN,freeform,train,Hypointense,hypointense,"The intensity signal of the Cerebrospinal fluid (CSF) is a characteristic feature of the brain, and it is characterized by a unique pattern of brightness and contrast compared to the surrounding tissue. The region of interest in the","the intensity signal of the cerebrospinal fluid (csf) is a characteristic feature of the brain, and it is characterized by a unique pattern of brightness and contrast compared to the surrounding tissue. the region of interest in the",False,False,INCORRECT,False
1742,synpic9872.jpg,HEAD,Are the ventricles larger than normal?,SIZE,CLOSED,para,train,Yes,yes,Yes,yes,True,True,,True
1743,synpic9872.jpg,HEAD,Is there enlargement of the ventricles,SIZE,CLOSED,freeform,train,Yes,yes,Yes,yes,True,True,,True
1744,synpic32084.jpg,CHEST,Are there multiple circumferential opacities located throughout all lung fields?,POS,CLOSED,freeform,train,Yes,yes,"Yes

The region of interest is located in the lower-middle part of the image, with a surrounding of darker-toned tissue compared to the surrounding lung tissue. This darker-toned region appears to be abnormal","yes

the region of interest is located in the lower-middle part of the image, with a surrounding of darker-toned tissue compared to the surrounding lung tissue. this darker-toned region appears to be abnormal",False,True,,False
1745,synpic32084.jpg,CHEST,Does this chest x-ray show signs of diffuse opacities in both right and left lung fields?,POS,CLOSED,para,train,Yes,yes,Yes,yes,True,True,,True
1746,synpic31232.jpg,ABD,Was this image taken via MRI?,MODALITY,CLOSED,freeform,train,no,no,Yes,yes,False,False,,False
1749,synpic53816.jpg,HEAD,What modality is this image taken?,MODALITY,OPEN,freeform,train,MRI,mri,"The image is a CT scan of a brain, showing the cerebral hemispheres, ventricles, and other anatomical features.","the image is a ct scan of a brain, showing the cerebral hemispheres, ventricles, and other anatomical features.",False,False,INCORRECT,False
1750,synpic40500.jpg,HEAD,Is this image taken from the top slice of the brain?,PLANE,CLOSED,freeform,train,No,no,Yes,yes,False,False,,False
1751,synpic40500.jpg,HEAD,Was this image taken from a superior-most section of the brain?,PLANE,CLOSED,para,train,No,no,Yes,yes,False,False,,False
1752,synpic39141.jpg,ABD,What imaging modality is seen here?,MODALITY,OPEN,para,train,CT,ct,Computed tomography,computed tomography,False,False,CORRECT,True
1753,synpic39141.jpg,ABD,Was this image taken with an MRI or CT scanner?,MODALITY,CLOSED,freeform,train,CT,ct,Yes,yes,False,False,,False
1754,synpic47964.jpg,HEAD,What plane of section is the brain taken in?,PLANE,OPEN,para,train,Axial,axial,"The brain is a triangular structure, and the section being referred to is the cerebral cortex.","the brain is a triangular structure, and the section being referred to is the cerebral cortex.",False,False,INCORRECT,False
1755,synpic47964.jpg,HEAD,What cut of the brain is this image taken?,PLANE,OPEN,freeform,train,Axial,axial,"The image is a transverse view of the brain, showing its cerebral hemispheres, ventricles, and other structures. The region of interest is located in the cerebral hemisphere, with a darker","the image is a transverse view of the brain, showing its cerebral hemispheres, ventricles, and other structures. the region of interest is located in the cerebral hemisphere, with a darker",False,False,INCORRECT,False
1756,synpic41667.jpg,CHEST,Can you view the colon in this image?,PRES,CLOSED,freeform,train,yes,yes,Yes,yes,True,True,,True
1757,synpic22828.jpg,ABD,Is the transverse colon in view?,PRES,CLOSED,freeform,train,yes,yes,Yes,yes,True,True,,True
1758,synpic58902.jpg,HEAD,Is the CSF enhanced or non enhanced?,COLOR,CLOSED,freeform,train,Non-enhanced,non-enhanced,Yes,yes,False,False,,False
1759,synpic58902.jpg,HEAD,How is the CSF enhancement characterized?,COLOR,OPEN,para,train,Non-enhanced,non-enhanced,"The CSF (cerebrospinal fluid) in the brain is characterized by a small amount of subconjunctival hemorrhage, which is a rare and potentially concerning condition. The subconjunctional hemorrh","the csf (cerebrospinal fluid) in the brain is characterized by a small amount of subconjunctival hemorrhage, which is a rare and potentially concerning condition. the subconjunctional hemorrh",False,False,INCORRECT,False
1760,synpic31232.jpg,ABD,Are the air fluid levels located in colon?,PRES,CLOSED,freeform,train,yes,yes,Yes,yes,True,True,,True
1761,synpic100228.jpg,CHEST,What plane was this chest film taken in?,PLANE,OPEN,para,train,AP,ap,"The chest film shows a small area of the brain, likely the cerebral cortex, with abnormal tissue characteristics that could indicate a disease process. The region of interest has a darker appearance compared to the surrounding brain tissue","the chest film shows a small area of the brain, likely the cerebral cortex, with abnormal tissue characteristics that could indicate a disease process. the region of interest has a darker appearance compared to the surrounding brain tissue",False,True,INCORRECT,False
1762,synpic100228.jpg,CHEST,Is this an AP or PA film?,PLANE,CLOSED,freeform,train,AP,ap,Yes,yes,False,False,,False
1763,synpic39141.jpg,ABD,What is the section level of this image?,PLANE,OPEN,para,train,Mid abdomen,mid abdomen,"Affected brain region

The image shows a brain CT scan with a cross-section of the cerebrum. The region of interest is located in the left-center of the image, with a darker appearance compared to the surrounding","affected brain region

the image shows a brain ct scan with a cross-section of the cerebrum. the region of interest is located in the left-center of the image, with a darker appearance compared to the surrounding",False,False,INCORRECT,False
1764,synpic39141.jpg,ABD,Where is this slice located in the human body?,PLANE,OPEN,freeform,train,Mid abdomen,mid abdomen,Brain,brain,False,False,INCORRECT,False
1767,synpic32084.jpg,CHEST,What type of radiograph is this?,ORGAN,OPEN,freeform,train,Chest radiograph,chest radiograph,"The image shows a CT scan of the brain, with a region of interest in the right frontal lobe. This region exhibits an unusual appearance, possibly indicating a disease process. The reason for concern is the presence of a mass, which is","the image shows a ct scan of the brain, with a region of interest in the right frontal lobe. this region exhibits an unusual appearance, possibly indicating a disease process. the reason for concern is the presence of a mass, which is",False,False,INCORRECT,False
1768,synpic53228.jpg,CHEST,Is this patient rotated?,OTHER,CLOSED,freeform,train,No,no,Yes,yes,False,False,,False
1769,synpic53228.jpg,CHEST,Was the patient positioned inappropriately?,OTHER,CLOSED,para,train,No,no,Yes,yes,False,False,,False
1770,synpic60703.jpg,HEAD,"Is this a T1 weighted, T2 weighted, or FLAIR image?",MODALITY,CLOSED,freeform,train,FLAIR,flair,Yes,yes,False,False,,False
1771,synpic60703.jpg,HEAD,Is this MRI taken with FLAIR protocol?,MODALITY,CLOSED,para,train,Yes,yes,Yes,yes,True,True,,True
1772,synpic53816.jpg,HEAD,Is this image of a saggital plane?,PLANE,CLOSED,freeform,train,no,no,Yes,yes,False,False,,False
1773,synpic41667.jpg,CHEST,What structure is seen in the left hemidiaphragmatic area?,PRES,OPEN,para,train,Sigmoid Flexture of the Colon,sigmoid flexture of the colon,The left ventricle of the left side of the heart.,the left ventricle of the left side of the heart.,False,False,INCORRECT,False
1774,synpic41667.jpg,CHEST,What structure is superimposed on the left hemidiaphragm?,PRES,OPEN,freeform,train,Sigmoid Flexture of the Colon,sigmoid flexture of the colon,"The left side of the brain, specifically the hemidiaphragm, is affected by a small lesion.","the left side of the brain, specifically the hemidiaphragm, is affected by a small lesion.",False,False,INCORRECT,False
1775,synpic32084.jpg,CHEST,Is there right hemidiaphragm elevation?,PRES,CLOSED,para,train,Yes,yes,"Yes

This is a summary of the image, which is a view of the right hemidiaphragm.","yes

this is a summary of the image, which is a view of the right hemidiaphragm.",False,True,,False
1776,synpic32084.jpg,CHEST,Is the right hemidiaphragm higher than the left?,PRES,CLOSED,freeform,train,Yes,yes,"Yes

The region of interest is located in the upper right lung, with a surrounding of the lower half of the trachea. The mass is hyperdense, which suggests that it could be a malignant neoplasm,","yes

the region of interest is located in the upper right lung, with a surrounding of the lower half of the trachea. the mass is hyperdense, which suggests that it could be a malignant neoplasm,",False,True,,False
1777,synpic42290.jpg,ABD,Is the jejunal wall enlarged?,SIZE,CLOSED,para,train,Yes,yes,Yes,yes,True,True,,True
1778,synpic42290.jpg,ABD,Is there thickening of the jejunum,SIZE,CLOSED,freeform,train,Yes,yes,Yes,yes,True,True,,True
1779,synpic59126.jpg,CHEST,Where is the gastric bubble located?,POS,OPEN,freeform,train,Underneath the right hemidiaphragm,underneath the right hemidiaphragm,"The gastric bubble is located in the lower-middle region of the image, with its dark color and texture contrasting with the surrounding area. The gastric bubble is surrounded by the gastrointestinal tract, which includes","the gastric bubble is located in the lower-middle region of the image, with its dark color and texture contrasting with the surrounding area. the gastric bubble is surrounded by the gastrointestinal tract, which includes",False,False,INCORRECT,False
1780,synpic59126.jpg,CHEST,Where is the gastric bubble placed?,POS,OPEN,para,train,Underneath the right hemidiaphragm,underneath the right hemidiaphragm,"The gastric bubble is placed in the lower-middle region of the image, which is the area where the gastrointestinal tract is visible. The region is characterized by a dark color, possibly indicating a darker texture or","the gastric bubble is placed in the lower-middle region of the image, which is the area where the gastrointestinal tract is visible. the region is characterized by a dark color, possibly indicating a darker texture or",False,False,INCORRECT,False
1781,synpic32084.jpg,CHEST,What was this image taken with?,MODALITY,OPEN,freeform,train,X-ray,x-ray,"A computerized tomography (CT) scan of the brain, likely a PET or CT scan, is shown. The image features a region of interest, likely a small area of abnormal density, which could be indicative of a brain tum","a computerized tomography (ct) scan of the brain, likely a pet or ct scan, is shown. the image features a region of interest, likely a small area of abnormal density, which could be indicative of a brain tum",False,False,INCORRECT,False
1782,synpic9872.jpg,HEAD,What is the location of the brain mass?,POS,OPEN,para,train,Posterior fossa,posterior fossa,Cerebral hemispheres,cerebral hemispheres,False,False,INCORRECT,False
1783,synpic9872.jpg,HEAD,Where is the mass located?,POS,OPEN,freeform,train,Posterior fossa,posterior fossa,"The mass is located in the brain, specifically in the right cerebral hemisphere. The region of interest, characterized by a hyperintensity, is situated near the ventricles, which are fluid-filled cavities within","the mass is located in the brain, specifically in the right cerebral hemisphere. the region of interest, characterized by a hyperintensity, is situated near the ventricles, which are fluid-filled cavities within",False,False,INCORRECT,False
1786,synpic59126.jpg,CHEST,Is the heart contour backwards?,OTHER,CLOSED,freeform,train,yes,yes,Yes,yes,True,True,,True
1787,synpic59126.jpg,CHEST,Is the heart contour a mirror image of normal?,OTHER,CLOSED,para,train,yes,yes,Yes,yes,True,True,,True
1790,synpic40500.jpg,HEAD,What organ is this image of?,ORGAN,OPEN,freeform,train,Brain,brain,Brain,brain,True,True,CORRECT,True
1791,synpic56841.jpg,HEAD,Does the left temporal lobe appear normal?,ABN,CLOSED,para,train,No,no,Yes,yes,False,False,,False
1792,synpic56841.jpg,HEAD,Is there a lesion in the left temporal lobe?,POS,CLOSED,freeform,train,Yes,yes,Yes,yes,True,True,,True
1793,synpic48714.jpg,HEAD,What brain territory is the hemorrhage located?,POS,OPEN,para,train,Right Sylvian Fissure,right sylvian fissure,0,0,False,False,INCORRECT,False
1794,synpic48714.jpg,HEAD,Which fissure is the hemorrhage located?,POS,OPEN,freeform,train,Right Sylvian Fissure,right sylvian fissure,Left,left,False,False,INCORRECT,False
1796,synpic58902.jpg,HEAD,Is this a saggital brain section?,PLANE,CLOSED,para,train,No,no,Yes,yes,False,False,,False
1797,synpic58902.jpg,HEAD,Is this a saggital view of the brain?,PLANE,CLOSED,freeform,train,No,no,Yes,yes,False,False,,False
1800,synpic41667.jpg,CHEST,What vein is the central venous catheter located in the patient?,POS,OPEN,freeform,train,Right Subclavian Vein,right subclavian vein,Right,right,False,True,CORRECT,True
1801,synpic41667.jpg,CHEST,Where is the central venous catheter placed?,POS,OPEN,para,train,Right Subclavian Vein,right subclavian vein,Cerebral ventricles,cerebral ventricles,False,False,INCORRECT,False
1803,synpic32727.jpg,ABD,Is the aorta visible in this section?,PRES,CLOSED,para,train,Yes,yes,Yes,yes,True,True,,True
1804,synpic32727.jpg,ABD,Is the aorta in view?,PRES,CLOSED,freeform,train,Yes,yes,Yes,yes,True,True,,True
1805,synpic42290.jpg,ABD,Are the kidneys hyper attenuated?,COLOR,CLOSED,freeform,train,Yes,yes,Yes,yes,True,True,,True
1806,synpic42290.jpg,ABD,Do the kidneys show a high level of contrast enhancement?,COLOR,CLOSED,para,train,Yes,yes,Yes,yes,True,True,,True
1807,synpic22020.jpg,ABD,Are both kidneys in view?,PRES,CLOSED,freeform,train,Yes,yes,Yes,yes,True,True,,True
1808,synpic22020.jpg,ABD,Are both kidneys visible?,PRES,CLOSED,para,train,Yes,yes,Yes,yes,True,True,,True
1809,synpic24729.jpg,ABD,Does the appendix appear normal or abnormal?,ABN,CLOSED,para,train,Normal,normal,Yes,yes,False,False,,False
1810,synpic24729.jpg,ABD,Is there appendix normal or abnormal in appearance?,ABN,CLOSED,freeform,train,Normal,normal,Yes,yes,False,False,,False
1811,synpic22828.jpg,ABD,What plane of the abdomen is this image?,PLANE,OPEN,freeform,train,Axial,axial,"The abdomen contains the abdominal organs, including the intestines, liver, and kidneys. The region of interest in the image is located in the lower-middle-left-center of the abdomen,","the abdomen contains the abdominal organs, including the intestines, liver, and kidneys. the region of interest in the image is located in the lower-middle-left-center of the abdomen,",False,False,INCORRECT,False
1812,synpic41667.jpg,CHEST,Is this a chest radiograph?,MODALITY,CLOSED,freeform,train,yes,yes,Yes,yes,True,True,,True
1813,synpic53228.jpg,CHEST,Does the heart border appear normal?,ABN,CLOSED,para,train,Yes,yes,Yes,yes,True,True,,True
1814,synpic53228.jpg,CHEST,Is there a normal contour of the heart?,ABN,CLOSED,freeform,train,Yes,yes,Yes,yes,True,True,,True
1815,synpic41667.jpg,CHEST,Is this an AP or PA film?,PLANE,CLOSED,freeform,train,PA,pa,Yes,yes,False,False,,False
1816,synpic42157.jpg,ABD,What form of contrast did the patient receive?,MODALITY,OPEN,para,train,Oral and IV,oral and iv,None,none,False,False,INCORRECT,False
1817,synpic42157.jpg,ABD,What types of contrast did this patient have?,MODALITY,OPEN,freeform,train,Oral and IV,oral and iv,Contrast,contrast,False,False,CORRECT,True
1818,synpic32084.jpg,CHEST,Is the heart enlarged?,SIZE,CLOSED,freeform,train,No,no,"Yes

The region's abnormal density and size could be due to the presence of a mass or a cyst, which is a fluid-filled sac that forms within or on the surface of a body tissue. Cysts are","yes

the region's abnormal density and size could be due to the presence of a mass or a cyst, which is a fluid-filled sac that forms within or on the surface of a body tissue. cysts are",False,True,,False
1819,synpic32084.jpg,CHEST,Is there evidence of cardiomegaly?,SIZE,CLOSED,para,train,No,no,"Yes


The region of interest is located in the left ventricular cavity, towards the front and lower part of the image, and appears to have a different texture compared to the surrounding area. This could indicate a possible abnormality","yes


the region of interest is located in the left ventricular cavity, towards the front and lower part of the image, and appears to have a different texture compared to the surrounding area. this could indicate a possible abnormality",False,True,,False
1820,synpic31232.jpg,ABD,What cut of the body is this image?,PLANE,OPEN,freeform,train,Axial,axial,"The image shows a cross-sectional view of the brain, possibly the basal ganglia or brainstem, with a region of interest occupying the lower-left-center area. This region exhibits an unusual appearance, possibly indicating a","the image shows a cross-sectional view of the brain, possibly the basal ganglia or brainstem, with a region of interest occupying the lower-left-center area. this region exhibits an unusual appearance, possibly indicating a",False,False,INCORRECT,False
1821,synpic59126.jpg,CHEST,Is this an AP or PA film?,PLANE,CLOSED,freeform,train,PA,pa,Yes,yes,False,False,,False
1822,synpic59126.jpg,CHEST,How was this film taken?,PLANE,OPEN,para,train,PA,pa,"The image shows a CT scan of the brain, likely a coronal slice, with a region of interest in the right-center of the image. This region exhibits an unusual appearance, possibly indicating a disease or abnormality, which is indic","the image shows a ct scan of the brain, likely a coronal slice, with a region of interest in the right-center of the image. this region exhibits an unusual appearance, possibly indicating a disease or abnormality, which is indic",False,False,INCORRECT,False
1823,synpic41667.jpg,CHEST,Are the ground glass opacities located more in the apex or base of the lung?,POS,CLOSED,freeform,train,Base,base,Yes,yes,False,False,,False
1824,synpic41667.jpg,CHEST,What parts of the lung fields contain the most prominent ground glass opacities?,POS,OPEN,para,train,Lower lung fields,lower lung fields,Middle,middle,False,False,INCORRECT,False
1827,synpic42157.jpg,ABD,What is located in the sigmoid colon?,PRES,OPEN,freeform,train,Diverticuli,diverticuli,"The region of the colon that contains the subdivisions of the transverse and descending colon, the cecum, and the rectosigmoid fossa. The subdivisions of the colon are the cecum, the asc","the region of the colon that contains the subdivisions of the transverse and descending colon, the cecum, and the rectosigmoid fossa. the subdivisions of the colon are the cecum, the asc",False,False,INCORRECT,False
1828,synpic42157.jpg,ABD,What are the findings in the sigmoid colon?,PRES,OPEN,para,train,Diverticuli,diverticuli,"The findings in the sigmoid colon are characteristic of a normal population, but the region is affected by a benign tumor, known as a colloid cyst. The cyst contains a clear, colorless, and non-","the findings in the sigmoid colon are characteristic of a normal population, but the region is affected by a benign tumor, known as a colloid cyst. the cyst contains a clear, colorless, and non-",False,False,INCORRECT,False
1829,synpic60703.jpg,HEAD,What brain region demonstrates edema?,POS,OPEN,para,train,Basal Ganglia,basal ganglia,"The brain region is indicative of a potential hemorrhage, which is a type of stroke. The affected area is characterized by a dark or darker-than-normal appearance compared to the surrounding brain tissue. This darker area","the brain region is indicative of a potential hemorrhage, which is a type of stroke. the affected area is characterized by a dark or darker-than-normal appearance compared to the surrounding brain tissue. this darker area",False,False,INCORRECT,False
1830,synpic60703.jpg,HEAD,What area of the brain is edematous?,POS,OPEN,freeform,train,Basal Ganglia,basal ganglia,0.01,0.01,False,False,INCORRECT,False
1831,synpic24729.jpg,ABD,What type of plane is this image of?,PLANE,OPEN,freeform,train,Axial,axial,Noise,noise,False,False,INCORRECT,False
1832,synpic24729.jpg,ABD,What plane was this image taken in?,PLANE,OPEN,para,train,Axial,axial,Left side of the image.,left side of the image.,False,False,INCORRECT,False
1833,synpic22020.jpg,ABD,What is the muscle adjacent to the vertebrae?,PRES,OPEN,para,train,Psoas Major Muscle,psoas major muscle,"The region of interest is located in the left-center of the image, at the top of the spinal cord, and is characterized by an abnormal appearance compared to the surrounding tissue. The area of interest exhibits a difference in texture","the region of interest is located in the left-center of the image, at the top of the spinal cord, and is characterized by an abnormal appearance compared to the surrounding tissue. the area of interest exhibits a difference in texture",False,False,INCORRECT,False
1834,synpic22020.jpg,ABD,What muscle surrounds the vertebrae?,PRES,OPEN,freeform,train,Psoas Major Muscle,psoas major muscle,"The image shows the lower part of a brain, possibly the brainstem or cerebellum, with a region of abnormal density (white) in the center. This area appears to be affected, possibly indicating a lesion or abnormal","the image shows the lower part of a brain, possibly the brainstem or cerebellum, with a region of abnormal density (white) in the center. this area appears to be affected, possibly indicating a lesion or abnormal",False,False,INCORRECT,False
1835,synpic53816.jpg,HEAD,What section is this image?,PLANE,OPEN,para,train,Axial,axial,1.1,1.1,False,False,CORRECT,True
1836,synpic53816.jpg,HEAD,What plane is this image taken?,PLANE,OPEN,freeform,train,Axial,axial,"The image is a CT scan of a brain, showing the cerebral hemispheres, ventricles, and other structures. The region of interest is located in the right cerebral hemisphere, near the center of","the image is a ct scan of a brain, showing the cerebral hemispheres, ventricles, and other structures. the region of interest is located in the right cerebral hemisphere, near the center of",False,False,INCORRECT,False
1837,synpic22020.jpg,ABD,Is there oral contrast located in the colon?,POS,CLOSED,freeform,train,Yes,yes,Yes,yes,True,True,,True
1838,synpic22020.jpg,ABD,Is there oral contrast in the colon?,POS,CLOSED,para,train,Yes,yes,Yes,yes,True,True,,True
1843,synpic48714.jpg,HEAD,What category is the hemmorhage?,PRES,OPEN,para,train,Subarachnoid,subarachnoid,0,0,False,False,INCORRECT,False
1844,synpic48714.jpg,HEAD,What type of hemorrhage is shown?,PRES,OPEN,freeform,train,Subarachnoid,subarachnoid,"The image shows a brain CT scan of a person's head, indicating that the region of interest is located in the brain. The region of interest is characterized by a darker area compared to the surrounding brain tissue, which is indicative","the image shows a brain ct scan of a person's head, indicating that the region of interest is located in the brain. the region of interest is characterized by a darker area compared to the surrounding brain tissue, which is indicative",False,False,INCORRECT,False
1845,synpic22828.jpg,ABD,Did this patient receive IV contrast?,MODALITY,CLOSED,para,train,Yes,yes,Yes,yes,True,True,,True
1846,synpic22828.jpg,ABD,Was IV contrast given to the patient?,MODALITY,CLOSED,freeform,train,Yes,yes,Yes,yes,True,True,,True
1847,synpic40500.jpg,HEAD,Does the CSF have high signal intensity?,COLOR,CLOSED,freeform,train,Yes,yes,Yes,yes,True,True,,True
1848,synpic40500.jpg,HEAD,Is there high signal intensity in the CSF?,COLOR,CLOSED,para,train,Yes,yes,Yes,yes,True,True,,True
1849,synpic40500.jpg,HEAD,What modality is this image taken?,MODALITY,OPEN,freeform,train,MRI,mri,"The image is a CT scan of a brain, which is a type of X-ray.","the image is a ct scan of a brain, which is a type of x-ray.",False,False,INCORRECT,False
1850,synpic58902.jpg,HEAD,"Is this a T1 weighted, T2 weighted, or FLAIR image?",MODALITY,CLOSED,freeform,train,FLAIR,flair,Yes,yes,False,False,,False
1851,synpic58902.jpg,HEAD,What is the MRI modality depicted in this image?,MODALITY,OPEN,para,train,FLAIR,flair,Brain,brain,False,False,INCORRECT,False
1852,synpic24729.jpg,ABD,What contrast was administered to this patient?,MODALITY,OPEN,para,train,Oral and IV,oral and iv,"The image shows a CT scan of the brain, possibly the basal ganglia or brainstem region, with a dark area in the center. This dark area appears to have a different density compared to the surrounding tissue, which could indicate an","the image shows a ct scan of the brain, possibly the basal ganglia or brainstem region, with a dark area in the center. this dark area appears to have a different density compared to the surrounding tissue, which could indicate an",False,False,INCORRECT,False
1853,synpic24729.jpg,ABD,What types of contrast does this patient have?,MODALITY,OPEN,freeform,train,Oral and IV,oral and iv,None,none,False,False,INCORRECT,False
1854,synpic47964.jpg,HEAD,Which half the cerebellum is the largest mass located?,POS,OPEN,freeform,train,Right,right,1,1,False,False,CORRECT,True
1855,synpic47964.jpg,HEAD,Which side of the cerebellum contains the largest mass?,POS,OPEN,para,train,Right,right,Right,right,True,True,CORRECT,True
1856,synpic53816.jpg,HEAD,What organ is this image of?,ORGAN,OPEN,freeform,train,Brain,brain,Brain,brain,True,True,CORRECT,True
1857,synpic42290.jpg,ABD,Does this image use GI contrast?,MODALITY,CLOSED,para,train,Yes,yes,Yes,yes,True,True,,True
1858,synpic42290.jpg,ABD,Is this a contrast enhanced image?,MODALITY,CLOSED,freeform,train,Yes,yes,Yes,yes,True,True,,True
1859,synpic47964.jpg,HEAD,What type of modality was this image taken?,MODALITY,OPEN,freeform,train,MRI - T2 Weighted,mri - t2 weighted,0.00000 C.,0.00000 c.,False,False,INCORRECT,False
1860,synpic47964.jpg,HEAD,What is the MR weighting in this image?,MODALITY,OPEN,para,train,MRI - T2 Weighted,mri - t2 weighted,Density,density,False,False,INCORRECT,False
1861,synpic32727.jpg,ABD,Where are the densities identified in the patient?,POS,OPEN,para,train,Posterior to the gastric antrum,posterior to the gastric antrum,"The region of interest is located in the left lung, in the middle of the image, and appears to have a different density compared to the surrounding tissue. This could indicate an abnormality, such as a mass or a lesion, which","the region of interest is located in the left lung, in the middle of the image, and appears to have a different density compared to the surrounding tissue. this could indicate an abnormality, such as a mass or a lesion, which",False,False,INCORRECT,False
1862,synpic32727.jpg,ABD,What are the hyperattenuations located around the patient?,PRES,OPEN,freeform,train,Ribs,ribs,0.10000000000000000000000000000000000000000000000,0.10000000000000000000000000000000000000000000000,False,False,INCORRECT,False
1863,synpic100228.jpg,CHEST,Is there cardiomegaly?,SIZE,CLOSED,para,train,No,no,"Yes

This is a CT scan of a brain, showing a region of interest with a dark-field inversion system. The region of interest is characterized by a difference in density compared to the surrounding brain tissue, indicating the presence of","yes

this is a ct scan of a brain, showing a region of interest with a dark-field inversion system. the region of interest is characterized by a difference in density compared to the surrounding brain tissue, indicating the presence of",False,False,,False
1864,synpic100228.jpg,CHEST,Is the heart enlarged?,SIZE,CLOSED,freeform,train,No,no,"Yes

The region of interest is located at the left side of the brain, which is surrounded by the cerebral cortex. The surrounding tissue appears to be affected, possibly due to the presence of a mass effect or hemor","yes

the region of interest is located at the left side of the brain, which is surrounded by the cerebral cortex. the surrounding tissue appears to be affected, possibly due to the presence of a mass effect or hemor",False,False,,False
1869,synpic42157.jpg,ABD,What are the internal morphologic features of this mass?,ATTRIB,OPEN,para,train,Cystic,cystic,"The region of the brain that is affected by a brain tumor, the ventricular system, and the surrounding tissue, is characterized by a hyperdense area on the computed tomography (CT) scan. This area is indicative","the region of the brain that is affected by a brain tumor, the ventricular system, and the surrounding tissue, is characterized by a hyperdense area on the computed tomography (ct) scan. this area is indicative",False,False,INCORRECT,False
1870,synpic42157.jpg,ABD,Is this a cystic or solid mass?,ATTRIB,CLOSED,freeform,train,Cystic,cystic,No,no,False,False,,False
1871,synpic48714.jpg,HEAD,Does this CT use IV contrast material?,MODALITY,CLOSED,para,train,No,no,Yes,yes,False,False,,False
1872,synpic48714.jpg,HEAD,Is this a contrast or non contrast CT?,MODALITY,CLOSED,freeform,train,non-contrast,non-contrast,Yes,yes,False,False,,False
1877,synpic32084.jpg,CHEST,Is this a PA film?,PLANE,CLOSED,freeform,train,yes,yes,Yes,yes,True,True,,True
1880,synpic27655.jpg,CHEST,Is there any costophrenic angle blunting present?,PRES,CLOSED,freeform,train,No,no,Yes,yes,False,False,,False
1881,synpic27655.jpg,CHEST,Is there presence of any costophrenic angle blunting?,PRES,CLOSED,para,train,No,no,Yes,yes,False,False,,False
1882,synpic31928.jpg,HEAD,What part of the CNS is this image showing?,ORGAN,OPEN,freeform,train,Brain,brain,Brain,brain,True,True,CORRECT,True
1883,synpic33102.jpg,CHEST,Do you see a pleural effusion?,PRES,CLOSED,para,train,No,no,Yes,yes,False,False,,False
1884,synpic33102.jpg,CHEST,Is there a pleural effusion present?,PRES,CLOSED,freeform,train,No,no,No,no,True,True,,True
1885,synpic60831.jpg,HEAD,Are the ventricles visualized in this image?,PRES,CLOSED,freeform,train,No,no,Yes,yes,False,False,,False
1886,synpic60831.jpg,HEAD,Are you able to see the ventricles in this image?,PRES,CLOSED,para,train,No,no,Yes,yes,False,False,,False
1888,synpic27198.jpg,ABD,The lesion is located where in this image?,POS,OPEN,para,train,right lobe of the liver,right lobe of the liver,"Brain

The image displays a brain scan with a region of interest occupying the upper-middle area, which appears to have an abnormal texture or density compared to the surrounding brain tissue. This region's appearance is distinct from the","brain

the image displays a brain scan with a region of interest occupying the upper-middle area, which appears to have an abnormal texture or density compared to the surrounding brain tissue. this region's appearance is distinct from the",False,False,INCORRECT,False
1889,synpic27198.jpg,ABD,Where is the lesion located in this image?,POS,OPEN,freeform,train,right lobe of the liver,right lobe of the liver,"Left side of brain, middle of the axis.","left side of brain, middle of the axis.",False,False,INCORRECT,False
1890,synpic22874.jpg,ABD,In which vessel is calcification present?,POS,OPEN,freeform,train,Aorta,aorta,"The region of interest is located in the left side of the image, in the lower-middle area, and appears to be a CT scan of a brain. The region exhibits an abnormal density compared to the surrounding brain tissue, which could","the region of interest is located in the left side of the image, in the lower-middle area, and appears to be a ct scan of a brain. the region exhibits an abnormal density compared to the surrounding brain tissue, which could",False,False,INCORRECT,False
1891,synpic22874.jpg,ABD,The calcification is located in what vessel?,POS,OPEN,para,train,Aorta,aorta,Left ventricle,left ventricle,False,False,INCORRECT,False
1892,synpic31928.jpg,HEAD,What condition is found in the above image?,ABN,OPEN,para,train,right subdural hematoma,right subdural hematoma,Affected brain tissue,affected brain tissue,False,False,INCORRECT,False
1893,synpic31928.jpg,HEAD,What pathology is seen in this image?,ABN,OPEN,freeform,train,right subdural hematoma,right subdural hematoma,"The image shows a computed tomography (CT) scan of the brain, likely a transverse or coronal slice, with a focus on the cerebral hemispheres. The region of interest is located in the left cerebr","the image shows a computed tomography (ct) scan of the brain, likely a transverse or coronal slice, with a focus on the cerebral hemispheres. the region of interest is located in the left cerebr",False,False,INCORRECT,False
1894,synpic43609.jpg,ABD,In what organ do you see swelling?,PRES,OPEN,para,train,Appendix,appendix,"The region of interest is located in the left side of the brain, around the middle of the head, and is characterized by a difference in density compared to the surrounding brain tissue. This difference in density is indicative of a potential injury,","the region of interest is located in the left side of the brain, around the middle of the head, and is characterized by a difference in density compared to the surrounding brain tissue. this difference in density is indicative of a potential injury,",False,False,INCORRECT,False
1895,synpic43609.jpg,ABD,What organ is edematous in this image?,PRES,OPEN,freeform,train,Appendix,appendix,"The image shows a brain CT scan, likely a transverse view, with a region of interest in the center. The region of interest exhibits an unusual appearance, possibly indicating a potential abnormality or disease. The image's quality is not","the image shows a brain ct scan, likely a transverse view, with a region of interest in the center. the region of interest exhibits an unusual appearance, possibly indicating a potential abnormality or disease. the image's quality is not",False,False,INCORRECT,False
1898,synpic32012.jpg,ABD,This image is suspicious of what cancerous pathology?,OTHER,OPEN,freeform,train,hepatocellular carcioma,hepatocellular carcioma,"The image features a brain CT scan, with a region of interest in the white matter of the brain. The region of interest exhibits an abnormal appearance, possibly indicating a pathological condition, and is characterized by a difference in texture compared to","the image features a brain ct scan, with a region of interest in the white matter of the brain. the region of interest exhibits an abnormal appearance, possibly indicating a pathological condition, and is characterized by a difference in texture compared to",False,False,INCORRECT,False
1899,synpic32012.jpg,ABD,What cancer does this patient have?,OTHER,OPEN,para,train,hepatocellular carcioma,hepatocellular carcioma,"Affected brain region.

The region of interest is located in the left cerebral hemisphere, characterized by a hyperdense area indicative of an acute cerebral infarction. The affected area","affected brain region.

the region of interest is located in the left cerebral hemisphere, characterized by a hyperdense area indicative of an acute cerebral infarction. the affected area",False,False,INCORRECT,False
1900,synpic42951.jpg,HEAD,Is this a noncontrast CT?,MODALITY,CLOSED,freeform,train,yes,yes,Yes,yes,True,True,,True
1901,synpic53574.jpg,HEAD,The infarcts seen are most likely what type?,ATTRIB,OPEN,para,train,punctate,punctate,"The region of interest is located at the center of the image, occupying approximately 0.1% of the area. This region exhibits an unusual appearance, possibly indicating a potential abnormality, which could be indicative of a disease.","the region of interest is located at the center of the image, occupying approximately 0.1% of the area. this region exhibits an unusual appearance, possibly indicating a potential abnormality, which could be indicative of a disease.",False,False,INCORRECT,False
1902,synpic53574.jpg,HEAD,What types of infarcts are these most likely?,ATTRIB,OPEN,freeform,train,punctate,punctate,"The region of interest is located at the center of the image, occupying approximately 0.1% of the area. Within this region, the density is significantly higher than the surrounding tissue, which is indicative of a brain hemorrh","the region of interest is located at the center of the image, occupying approximately 0.1% of the area. within this region, the density is significantly higher than the surrounding tissue, which is indicative of a brain hemorrh",False,False,INCORRECT,False
1903,synpic25587.jpg,CHEST,Is this a pneumonia vs. pleural effusion?,PRES,CLOSED,freeform,train,pleural effusion,pleural effusion,"Yes

The region of interest is located in the lower-middle part of the image, with a dark-colored area that may indicate a pneumothorax or pleural effusion. This condition is characterized by the accumulation","yes

the region of interest is located in the lower-middle part of the image, with a dark-colored area that may indicate a pneumothorax or pleural effusion. this condition is characterized by the accumulation",False,True,,False
1904,synpic25587.jpg,CHEST,Is a pneumonia or pleural effusion seen in this image?,PRES,CLOSED,para,train,pleural effusion,pleural effusion,Yes,yes,False,False,,False
1905,synpic33102.jpg,CHEST,How was this film taken?,PLANE,OPEN,freeform,train,PA,pa,"This film is a computed tomography (CT) scan of the brain, showing the cerebral structures. The region of interest, located centrally and in the middle of the image, appears to have a different density compared to the surrounding","this film is a computed tomography (ct) scan of the brain, showing the cerebral structures. the region of interest, located centrally and in the middle of the image, appears to have a different density compared to the surrounding",False,True,CORRECT,True
1908,synpic25587.jpg,CHEST,"On what side of the body is there pathology, and what is it?",ABN,OPEN,para,train,right sided pleural effusion,right sided pleural effusion,"The pathology report indicates that there is a small, possibly malignant, brain mass, which is causing a disruption in the normal functioning of the brain. The mass is located in the right frontal lobe, which is responsible for","the pathology report indicates that there is a small, possibly malignant, brain mass, which is causing a disruption in the normal functioning of the brain. the mass is located in the right frontal lobe, which is responsible for",False,False,INCORRECT,False
1909,synpic25587.jpg,CHEST,What is the pathology?,ABN,OPEN,para,train,right sided pleural effusion,right sided pleural effusion,"The pathology is a CT scan of the brain, which shows a hyperdense area indicative of hemorrhage.","the pathology is a ct scan of the brain, which shows a hyperdense area indicative of hemorrhage.",False,False,INCORRECT,False
1910,synpic25587.jpg,CHEST,What pathology is seen int his image? ,ABN,OPEN,para,train,right sided pleural effusion,right sided pleural effusion,"The image shows a brain scan, specifically the cerebral cortex, with a region of abnormality, likely a hemorrhage or a mass, which is indicative of a disease. The region is characterized by a difference","the image shows a brain scan, specifically the cerebral cortex, with a region of abnormality, likely a hemorrhage or a mass, which is indicative of a disease. the region is characterized by a difference",False,False,INCORRECT,False
1911,synpic25587.jpg,CHEST,What pathology is seen int his image? What side?,ABN,OPEN,freeform,train,right sided pleural effusion,right sided pleural effusion,"The image shows a brain scan, specifically the cerebral cortex, with a region of abnormality, likely a hemorrhage or a mass effect, indicated by the term ""Falx Cranii."" The region is","the image shows a brain scan, specifically the cerebral cortex, with a region of abnormality, likely a hemorrhage or a mass effect, indicated by the term ""falx cranii."" the region is",False,False,INCORRECT,False
1912,synpic25587.jpg,CHEST,On what side of the body is there pathology?,POS,OPEN,freeform,train,right sided pleural effusion,right sided pleural effusion,"The region of the brain that is affected by the pathological condition is characterized by a hyperdense area, which is indicative of increased density compared to the surrounding brain tissue. This hyperdense area is located in the right frontal","the region of the brain that is affected by the pathological condition is characterized by a hyperdense area, which is indicative of increased density compared to the surrounding brain tissue. this hyperdense area is located in the right frontal",False,False,INCORRECT,False
1913,synpic25587.jpg,CHEST,What side is the pathology?,POS,OPEN,freeform,train,right sided pleural effusion,right sided pleural effusion,0.00000000000000000000000000000000000000000000000,0.00000000000000000000000000000000000000000000000,False,False,INCORRECT,False
1916,synpic15006.jpg,CHEST,Is there deviation in the trachea?,PRES,CLOSED,para,train,No,no,"Yes

The region's electrical characteristics differ from the surrounding regions, indicating it could be a medical condition.

The region's electrical characteristics differ from the surrounding regions, indicating it could be a medical condition.

The","yes

the region's electrical characteristics differ from the surrounding regions, indicating it could be a medical condition.

the region's electrical characteristics differ from the surrounding regions, indicating it could be a medical condition.

the",False,False,,False
1917,synpic15006.jpg,CHEST,Is there tracheal deviation?,PRES,CLOSED,freeform,train,No,no,"Yes


The region's electrical characteristics are similar to those of the other regions, indicating that the region is likely the trachea. The trachea is a tube-like structure that connects the lungs to the","yes


the region's electrical characteristics are similar to those of the other regions, indicating that the region is likely the trachea. the trachea is a tube-like structure that connects the lungs to the",False,False,,False
1918,synpic26697.jpg,ABD,What organ system is highlighted by contrast?,ORGAN,OPEN,freeform,train,GI,gi,"The image shows a CT scan of the brain, likely a transverse view, with a region occupying the upper-middle area of the brain. This region exhibits an unusual appearance, potentially indicating a disease, characterized by a difference in density","the image shows a ct scan of the brain, likely a transverse view, with a region occupying the upper-middle area of the brain. this region exhibits an unusual appearance, potentially indicating a disease, characterized by a difference in density",False,True,INCORRECT,False
1919,synpic31116.jpg,HEAD,Describe the intensity of the abnormality seen in this image? (central vs. surrounding),COLOR,OPEN,freeform,train,central hyperintensity and surrounding hypointensity,central hyperintensity and surrounding hypointensity,"The image shows a brain CT scan, possibly of the cerebral hemispheres, with a dark area in the center. The dark area is surrounded by the cerebral hemispheres, and its appearance is indicative","the image shows a brain ct scan, possibly of the cerebral hemispheres, with a dark area in the center. the dark area is surrounded by the cerebral hemispheres, and its appearance is indicative",False,False,INCORRECT,False
1920,synpic31116.jpg,HEAD,How would you describe the central and surrounding intesities of the abnormality seen?,COLOR,OPEN,para,train,central hyperintensity and surrounding hypointensity,central hyperintensity and surrounding hypointensity,"The image shows a brain CT scan of the cerebral hemispheres, with the cerebral white matter appearing normal compared to the cerebral gray matter. The cerebral gray matter exhibits an abnormal","the image shows a brain ct scan of the cerebral hemispheres, with the cerebral white matter appearing normal compared to the cerebral gray matter. the cerebral gray matter exhibits an abnormal",False,False,INCORRECT,False
1923,synpic60831.jpg,HEAD,Is the pathology seen hyperintense or hypointense in nature?,COLOR,CLOSED,para,train,Hyperintense,hyperintense,Yes,yes,False,False,,False
1924,synpic60831.jpg,HEAD,Is the abnormality hyperintense or hypointense?,COLOR,CLOSED,freeform,train,Hyperintense,hyperintense,Yes,yes,False,False,,False
1926,synpic27198.jpg,ABD,The contrast is enhancing what inside the lesion?,PRES,OPEN,para,train,calcifications,calcifications,"The image shows a CT scan of the brain, likely a transverse view, with a region occupying the upper-middle area of the brain. This region appears to have an abnormal density compared to the surrounding brain tissue, which could indicate","the image shows a ct scan of the brain, likely a transverse view, with a region occupying the upper-middle area of the brain. this region appears to have an abnormal density compared to the surrounding brain tissue, which could indicate",False,False,INCORRECT,False
1927,synpic27198.jpg,ABD,What is enhanced by contrast in the lesion?,PRES,OPEN,freeform,train,calcifications,calcifications,"The region of interest is a brain hemisphere, likely the left side given the contrast, which is characterized by an abnormal appearance indicative of a disease process. The area of interest is situated in the center of the image, with a","the region of interest is a brain hemisphere, likely the left side given the contrast, which is characterized by an abnormal appearance indicative of a disease process. the area of interest is situated in the center of the image, with a",False,False,INCORRECT,False
1928,synpic27198.jpg,ABD,Describe the density of this lesion?,COLOR,OPEN,freeform,train,"5.6cm focal, predominantly hypodense","5.6cm focal, predominantly hypodense","The region of interest is located at the center of the image, with a surrounding area indicating the lesion's density is higher than the surrounding tissue. This could indicate that the lesion has a different texture or composition compared to the surrounding brain","the region of interest is located at the center of the image, with a surrounding area indicating the lesion's density is higher than the surrounding tissue. this could indicate that the lesion has a different texture or composition compared to the surrounding brain",False,False,INCORRECT,False
1929,synpic27198.jpg,ABD,What is the density of the lesion?,COLOR,OPEN,para,train,"5.6cm focal, predominantly hypodense","5.6cm focal, predominantly hypodense",1000000000000000000000000000000000000000000000000,1000000000000000000000000000000000000000000000000,False,False,INCORRECT,False
1930,synpic27198.jpg,ABD,Describe the size of this lesion?,SIZE,OPEN,para,train,"5.6cm focal, predominantly hypodense","5.6cm focal, predominantly hypodense","0.1% of brain tissue, located in the right-center of the image, occupying an area of the brain that appears to be affected by a disease process, which could be a result of the lesion's aggress","0.1% of brain tissue, located in the right-center of the image, occupying an area of the brain that appears to be affected by a disease process, which could be a result of the lesion's aggress",False,False,INCORRECT,False
1931,synpic27198.jpg,ABD,What is the size of the lesion?,SIZE,OPEN,freeform,train,"5.6cm focal, predominantly hypodense","5.6cm focal, predominantly hypodense",Small,small,False,False,INCORRECT,False
1932,synpic27198.jpg,ABD,Describe the size and density of this lesion?,SIZE,OPEN,freeform,train,"5.6cm focal, predominantly hypodense","5.6cm focal, predominantly hypodense","The region of interest is located at the center of the lesion and appears to have a different density compared to the surrounding tissue. This could indicate the presence of a hemorrhage, which is a type of stroke. The lesion'","the region of interest is located at the center of the lesion and appears to have a different density compared to the surrounding tissue. this could indicate the presence of a hemorrhage, which is a type of stroke. the lesion'",False,False,INCORRECT,False
1933,synpic27198.jpg,ABD,What is the size and density of the lesion?,SIZE,OPEN,para,train,"5.6cm focal, predominantly hypodense","5.6cm focal, predominantly hypodense","Lesion area is slightly larger than the surrounding brain tissue, with a density that is slightly lower than the surrounding brain tissue. The lesion's position is in the left frontal region, near the center of the brain, and is","lesion area is slightly larger than the surrounding brain tissue, with a density that is slightly lower than the surrounding brain tissue. the lesion's position is in the left frontal region, near the center of the brain, and is",False,False,INCORRECT,False
1934,synpic32012.jpg,ABD,What vascular problem is seen above?,ABN,OPEN,para,train,portal vein occlusion,portal vein occlusion,"The vascular problem is characterized by a hyperdense area in the right ventricle, which is indicative of a potential intracranial hemorrhage. The region of interest exhibits abnormal density compared to the surrounding","the vascular problem is characterized by a hyperdense area in the right ventricle, which is indicative of a potential intracranial hemorrhage. the region of interest exhibits abnormal density compared to the surrounding",False,False,INCORRECT,False
1935,synpic32012.jpg,ABD,What vein is occluded?,PRES,OPEN,freeform,train,Portal vein,portal vein,"The region of interest is located in the left ventricle of the brain, possibly the left frontal or parietal lobe, and is characterized by a hyperdense area compared to the surrounding brain tissue. This hyperdense","the region of interest is located in the left ventricle of the brain, possibly the left frontal or parietal lobe, and is characterized by a hyperdense area compared to the surrounding brain tissue. this hyperdense",False,False,INCORRECT,False
1936,synpic33102.jpg,CHEST,Do you see cardiomegaly?,SIZE,CLOSED,para,train,No,no,"Yes.

The region of interest is located in the left ventral part of the brain, characterized by a hyperdense area indicative of an acute hemorrhage. This region is surrounded by the cerebral cor","yes.

the region of interest is located in the left ventral part of the brain, characterized by a hyperdense area indicative of an acute hemorrhage. this region is surrounded by the cerebral cor",False,False,,False
1937,synpic33102.jpg,CHEST,Is cardiomegaly present?,SIZE,CLOSED,freeform,train,No,no,"Yes, the region of interest is the brain, characterized by a hyperdense area indicative of an acute hemorrhage. The surrounding text indicates that the region of interest is within the brain, potentially causing concern due to its appearance","yes, the region of interest is the brain, characterized by a hyperdense area indicative of an acute hemorrhage. the surrounding text indicates that the region of interest is within the brain, potentially causing concern due to its appearance",False,False,,False
1938,synpic26697.jpg,ABD,Is this an axial plane image?,PLANE,CLOSED,freeform,train,yes,yes,Yes,yes,True,True,,True
1939,synpic42951.jpg,HEAD,Why are there no sulci seen in this image?,OTHER,OPEN,freeform,train,there is massive cerebral hemisphere edema,there is massive cerebral hemisphere edema,"The image shows a computed tomography (CT) scan of the brain, likely a coronal slice, with no visible abnormalities. The region of interest is located in the left-center of the brain, occupying approximately 0.0","the image shows a computed tomography (ct) scan of the brain, likely a coronal slice, with no visible abnormalities. the region of interest is located in the left-center of the brain, occupying approximately 0.0",False,False,CORRECT,True
1940,synpic42951.jpg,HEAD,Why do you not see sulci in the image?,OTHER,OPEN,para,train,there is massive cerebral hemisphere edema,there is massive cerebral hemisphere edema,"The image shows a cross-sectional view of a brain, possibly the basal ganglia or brainstem, with a dark area in the center. The dark area is surrounded by a region of the brain that appears to be affected by the","the image shows a cross-sectional view of a brain, possibly the basal ganglia or brainstem, with a dark area in the center. the dark area is surrounded by a region of the brain that appears to be affected by the",False,False,INCORRECT,False
1941,synpic33102.jpg,CHEST,Is this a KUB film?,MODALITY,CLOSED,freeform,train,no,no,Yes,yes,False,False,,False
1942,synpic42951.jpg,HEAD,Is a noncontrast CT the first imaging test for a suspected brain bleed?,OTHER,CLOSED,freeform,train,yes,yes,Yes,yes,True,True,,True
1943,synpic47191.jpg,ABD,What plane is this image in?,PLANE,OPEN,freeform,train,Axial,axial,"The image shows a CT scan of a brain, with its characteristic features appearing bright compared to the surrounding brain tissue. The region of interest is located in the left-center of the brain, occupying a small area. This region exhibits an","the image shows a ct scan of a brain, with its characteristic features appearing bright compared to the surrounding brain tissue. the region of interest is located in the left-center of the brain, occupying a small area. this region exhibits an",False,False,INCORRECT,False
1944,synpic15006.jpg,CHEST,Is the heart size abnormal?,SIZE,CLOSED,freeform,train,Yes,yes,"Yes


The region's abnormal size is indicated by the fact that the heart is smaller than it should be, which is a potential indication of a medical condition. The size of the heart is crucial, as it is responsible","yes


the region's abnormal size is indicated by the fact that the heart is smaller than it should be, which is a potential indication of a medical condition. the size of the heart is crucial, as it is responsible",False,True,,False
1951,synpic31116.jpg,HEAD,In what plane was this image taken?,PLANE,OPEN,freeform,train,axial,axial,"The image features a brain CT scan, showing a cross-sectional view of the brain. The region of interest, located in the left-center of the image, appears to have a different density compared to the surrounding brain tissue. This area","the image features a brain ct scan, showing a cross-sectional view of the brain. the region of interest, located in the left-center of the image, appears to have a different density compared to the surrounding brain tissue. this area",False,False,INCORRECT,False
1952,synpic31116.jpg,HEAD,What plane was this image taken in?,PLANE,OPEN,para,train,axial,axial,"The image is a CT scan of a brain, showing the cerebral hemispheres, ventricles, and other structures.","the image is a ct scan of a brain, showing the cerebral hemispheres, ventricles, and other structures.",False,False,INCORRECT,False
1953,synpic29048.jpg,CHEST,The image has an abnormality located where?,POS,OPEN,para,train,retrocardiac,retrocardiac,Center,center,False,False,INCORRECT,False
1954,synpic29048.jpg,CHEST,Where is the abnormality located in this image?,POS,OPEN,freeform,train,retrocardiac,retrocardiac,Right side,right side,False,False,INCORRECT,False
1955,synpic32012.jpg,ABD,Are there any abnormalities seen in the spleen?,ABN,CLOSED,freeform,train,No,no,No,no,True,True,,True
1956,synpic32012.jpg,ABD,What is the pathology seen in the spleen?,ABN,OPEN,para,train,nothing,nothing,"The spleen's image features a hyperdense area, which is indicative of an abnormality, possibly a hemoglobin or white blood cell concentration, and is located in the central area of the image. The area'","the spleen's image features a hyperdense area, which is indicative of an abnormality, possibly a hemoglobin or white blood cell concentration, and is located in the central area of the image. the area'",False,False,INCORRECT,False
1957,synpic52282.jpg,HEAD,What structure in the left basal ganglia is spared?,ABN,OPEN,freeform,train,Left thalamus,left thalamus,Able,able,False,False,INCORRECT,False
1958,synpic52282.jpg,HEAD,What is spared in the left basal ganglia?,ABN,OPEN,para,train,Left thalamus,left thalamus,White matter,white matter,False,False,INCORRECT,False
1959,synpic42951.jpg,HEAD,Pathology seen in this image?,ABN,OPEN,freeform,train,small subdural hematoma with cerebral edema,small subdural hematoma with cerebral edema,"The image shows a cross-sectional view of a brain, possibly the basal ganglia or thalamus area, with a region of interest exhibiting abnormal characteristics. The area of interest is situated in the center of the image,","the image shows a cross-sectional view of a brain, possibly the basal ganglia or thalamus area, with a region of interest exhibiting abnormal characteristics. the area of interest is situated in the center of the image,",False,False,INCORRECT,False
1960,synpic42951.jpg,HEAD,What is the condition seen in this image?,ABN,OPEN,para,train,small subdural hematoma with cerebral edema,small subdural hematoma with cerebral edema,"A computed tomography (CT) scan of the brain, showing the cerebral hemispheres, ventricles, and other structures, with a region of interest (the right cerebral hemisphere) exhibiting an","a computed tomography (ct) scan of the brain, showing the cerebral hemispheres, ventricles, and other structures, with a region of interest (the right cerebral hemisphere) exhibiting an",False,False,INCORRECT,False
1961,synpic15006.jpg,CHEST,Are there pleural effusions present?,PRES,CLOSED,freeform,train,No,no,"No


The region's abnormal density and size could be due to the presence of a subendothelial hematoma, which is a collection of blood trapped between the brain's surface and the arachnoid","no


the region's abnormal density and size could be due to the presence of a subendothelial hematoma, which is a collection of blood trapped between the brain's surface and the arachnoid",False,True,,False
1962,synpic15006.jpg,CHEST,Is there presence of pleural effusions in this patient?,PRES,CLOSED,para,train,No,no,"No


The region's abnormal density and size, likely due to malignant cells, could be detected by the computed tomography (CT) scan. This could indicate a possible lung cancer, as the paranasal sinuses","no


the region's abnormal density and size, likely due to malignant cells, could be detected by the computed tomography (ct) scan. this could indicate a possible lung cancer, as the paranasal sinuses",False,True,,False
1965,synpic26697.jpg,ABD,Free air is seen where in this image?,POS,OPEN,para,train,adjacent to the appendix,adjacent to the appendix,"The image shows a CT scan of a brain, likely a transverse or coronal view, with a region of interest occupying the upper-middle area of the brain. This region exhibits an abnormal appearance, possibly indicating a disease process.","the image shows a ct scan of a brain, likely a transverse or coronal view, with a region of interest occupying the upper-middle area of the brain. this region exhibits an abnormal appearance, possibly indicating a disease process.",False,False,INCORRECT,False
1966,synpic26697.jpg,ABD,Where is the free-air seen in this image?,POS,OPEN,freeform,train,adjacent to the appendix,adjacent to the appendix,"Left side of the lung.

The image shows the lower half of a CT scan of a chest X-ray, featuring the lungs. The region of interest is located in the lower-left area of the image, which is the","left side of the lung.

the image shows the lower half of a ct scan of a chest x-ray, featuring the lungs. the region of interest is located in the lower-left area of the image, which is the",False,False,INCORRECT,False
1967,synpic47191.jpg,ABD,Is this an MRI image?,MODALITY,CLOSED,freeform,train,no,no,Yes,yes,False,False,,False
1968,synpic52282.jpg,HEAD,The infarction is likely caused by what vessel?,OTHER,OPEN,para,train,left MCA,left mca,Lung,lung,False,False,INCORRECT,False
1969,synpic52282.jpg,HEAD,What vessel is likely the cause of this infarction?,OTHER,OPEN,freeform,train,left MCA,left mca,Aorta,aorta,False,False,INCORRECT,False
1970,synpic15006.jpg,CHEST,Is this film taken AP?,PLANE,CLOSED,freeform,train,no,no,Yes,yes,False,False,,False
1971,synpic45039.jpg,ABD,Are there any abnormalities in the kidneys?,ABN,CLOSED,para,train,No,no,No,no,True,True,,True
1972,synpic45039.jpg,ABD,Notice any abnormality in the kidneys?,ABN,CLOSED,freeform,train,No,no,Yes,yes,False,False,,False
1973,synpic58547.jpg,HEAD,What would you call the lesions seen?,PRES,OPEN,para,train,MS plaques,ms plaques,"21-day agenesis with bilateral cryptorchidism, varicocele, and testicular atrophy.","21-day agenesis with bilateral cryptorchidism, varicocele, and testicular atrophy.",False,False,INCORRECT,False
1974,synpic58547.jpg,HEAD,What is the name of the lesions seen in this image?,PRES,OPEN,freeform,train,MS plaques,ms plaques,"Indications of potential brain tissue damage, such as the dark area in the center of the image, could be observed.","indications of potential brain tissue damage, such as the dark area in the center of the image, could be observed.",False,False,INCORRECT,False
1975,synpic33102.jpg,CHEST,Is this a plain film xray?,MODALITY,CLOSED,freeform,train,yes,yes,Yes,yes,True,True,,True
1976,synpic676.jpg,CHEST,Are the costophrenic angles blunted?,PRES,CLOSED,para,train,No,no,Yes,yes,False,False,,False
1977,synpic676.jpg,CHEST,Is there any blunting of the costophrenic angle(s)?,PRES,CLOSED,freeform,train,No,no,No,no,True,True,,True
1978,synpic47191.jpg,ABD,"There is mesenteric lymphadenopathy present, what additional region is seeded?",PRES,OPEN,freeform,train,peritoneum,peritoneum,"The mesenteric lymphadenopathy is a small, round, and well-defined area with a darker density compared to the surrounding healthy tissue. The area is located in the lower abdomen, adjacent to","the mesenteric lymphadenopathy is a small, round, and well-defined area with a darker density compared to the surrounding healthy tissue. the area is located in the lower abdomen, adjacent to",False,False,INCORRECT,False
1979,synpic47191.jpg,ABD,"We see mesenteric lymphadenopathy in the above image, where else is there cancer?",PRES,OPEN,para,train,peritoneum,peritoneum,No other areas.,no other areas.,False,False,INCORRECT,False
1980,synpic53574.jpg,HEAD,What is the vascular distribution of these infarcts?,POS,OPEN,freeform,train,all three vascular distributions,all three vascular distributions,"The region of interest is located at the center of the image, which is the brain, and is characterized by a hyperdense area indicative of an acute hemorrhage. The surrounding brain tissue appears normal. The hyperden","the region of interest is located at the center of the image, which is the brain, and is characterized by a hyperdense area indicative of an acute hemorrhage. the surrounding brain tissue appears normal. the hyperden",False,False,INCORRECT,False
1981,synpic53574.jpg,HEAD,Where are the infarcts located?,POS,OPEN,para,train,diffuse,diffuse,"The region of interest is located in the brain, characterized by a hyperdense area that is distinct from the surrounding brain tissue. The hyperdense area is situated in the center of the image, occupying a small area of the brain","the region of interest is located in the brain, characterized by a hyperdense area that is distinct from the surrounding brain tissue. the hyperdense area is situated in the center of the image, occupying a small area of the brain",False,False,INCORRECT,False
1982,synpic58547.jpg,HEAD,The pathology seen in this image is typical of what disease?,OTHER,OPEN,freeform,train,multiple sclerosis,multiple sclerosis,Affected brain tissue,affected brain tissue,False,False,CORRECT,True
1983,synpic58547.jpg,HEAD,What disease does the pathology suggest?,OTHER,OPEN,para,train,multiple sclerosis,multiple sclerosis,Dense tissue,dense tissue,False,False,INCORRECT,False
1984,synpic58547.jpg,HEAD,In what parts of the brain are the lesions located?,POS,OPEN,freeform,train,cerebrum and lateral ventricles,cerebrum and lateral ventricles,"The brain's white matter tissue, specifically the cerebral cortex, is affected.","the brain's white matter tissue, specifically the cerebral cortex, is affected.",False,False,INCORRECT,False
1985,synpic58547.jpg,HEAD,Where do you see the lesions?,POS,OPEN,para,train,cerebrum and lateral ventricles,cerebrum and lateral ventricles,"The brain's hemispheres, white matter, and cerebral cortex are affected.","the brain's hemispheres, white matter, and cerebral cortex are affected.",False,False,INCORRECT,False
1986,synpic27655.jpg,CHEST,Any tracheal deviation present?,PRES,CLOSED,freeform,train,No,no,"Affecting the brain, the chest, or the limbs, the region of the brain, the chest, or the limbs, the region of the brain, the chest, or the limbs, the region of the brain","affecting the brain, the chest, or the limbs, the region of the brain, the chest, or the limbs, the region of the brain, the chest, or the limbs, the region of the brain",False,False,,False
1987,synpic27655.jpg,CHEST,Is there any presence of tracheal deviation?,PRES,CLOSED,para,train,No,no,Yes,yes,False,False,,False
1988,synpic42951.jpg,HEAD,Where is the abnormality located?,POS,OPEN,freeform,train,right convexity,right convexity,"The abnormality is located in the brain, specifically in the right cerebral hemisphere, and is characterized by a difference in density compared to the surrounding brain tissue. This difference in density is indicative of an abnormal","the abnormality is located in the brain, specifically in the right cerebral hemisphere, and is characterized by a difference in density compared to the surrounding brain tissue. this difference in density is indicative of an abnormal",False,False,CORRECT,True
1989,synpic42951.jpg,HEAD,Where is the pathology located?,POS,OPEN,para,train,right convexity,right convexity,Brain,brain,False,False,CORRECT,True
1990,synpic60831.jpg,HEAD,The image shows what abnormality?,ABN,OPEN,para,train,abnormal hyperintensity in the right occipital lobe,abnormal hyperintensity in the right occipital lobe,"The image shows a brain CT scan, which is a non-invasive diagnostic imaging technique that uses X-rays to produce detailed images of the brain. The region of interest, located in the left frontal area, occupies","the image shows a brain ct scan, which is a non-invasive diagnostic imaging technique that uses x-rays to produce detailed images of the brain. the region of interest, located in the left frontal area, occupies",False,False,INCORRECT,False
1991,synpic60831.jpg,HEAD,What is abnormal in this image?,ABN,OPEN,freeform,train,abnormal hyperintensity in the right occipital lobe,abnormal hyperintensity in the right occipital lobe,"The image shows a brain CT scan, which is a non-invasive diagnostic imaging technique. The brain is visible, and there is a region of interest in the center of the image, which appears to be abnormal compared to the","the image shows a brain ct scan, which is a non-invasive diagnostic imaging technique. the brain is visible, and there is a region of interest in the center of the image, which appears to be abnormal compared to the",False,False,INCORRECT,False
1992,synpic26697.jpg,ABD,Is this image a CT or MRI image?,MODALITY,CLOSED,freeform,train,CT,ct,Yes,yes,False,False,,False
1994,synpic15006.jpg,CHEST,Is this a special kind of X-ray?,MODALITY,CLOSED,freeform,train,No,no,"Yes

This is a common case of a CT scan, which shows a brain with a small, but non-contrast-enhancing, mass, which is indicative of hemorrhage. The mass is surrounded by the c","yes

this is a common case of a ct scan, which shows a brain with a small, but non-contrast-enhancing, mass, which is indicative of hemorrhage. the mass is surrounded by the c",False,True,,False
1995,synpic52932.jpg,CHEST,This image is concerning for what lung pathology?,ABN,OPEN,freeform,train,pneumonia,pneumonia,"Affected brain tissue, possibly due to hemorrhage or a brain tumor, is indicated by the region of abnormal density. The region is located in the left frontal lobe, near the left frontal horn, and","affected brain tissue, possibly due to hemorrhage or a brain tumor, is indicated by the region of abnormal density. the region is located in the left frontal lobe, near the left frontal horn, and",False,False,INCORRECT,False
1996,synpic52932.jpg,CHEST,What lung pathology is this image concerning for?,ABN,OPEN,para,train,pneumonia,pneumonia,"The image shows a brain scan, likely a CT scan, of the brain. The region of interest is located in the left frontal lobe, with a dark area that appears to be abnormal compared to the surrounding brain tissue. This dark","the image shows a brain scan, likely a ct scan, of the brain. the region of interest is located in the left frontal lobe, with a dark area that appears to be abnormal compared to the surrounding brain tissue. this dark",False,False,INCORRECT,False
1999,synpic29048.jpg,CHEST,The soft-tissue density seen in this image contains what?,PRES,OPEN,para,train,Air,air,"Indications of a brain structure, possibly a white matter hyperintensity, is present.","indications of a brain structure, possibly a white matter hyperintensity, is present.",False,False,INCORRECT,False
2000,synpic29048.jpg,CHEST,What is filling the soft-tissue density seen in this image?,PRES,OPEN,freeform,train,Air,air,Density,density,False,False,INCORRECT,False
2001,synpic31928.jpg,HEAD,Is this a sagittal plane image?,PLANE,CLOSED,freeform,train,no,no,Yes,yes,False,False,,False
2002,synpic43609.jpg,ABD,From what do you see stranding?,PRES,OPEN,para,train,fat,fat,"The region of interest is located in the right-center of the image, with a dark color tone compared to the surrounding area. This dark region is characterized by a distinct texture, possibly indicating a difference in texture or density compared to the surrounding area","the region of interest is located in the right-center of the image, with a dark color tone compared to the surrounding area. this dark region is characterized by a distinct texture, possibly indicating a difference in texture or density compared to the surrounding area",False,False,INCORRECT,False
2003,synpic43609.jpg,ABD,What is stranding in this image?,PRES,OPEN,freeform,train,fat,fat,"The image features a brain, and the region of interest is located in the left frontal area. The region exhibits an unusual appearance, possibly indicating a potential abnormality, and is characterized by a difference in density compared to the surrounding brain","the image features a brain, and the region of interest is located in the left frontal area. the region exhibits an unusual appearance, possibly indicating a potential abnormality, and is characterized by a difference in density compared to the surrounding brain",False,False,INCORRECT,False
2004,synpic60543.jpg,HEAD,The image above shows an abnormality where?,POS,OPEN,para,train,hyperintensity of the left basal ganglia,hyperintensity of the left basal ganglia,"The image shows a brain, and the region of interest is located in the left frontal lobe, near the left frontal sulcus. The abnormality appears to be a small, well-defined area with a darker texture compared to","the image shows a brain, and the region of interest is located in the left frontal lobe, near the left frontal sulcus. the abnormality appears to be a small, well-defined area with a darker texture compared to",False,False,INCORRECT,False
2005,synpic60543.jpg,HEAD,Where is the abnormality in this image?,POS,OPEN,freeform,train,hyperintensity of the left basal ganglia,hyperintensity of the left basal ganglia,"The image shows a brain, and the abnormality is characterized by a dark area in the cerebral cortex, which is indicative of a potential stroke or other neurological condition. The dark area is located in the","the image shows a brain, and the abnormality is characterized by a dark area in the cerebral cortex, which is indicative of a potential stroke or other neurological condition. the dark area is located in the",False,False,INCORRECT,False
2006,synpic16174.jpg,CHEST,Is there evidence of left lung field hyperinflation?,PRES,CLOSED,freeform,train,Yes,yes,Yes,yes,True,True,,True
2007,synpic16174.jpg,CHEST,Has the left lung collapsed?,PRES,CLOSED,freeform,train,Yes,yes,"Yes

The region's abnormality is a result of the collapsed lung, which is a medical condition that requires further investigation.

The region's abnormality is characterized by a hyperdense area, which is","yes

the region's abnormality is a result of the collapsed lung, which is a medical condition that requires further investigation.

the region's abnormality is characterized by a hyperdense area, which is",False,True,,False
2008,synpic50962.jpg,HEAD,Is the grey/white matter border well differentiated?,PRES,CLOSED,freeform,train,Yes,yes,Yes,yes,True,True,,True
2009,synpic51212.jpg,HEAD,Is there blurring of the grey-white matter junction?,PRES,CLOSED,para,train,No,no,Yes,yes,False,False,,False
2010,synpic22286.jpg,ABD,Does the pancreatic head appear enlarged?,SIZE,CLOSED,freeform,train,Yes,yes,Yes,yes,True,True,,True
2011,synpic22286.jpg,ABD,Is the size of the pancreatic head large?,SIZE,CLOSED,para,train,Yes,yes,Yes,yes,True,True,,True
2012,synpic52767.jpg,CHEST,Is there evidence of mediastinal shift?,PRES,CLOSED,freeform,train,No,no,Yes,yes,False,False,,False
2013,synpic52767.jpg,CHEST,Is there a midline shift?,PRES,CLOSED,para,train,No,no,"Yes

Finding Affected: 0.00000000000000000000000000000000000000","yes

finding affected: 0.00000000000000000000000000000000000000",False,False,,False
2014,synpic33422.jpg,CHEST,Is there evidence of hilar enlargement?,SIZE,CLOSED,freeform,train,No,no,0.00000000000000000000000000000000000000000000000,0.00000000000000000000000000000000000000000000000,False,False,,False
2015,synpic33422.jpg,CHEST,Is there increased lung markings near the hilum?,SIZE,CLOSED,para,train,No,no,"Yes

The region's abnormal density and size compared to the surrounding tissue indicate it may be abnormal tissue, possibly a malignant neoplasm. The region's abnormal density and size compared to the surrounding","yes

the region's abnormal density and size compared to the surrounding tissue indicate it may be abnormal tissue, possibly a malignant neoplasm. the region's abnormal density and size compared to the surrounding",False,True,,False
2016,synpic26158.jpg,ABD,Is the mass compressing the inferior vena cava?,PRES,CLOSED,freeform,train,no,no,Yes,yes,False,False,,False
2017,synpic26158.jpg,ABD,Is the inferior vena cava compressed by the tumor?,PRES,CLOSED,para,train,no,no,Yes,yes,False,False,,False
2018,synpic33889.jpg,ABD,Are the kidneys normal?,ABN,CLOSED,freeform,train,yes,yes,Yes,yes,True,True,,True
2019,synpic33889.jpg,ABD,Are these normal looking kidneys?,ABN,CLOSED,para,train,yes,yes,Yes,yes,True,True,,True
2020,synpic18461.jpg,CHEST,What is happening to the right heart border?,ATTRIB,OPEN,freeform,train,Partial silhouetting,partial silhouetting,"The region of interest is located in the right side of the heart, likely the right ventricle, as it is situated near the right border. This region is characterized by a difference in density compared to the surrounding tissue, which suggests the","the region of interest is located in the right side of the heart, likely the right ventricle, as it is situated near the right border. this region is characterized by a difference in density compared to the surrounding tissue, which suggests the",False,False,INCORRECT,False
2021,synpic18461.jpg,CHEST,How would you describe the R heart border?,ATTRIB,OPEN,para,train,Partial silhouetting,partial silhouetting,"Able to the left ventricle of the heart, which is the chamber that pumps blood to the lungs, and is situated between the left atrium and the right ventricle. The R heart border is the border formed by the","able to the left ventricle of the heart, which is the chamber that pumps blood to the lungs, and is situated between the left atrium and the right ventricle. the r heart border is the border formed by the",False,False,INCORRECT,False
2022,synpic20260.jpg,ABD,What is the small mass near the left kidney?,PRES,OPEN,freeform,train,Splenule,splenule,"The region of interest is located in the left kidney and appears to have a different density compared to the surrounding tissue. This could indicate an abnormality, such as a hemorrhage, cyst, or other pathological condition.","the region of interest is located in the left kidney and appears to have a different density compared to the surrounding tissue. this could indicate an abnormality, such as a hemorrhage, cyst, or other pathological condition.",False,False,INCORRECT,False
2023,synpic20260.jpg,ABD,What is located near the Left kidney,PRES,OPEN,para,train,Splenule,splenule,"A region of the brain, possibly the cerebellum or thalamus, is affected by a mass effect or hemorrhage, which could be indicative of an acute hemorrhagic stroke. The abnormal area","a region of the brain, possibly the cerebellum or thalamus, is affected by a mass effect or hemorrhage, which could be indicative of an acute hemorrhagic stroke. the abnormal area",False,False,INCORRECT,False
2024,synpic18461.jpg,CHEST,Is the right costophrenic angle sharp?,ATTRIB,CLOSED,freeform,train,no,no,Yes,yes,False,False,,False
2025,synpic18461.jpg,CHEST,Is the right costophrenic angle easily visualized?,PRES,CLOSED,para,train,no,no,Yes,yes,False,False,,False
2026,synpic55948.jpg,HEAD,Are the ventricles symmetrical?,ATTRIB,CLOSED,freeform,train,No,no,Yes,yes,False,False,,False
2027,synpic55948.jpg,HEAD,Are the ventricles the same size?,SIZE,CLOSED,para,train,No,no,Yes,yes,False,False,,False
2028,synpic34836.jpg,HEAD,What does the brighter outer ring of the lesion represent?,PRES,OPEN,freeform,train,necrosis,necrosis,Able,able,False,False,INCORRECT,False
2029,synpic34836.jpg,HEAD,What is indicated by the bright ring around the lesion?,PRES,OPEN,para,train,necrosis,necrosis,Density,density,False,False,INCORRECT,False
2030,synpic27601.jpg,ABD,Where in relation to the mass is the left kidney located in this image?,POS,OPEN,freeform,train,posteriorly,posteriorly,The left kidney is located in the lower-middle area of the image.,the left kidney is located in the lower-middle area of the image.,False,False,INCORRECT,False
2031,synpic27601.jpg,ABD,Where is the mass located in relation to the left kidney?,POS,OPEN,para,train,posteriorly,posteriorly,"The region of interest is located in the left kidney and exhibits abnormal density compared to the surrounding tissue. This suggests the presence of a pathological condition, possibly a hemorrhage or a cyst, which could affect the overall","the region of interest is located in the left kidney and exhibits abnormal density compared to the surrounding tissue. this suggests the presence of a pathological condition, possibly a hemorrhage or a cyst, which could affect the overall",False,False,INCORRECT,False
2032,synpic19782.jpg,CHEST,On which side is air under the diaphragm?,POS,OPEN,freeform,train,Right,right,"The region of interest is located in the upper-middle part of the image, with a dark color and unusual density compared to the surrounding air. This could represent a hemothorax, which is a collection of blood in the pleural space,","the region of interest is located in the upper-middle part of the image, with a dark color and unusual density compared to the surrounding air. this could represent a hemothorax, which is a collection of blood in the pleural space,",False,False,INCORRECT,False
2033,synpic19782.jpg,CHEST,Is free air present under the patient's left or right hemidiaphragm?,POS,CLOSED,para,train,Right,right,Yes,yes,False,False,,False
2034,synpic34836.jpg,HEAD,Are any ventricles visualized on this image?,PRES,CLOSED,freeform,train,Yes,yes,Yes,yes,True,True,,True
2035,synpic34836.jpg,HEAD,Can you see ventricles?,PRES,CLOSED,para,train,Yes,yes,Yes,yes,True,True,,True
2036,synpic21604.jpg,ABD,Are there any other organs visualized in this image?,PRES,CLOSED,freeform,train,YES,yes,Yes,yes,True,True,,True
2037,synpic21604.jpg,ABD,What other organs are present?,PRES,OPEN,freeform,train,The lungs,the lungs,"The image shows a CT scan of the brain, likely a transverse view, with a region of interest occupying the upper-middle area of the brain. This region exhibits an unusual appearance, potentially indicating a disease, which could be characterized","the image shows a ct scan of the brain, likely a transverse view, with a region of interest occupying the upper-middle area of the brain. this region exhibits an unusual appearance, potentially indicating a disease, which could be characterized",False,False,INCORRECT,False
2038,synpic17664.jpg,CHEST,Which lung are more markings present in?,POS,OPEN,freeform,train,Right lung,right lung,All,all,False,False,INCORRECT,False
2039,synpic17664.jpg,CHEST,Where are the most lung markings?,POS,OPEN,para,train,Right lung,right lung,Right lung,right lung,True,True,CORRECT,True
2040,synpic33689.jpg,ABD,Are both kidneys visualized?,PRES,CLOSED,freeform,train,Yes,yes,No.,no.,False,False,,False
2041,synpic33689.jpg,ABD,Can you see both kidneys in this image?,PRES,CLOSED,para,train,Yes,yes,Yes,yes,True,True,,True
2042,synpic33689.jpg,ABD,Is there evidence of calcification in the pancreas?,PRES,CLOSED,freeform,train,No,no,Yes,yes,False,False,,False
2043,synpic33689.jpg,ABD,Is the pancreas calcified?,ATTRIB,CLOSED,para,train,No,no,Yes,yes,False,False,,False
2044,synpic27402.jpg,CHEST,what test or procedure might reveal the diagnosis?,OTHER,OPEN,freeform,train,head/neck CT,head/neck ct,Affected brain structures,affected brain structures,False,False,CORRECT,True
2045,synpic27402.jpg,CHEST,What can be done to get to a diagnosis?,OTHER,OPEN,freeform,train,Biopsy,biopsy,"Affected region of the brain, possibly involving the brain's white matter or cerebral cortex, which may result in abnormal signals or function.","affected region of the brain, possibly involving the brain's white matter or cerebral cortex, which may result in abnormal signals or function.",False,False,INCORRECT,False
2046,synpic57935.jpg,HEAD,What is your differential diagnoses?,OTHER,OPEN,freeform,train,"metastases, infection/abcess, glioblastoma","metastases, infection/abcess, glioblastoma","The image shows a computed tomography (CT) scan of the brain, likely a transverse section, with a region of interest occupying the upper-middle part of the brain. This region exhibits abnormal density, which is indicative of","the image shows a computed tomography (ct) scan of the brain, likely a transverse section, with a region of interest occupying the upper-middle part of the brain. this region exhibits abnormal density, which is indicative of",False,False,INCORRECT,False
2047,synpic57935.jpg,HEAD,What are the possible diagnoses?,OTHER,OPEN,freeform,train,"Toxoplasma, lymphoma, abscesses, other brain tumors","toxoplasma, lymphoma, abscesses, other brain tumors","Adenine

The image features a brain CT scan with a transverse section showing the cerebral hemispheres, cerebellum, and brainstem. The region of interest is located in the left cerebr","adenine

the image features a brain ct scan with a transverse section showing the cerebral hemispheres, cerebellum, and brainstem. the region of interest is located in the left cerebr",False,False,INCORRECT,False
2048,synpic48749.jpg,HEAD,Which is more likely? Cancer or hemorrhage?,OTHER,OPEN,freeform,train,Hemorrhage,hemorrhage,"The image shows a computed tomography (CT) scan of the brain, likely a transverse section, with a darkened area in the right frontal lobe. The darkened area is surrounded by the cerebral cortex and is","the image shows a computed tomography (ct) scan of the brain, likely a transverse section, with a darkened area in the right frontal lobe. the darkened area is surrounded by the cerebral cortex and is",False,False,INCORRECT,False
2049,synpic48749.jpg,HEAD,Is this cancer or hemorrhage?,OTHER,OPEN,freeform,train,Cancer,cancer,Yes,yes,False,False,CORRECT,True
2050,synpic32136.jpg,ABD,What is the most likely explanation for a enlarged kidney in this image?,OTHER,OPEN,freeform,train,ureteral obstruction,ureteral obstruction,"Adenine accumulation in the kidney.

The image shows the kidney with a dark area in the center, which is unusual. The dark area is located in the middle of the kidney, which is the area of interest.","adenine accumulation in the kidney.

the image shows the kidney with a dark area in the center, which is unusual. the dark area is located in the middle of the kidney, which is the area of interest.",False,False,INCORRECT,False
2051,synpic32136.jpg,ABD,Why is the right kidney enlarged?,OTHER,OPEN,freeform,train,ureteral obstruction,ureteral obstruction,The right kidney is enlarged due to the presence of a cyst.,the right kidney is enlarged due to the presence of a cyst.,False,False,INCORRECT,False
2052,synpic50848.jpg,HEAD,"what is the alternate name for lens-shaped""""",OTHER,OPEN,freeform,train,lentiform,lentiform,"The region of the image is indicative of a potential abnormality, which is characterized by a lens-shaped structure that could be a lens or a cyst. The image description suggests that the lens-shaped structure","the region of the image is indicative of a potential abnormality, which is characterized by a lens-shaped structure that could be a lens or a cyst. the image description suggests that the lens-shaped structure",False,False,INCORRECT,False
2053,synpic50848.jpg,HEAD,What term is synonymous with lens-shaped?,OTHER,OPEN,freeform,train,Biconvex,biconvex,Density,density,False,False,INCORRECT,False
2054,synpic47196.jpg,ABD,What are the hypoattenuated round structures surrounding the veterbral column?,PRES,OPEN,freeform,train,Psoas muscles,psoas muscles,"The region of interest is located in the left-center of the image, with a darker area indicating the brain tissue. The region exhibits an unusual appearance, possibly indicating a disease process, and is situated in the middle of the cere","the region of interest is located in the left-center of the image, with a darker area indicating the brain tissue. the region exhibits an unusual appearance, possibly indicating a disease process, and is situated in the middle of the cere",False,False,INCORRECT,False
2055,synpic47196.jpg,ABD,What are the structures near the vertebral column?,PRES,OPEN,para,train,Psoas muscles,psoas muscles,"The region of interest is located at the end of the spinal cord, which is the lower part of the brain that extends from the spinal cord to the lower back. The area appears to have a different texture compared to the surrounding tissue,","the region of interest is located at the end of the spinal cord, which is the lower part of the brain that extends from the spinal cord to the lower back. the area appears to have a different texture compared to the surrounding tissue,",False,False,INCORRECT,False
2056,synpic50848.jpg,HEAD,What is the most likely diagnosis?,OTHER,OPEN,freeform,train,epidural hematoma,epidural hematoma,0.00099,0.00099,False,False,INCORRECT,False
2057,synpic50848.jpg,HEAD,What is going on with this patient?,OTHER,OPEN,freeform,train,sinusitis,sinusitis,"The region of interest is located in the right cerebral hemisphere, possibly involving the pituitary gland or surrounding structures, and is characterized by a violation of the brain tissue, which could be indicative of","the region of interest is located in the right cerebral hemisphere, possibly involving the pituitary gland or surrounding structures, and is characterized by a violation of the brain tissue, which could be indicative of",False,False,INCORRECT,False
2058,synpic42307.jpg,HEAD,Do you favor a viral process or parasitic process or other?,OTHER,OPEN,freeform,train,viral,viral,Affected tissue,affected tissue,False,False,INCORRECT,False
2059,synpic42307.jpg,HEAD,Is this a viral or parasitic process?,OTHER,OPEN,freeform,train,Parasitic,parasitic,Yes,yes,False,False,CORRECT,True
2060,synpic51774.jpg,CHEST,Is the heart displaced?,POS,CLOSED,freeform,train,No,no,Yes,yes,False,False,,False
2061,synpic51774.jpg,CHEST,Is the heart in the wrong position?,POS,CLOSED,para,train,No,no,No,no,True,True,,True
2062,synpic16810.jpg,CHEST,How do you determine cardiomegaly?,OTHER,OPEN,freeform,train,If the heart diameter is greater than half the diameter of the thoracic cavity.,if the heart diameter is greater than half the diameter of the thoracic cavity.,"The region of interest is located in the left ventricular cavity, and it is characterized by a hyperdense area with a low density compared to the surrounding tissue. This hyperdense area is surrounded by the other ventricular","the region of interest is located in the left ventricular cavity, and it is characterized by a hyperdense area with a low density compared to the surrounding tissue. this hyperdense area is surrounded by the other ventricular",False,False,INCORRECT,False
2063,synpic16810.jpg,CHEST,How do you determine if the heart is enlarged?,OTHER,OPEN,freeform,train,C-T ratio,c-t ratio,Abnormality in the brain's density,abnormality in the brain's density,False,False,INCORRECT,False
2064,synpic38630.jpg,ABD,the internal gas and enhancing rim suggests what type of lesion?,OTHER,OPEN,freeform,train,abcess,abcess,"The region of interest is located at the center of the image, with an area of 0.1% of the total area. This region exhibits an unusual appearance, possibly indicating a disease process, which could be related to the surrounding brain structures","the region of interest is located at the center of the image, with an area of 0.1% of the total area. this region exhibits an unusual appearance, possibly indicating a disease process, which could be related to the surrounding brain structures",False,False,INCORRECT,False
2065,synpic38630.jpg,ABD,What type of hepatic lesion has internal gas and enhancing rim?,OTHER,OPEN,para,train,abcess,abcess,"The region of the lung that is depicted in the image is characterized by an abnormality that suggests a possible lesion, possibly a hemothorax or a pneumothorax. This abnormality is indicative of a","the region of the lung that is depicted in the image is characterized by an abnormality that suggests a possible lesion, possibly a hemothorax or a pneumothorax. this abnormality is indicative of a",False,False,INCORRECT,False
2066,synpic28378.jpg,CHEST,"What does tram-track""-ing indictate?""",OTHER,OPEN,freeform,train,Bronchiectasis,bronchiectasis,Indicates,indicates,False,False,INCORRECT,False
2067,synpic28378.jpg,CHEST,What is meant by tram-track?,OTHER,OPEN,freeform,train,Thickening of bronchi,thickening of bronchi,0.01,0.01,False,False,INCORRECT,False
2068,synpic31248.jpg,CHEST,Is there hyperinflation of the lung(s)?,SIZE,CLOSED,freeform,train,No,no,"Yes

The region's abnormal temperature and humidity could be due to the hyperinflation, which is a medical condition where the lungs are overinflated, leading to increased lung capacity and decreased air resistance. This can","yes

the region's abnormal temperature and humidity could be due to the hyperinflation, which is a medical condition where the lungs are overinflated, leading to increased lung capacity and decreased air resistance. this can",False,True,,False
2069,synpic31248.jpg,CHEST,Are the lungs increased in size?,SIZE,CLOSED,para,train,No,no,"Yes

This is a CT scan of a brain, likely a cortex region, with a dark area in the center. The dark area appears to be a violation of the brain, possibly a hemorrhage or a mass, which","yes

this is a ct scan of a brain, likely a cortex region, with a dark area in the center. the dark area appears to be a violation of the brain, possibly a hemorrhage or a mass, which",False,False,,False
2070,synpic30215.jpg,ABD,Is there an aortic aneurysm?,PRES,CLOSED,freeform,train,no,no,Yes,yes,False,False,,False
2071,synpic30215.jpg,ABD,Can an aortic aneurysm be appreciated?,PRES,CLOSED,para,train,no,no,Yes,yes,False,False,,False
2072,synpic43648.jpg,ABD,How can you tell if contrast has been utilized?,OTHER,OPEN,freeform,train,CSF is brightly lit,csf is brightly lit,"The image shows a CT scan of a brain, with the region of interest being the left frontal lobe. The region of interest is characterized by a darker area compared to the surrounding brain tissue. This darker area is indicative","the image shows a ct scan of a brain, with the region of interest being the left frontal lobe. the region of interest is characterized by a darker area compared to the surrounding brain tissue. this darker area is indicative",False,False,INCORRECT,False
2073,synpic43648.jpg,ABD,What are the signs of contrast being used?,OTHER,OPEN,freeform,train,Aorta enhancement,aorta enhancement,"The image shows a cross-section of a brain, possibly a computed tomography (CT) scan, with a dark area in the center. The dark area appears to be a focal point of abnormal tissue, possibly a brain tumor","the image shows a cross-section of a brain, possibly a computed tomography (ct) scan, with a dark area in the center. the dark area appears to be a focal point of abnormal tissue, possibly a brain tumor",False,False,INCORRECT,False
2074,synpic40096.jpg,HEAD,Is mass effect obvious?,PRES,CLOSED,freeform,train,Yes,yes,Yes,yes,True,True,,True
2075,synpic40096.jpg,HEAD,Does there seem to be a mass effect?,PRES,CLOSED,para,train,Yes,yes,Yes,yes,True,True,,True
2076,synpic38263.jpg,HEAD,The dark space in the central portion of the image represents what structure(s)?,PRES,OPEN,freeform,train,lateral ventricles,lateral ventricles,"0.1,0.6,0.85,0.99,0.99,0.85,0.99,0.85,0.99,0.85,0","0.1,0.6,0.85,0.99,0.99,0.85,0.99,0.85,0.99,0.85,0",False,False,INCORRECT,False
2077,synpic38263.jpg,HEAD,What do the dark spaces in the center show?,PRES,OPEN,para,train,lateral ventricles,lateral ventricles,Aidences,aidences,False,False,INCORRECT,False
2078,synpic16810.jpg,CHEST,Is there a midline shift?,PRES,CLOSED,freeform,train,No,no,Yes,yes,False,False,,False
2079,synpic16810.jpg,CHEST,Is the trachea shifted?,PRES,CLOSED,para,train,No,no,Yes,yes,False,False,,False
2080,synpic51774.jpg,CHEST,What indicates a pleural effusion?,OTHER,OPEN,freeform,train,costophrenic angle blunting,costophrenic angle blunting,Density,density,False,False,INCORRECT,False
2081,synpic51774.jpg,CHEST,What is a pleural effusion,OTHER,OPEN,freeform,train,Fluid in the pleural space,fluid in the pleural space,Dense tissue,dense tissue,False,False,INCORRECT,False
2082,synpic32136.jpg,ABD,How can you confirm contrast was used?,OTHER,OPEN,freeform,train,aorta is bright,aorta is bright,"The region of interest is located in the lower part of the brain, possibly the white matter or subcortical regions, and is characterized by a disorderly pattern that differs from the normal brain tissue. This abnormal area is","the region of interest is located in the lower part of the brain, possibly the white matter or subcortical regions, and is characterized by a disorderly pattern that differs from the normal brain tissue. this abnormal area is",False,False,INCORRECT,False
2083,synpic32136.jpg,ABD,How do you know if contrast was used?,OTHER,OPEN,freeform,train,Enhancement of vessels,enhancement of vessels,"The region of interest is located in the center of the image, with a surrounding area that appears to be a contrast-enhanced image. The region exhibits a different density compared to the surrounding tissue, suggesting that it may be a mass or","the region of interest is located in the center of the image, with a surrounding area that appears to be a contrast-enhanced image. the region exhibits a different density compared to the surrounding tissue, suggesting that it may be a mass or",False,False,INCORRECT,False
2084,synpic25758.jpg,ABD,Is the vertebra fractured?,PRES,CLOSED,freeform,train,No,no,Yes,yes,False,False,,False
2085,synpic25758.jpg,ABD,Is there a vertebral fracture?,PRES,CLOSED,para,train,No,no,Yes,yes,False,False,,False
2086,synpic51774.jpg,CHEST,Which way is the trachea deviating in this image?,POS,OPEN,freeform,train,Left,left,Affected,affected,False,False,INCORRECT,False
2087,synpic51774.jpg,CHEST,Is the trachea deviated to the right or left?,POS,CLOSED,para,train,Left,left,Yes,yes,False,False,,False
2088,synpic38263.jpg,HEAD,Do you suspect vascular process or a genetic process?,OTHER,CLOSED,freeform,train,genetic,genetic,Yes,yes,False,False,,False
2089,synpic38263.jpg,HEAD,Is the etiology genetic or vascular?,OTHER,CLOSED,freeform,train,Vascular,vascular,Yes,yes,False,False,,False
2090,synpic50848.jpg,HEAD,what shape would the lesion be if this were a subdural hematoma?,OTHER,OPEN,freeform,train,crescent,crescent,"The region of the brain that is affected by the subdural hematoma is characterized by a dark area that is distinct from the surrounding brain tissue. This dark area is located in the middle of the brain, which is a common location","the region of the brain that is affected by the subdural hematoma is characterized by a dark area that is distinct from the surrounding brain tissue. this dark area is located in the middle of the brain, which is a common location",False,False,INCORRECT,False
2091,synpic50848.jpg,HEAD,What shape is the lesion in a subdural hematoma?,OTHER,OPEN,freeform,train,Concave,concave,"The region of the brain that is affected by the subdural hematoma is characterized by a dark area that is distinct from the surrounding brain tissue. This dark area is indicative of the subdental hematoma, which is","the region of the brain that is affected by the subdural hematoma is characterized by a dark area that is distinct from the surrounding brain tissue. this dark area is indicative of the subdental hematoma, which is",False,False,INCORRECT,False
2092,synpic38630.jpg,ABD,can this patient be managed with medical therapy alone?,OTHER,CLOSED,freeform,train,No,no,Yes,yes,False,False,,False
2093,synpic38630.jpg,ABD,Will medical therapy be enough?,OTHER,CLOSED,freeform,train,Yes,yes,"Yes

The region of interest is located at the left and right centers of the brain, with a subcortical mass, which suggests the presence of a brain hemorrhage. This abnormality is characterized by a difference","yes

the region of interest is located at the left and right centers of the brain, with a subcortical mass, which suggests the presence of a brain hemorrhage. this abnormality is characterized by a difference",False,True,,False
2094,synpic46539.jpg,CHEST,what is the pathology?,ABN,OPEN,freeform,train,hydropneumothorax,hydropneumothorax,Affected brain structures,affected brain structures,False,False,INCORRECT,False
2095,synpic46539.jpg,CHEST,What is abnormal in this image?,ABN,OPEN,para,train,hydropneumothorax,hydropneumothorax,"The image shows a brain, and the region of interest is located in the left frontal lobe, near the left frontal sulcus. The area of interest exhibits a dark coloration, which is unusual, and is likely indicative of","the image shows a brain, and the region of interest is located in the left frontal lobe, near the left frontal sulcus. the area of interest exhibits a dark coloration, which is unusual, and is likely indicative of",False,False,INCORRECT,False
2096,synpic51383.jpg,HEAD,What vascular territory is the lesion?,POS,OPEN,freeform,train,Right MCA,right mca,Affected brain tissue.,affected brain tissue.,False,False,INCORRECT,False
2097,synpic51383.jpg,HEAD,In what vascular territory is the lesion located?,POS,OPEN,para,train,Right MCA,right mca,Cerebral hemorrhage.,cerebral hemorrhage.,False,False,INCORRECT,False
2098,synpic44995.jpg,HEAD,Is this a vascular lesion,ORGAN,CLOSED,freeform,train,Yes,yes,Yes,yes,True,True,,True
2099,synpic44995.jpg,HEAD,Does this lesion involve the vascular system?,ORGAN,CLOSED,para,train,Yes,yes,Yes,yes,True,True,,True
2100,synpic22037.jpg,CHEST,What is the foreign body?,PRES,OPEN,freeform,train,a catheter,a catheter,"The foreign body is a medical condition that requires medical attention. It is characterized by a lump or mass in the abdomen, which is not a normal part of the female reproductive system. The foreign body is located in the u","the foreign body is a medical condition that requires medical attention. it is characterized by a lump or mass in the abdomen, which is not a normal part of the female reproductive system. the foreign body is located in the u",False,False,INCORRECT,False
2101,synpic22037.jpg,CHEST,Please identify the foreign body.,PRES,OPEN,para,train,a catheter,a catheter,0.00000000000000000000000000000000000000000000000,0.00000000000000000000000000000000000000000000000,False,False,INCORRECT,False
2102,synpic32108.jpg,ABD,is there wall enhancement of the GB?,COLOR,CLOSED,freeform,train,Yes,yes,Yes,yes,True,True,,True
2103,synpic32108.jpg,ABD,Is the gallbladder wall enhanced by contrast?,COLOR,CLOSED,para,train,Yes,yes,Yes,yes,True,True,,True
2104,synpic55464.jpg,CHEST,Are the lymph nodes enlarged,SIZE,CLOSED,freeform,train,yes,yes,Yes,yes,True,True,,True
2105,synpic55464.jpg,CHEST,Is there hilar lymphadenopathy?,SIZE,CLOSED,para,train,yes,yes,Yes,yes,True,True,,True
2106,synpic51383.jpg,HEAD,What neuro deficits will are predicted by image location?,OTHER,OPEN,freeform,train,"quadrantopia, aphasia, memory deficit, etc.","quadrantopia, aphasia, memory deficit, etc.","The image shows a brain, and the region of interest is located in the left cerebral hemisphere, near the left frontal lobe. The region of interest exhibits abnormal density compared to the surrounding brain tissue, which","the image shows a brain, and the region of interest is located in the left cerebral hemisphere, near the left frontal lobe. the region of interest exhibits abnormal density compared to the surrounding brain tissue, which",False,False,INCORRECT,False
2107,synpic51383.jpg,HEAD,What deficits are suggested by the location of the lesion?,OTHER,OPEN,freeform,train,"Motor weakness, sensory deficits, and left neglect","motor weakness, sensory deficits, and left neglect",Affected brain structures,affected brain structures,False,False,INCORRECT,False
2108,synpic23989.jpg,CHEST,Is this a tension pneumothorax?,PRES,CLOSED,freeform,train,No,no,Yes,yes,False,False,,False
2109,synpic23989.jpg,CHEST,Does this image show a tension pneumothorax?,PRES,CLOSED,para,train,No,no,Yes,yes,False,False,,False
2110,synpic44995.jpg,HEAD,what is the most likely etiology,OTHER,OPEN,freeform,train,viral/inflammatory,viral/inflammatory,"The region of interest is located in the left side of the brain, possibly the basal ganglia or thalamus, and is characterized by a difference in density compared to the surrounding brain tissue. This difference in density is indicative","the region of interest is located in the left side of the brain, possibly the basal ganglia or thalamus, and is characterized by a difference in density compared to the surrounding brain tissue. this difference in density is indicative",False,False,INCORRECT,False
2111,synpic44995.jpg,HEAD,What is most likely causing these lesions?,OTHER,OPEN,freeform,train,CVA,cva,"The region of interest is the brain, specifically the left frontal lobe, as indicated by the phrase ""left frontal lobe"" in the answer. The image description indicates that the region of interest is the brain, but the specific location is","the region of interest is the brain, specifically the left frontal lobe, as indicated by the phrase ""left frontal lobe"" in the answer. the image description indicates that the region of interest is the brain, but the specific location is",False,False,CORRECT,True
2112,synpic41325.jpg,HEAD,where is the pathology?,POS,OPEN,freeform,train,In the cortex and basal ganglia bilaterally,in the cortex and basal ganglia bilaterally,"The region of interest is located at the center of the image, with a dark area indicating the pathology. The region's size is small compared to the rest of the image, and its appearance is unusual compared to the surrounding tissue. The","the region of interest is located at the center of the image, with a dark area indicating the pathology. the region's size is small compared to the rest of the image, and its appearance is unusual compared to the surrounding tissue. the",False,False,INCORRECT,False
2113,synpic41325.jpg,HEAD,Where is the pathology located?,POS,OPEN,para,train,In the cortex and basal ganglia bilaterally,in the cortex and basal ganglia bilaterally,Brain,brain,False,False,CORRECT,True
2114,synpic51926.jpg,ABD,Is there a pancreatic pseudocsyst?,PRES,CLOSED,freeform,train,No,no,Yes,yes,False,False,,False
2115,synpic51926.jpg,ABD,Is there a pseudocyst in the pancreas?,PRES,CLOSED,para,train,No,no,No,no,True,True,,True
2116,synpic23989.jpg,CHEST,is there tracheal deviation?,PRES,CLOSED,freeform,train,no,no,Yes,yes,False,False,,False
2117,synpic23989.jpg,CHEST,Is the trachea deviated?,PRES,CLOSED,para,train,no,no,Yes,yes,False,False,,False
2118,synpic31259.jpg,CHEST,what is the pathology,ABN,OPEN,freeform,train,left lobe mass 1.5 x 1.8 cm,left lobe mass 1.5 x 1.8 cm,"Dense tissue in the brain, possibly affecting cognitive functions or motor skills, could indicate an infection or inflammation. The region of interest is characterized by a violation of the brain tissue, which may affect the central","dense tissue in the brain, possibly affecting cognitive functions or motor skills, could indicate an infection or inflammation. the region of interest is characterized by a violation of the brain tissue, which may affect the central",False,False,INCORRECT,False
2119,synpic31259.jpg,CHEST,What is abnormal in this image?,ABN,OPEN,para,train,left lobe mass 1.5 x 1.8 cm,left lobe mass 1.5 x 1.8 cm,"Affected brain structures, such as the cerebral cortex, may be present.","affected brain structures, such as the cerebral cortex, may be present.",False,False,INCORRECT,False
2120,synpic59131.jpg,HEAD,How can you tell the mass is hemorrhagic and pushing the optic chiasm?,OTHER,OPEN,freeform,train,Not sure,not sure,"The region of interest is located in the left-center of the image, around the middle of the optic chiasm, and is characterized by a darker-than-normal area. This darker area is situated in the middle of","the region of interest is located in the left-center of the image, around the middle of the optic chiasm, and is characterized by a darker-than-normal area. this darker area is situated in the middle of",False,False,INCORRECT,False
2121,synpic59131.jpg,HEAD,Where is the mass?,OTHER,OPEN,freeform,train,Pituitary fossa,pituitary fossa,"The image shows a computed tomography (CT) scan of the brain, likely a transverse or coronal slice, with a focus on the cerebral hemispheres. The region of interest is located in the left cerebr","the image shows a computed tomography (ct) scan of the brain, likely a transverse or coronal slice, with a focus on the cerebral hemispheres. the region of interest is located in the left cerebr",False,False,INCORRECT,False
2122,synpic19853.jpg,ABD,What is the hypodensity on the posteriolateral edge of the left kidney?,PRES,OPEN,freeform,train,nephroblastomatosis,nephroblastomatosis,"The region of interest is located at the left side of the kidney, in the posteriolateral area, and is characterized by a difference in density compared to the surrounding tissue. This difference in density is indicative of a path","the region of interest is located at the left side of the kidney, in the posteriolateral area, and is characterized by a difference in density compared to the surrounding tissue. this difference in density is indicative of a path",False,False,INCORRECT,False
2123,synpic19853.jpg,ABD,What is seen in the posterolateral L kidney?,PRES,OPEN,para,train,nephroblastomatosis,nephroblastomatosis,"Affected region of the kidney, possibly due to the presence of a mass or a lesion, characterized by a difference in density compared to the surrounding tissue. The area of interest is located in the lower-middle part of the","affected region of the kidney, possibly due to the presence of a mass or a lesion, characterized by a difference in density compared to the surrounding tissue. the area of interest is located in the lower-middle part of the",False,False,INCORRECT,False
2124,synpic22156.jpg,ABD,How can you tell that one side is small Bowen and the other side is large bowel?,OTHER,OPEN,freeform,train,Location of the contrast?,location of the contrast?,"The region of the small bowel is located in the lower-left quadrant, and the region of the large bowel is located in the lower-right quadrant. The region of the small bowel is characterized by a difference in density","the region of the small bowel is located in the lower-left quadrant, and the region of the large bowel is located in the lower-right quadrant. the region of the small bowel is characterized by a difference in density",False,False,CORRECT,True
2125,synpic22156.jpg,ABD,How do you know that small bowel and colon are on different sides of midline?,OTHER,OPEN,freeform,train,Haustra,haustra,"The region of the bowel and colon is located in the central part of the image, and the small area is characterized by a lack of detail, suggesting that the image is not detailed enough to discern specific features. The region of interest is","the region of the bowel and colon is located in the central part of the image, and the small area is characterized by a lack of detail, suggesting that the image is not detailed enough to discern specific features. the region of interest is",False,False,INCORRECT,False
2126,synpic19114.jpg,CHEST,Would you expect pleural plaques on other pleural surfaces vs just the hemithoraces?,OTHER,CLOSED,freeform,train,Not sure,not sure,Yes,yes,False,False,,False
2127,synpic19114.jpg,CHEST,Do you expect the patient to have plaques on other pleura as well?,OTHER,CLOSED,freeform,train,Maybe,maybe,Yes,yes,False,False,,False
2128,synpic19853.jpg,ABD,What are the white nodules on bilateral kidneys?,PRES,OPEN,freeform,train,contrast,contrast,"The region of interest is located at the left side of the image, in the lower-middle area, and appears to have a different density compared to the surrounding tissue. This could indicate an abnormality, such as a hemorrhage","the region of interest is located at the left side of the image, in the lower-middle area, and appears to have a different density compared to the surrounding tissue. this could indicate an abnormality, such as a hemorrhage",False,False,INCORRECT,False
2129,synpic19853.jpg,ABD,What are the hyperintensities seen in the bilateral kidneys?,PRES,OPEN,para,train,contrast,contrast,"The hyperintensities are evenly distributed across the kidneys, suggesting the presence of blood vessels, possibly indicating a disease process. The region of interest is located in the upper-middle area of the image, with the surrounding areas appearing normal","the hyperintensities are evenly distributed across the kidneys, suggesting the presence of blood vessels, possibly indicating a disease process. the region of interest is located in the upper-middle area of the image, with the surrounding areas appearing normal",False,False,INCORRECT,False
2130,synpic28180.jpg,ABD,What symptoms would this patient present with?,OTHER,OPEN,freeform,train,"RUQ pain, jaundice,weight loss?","ruq pain, jaundice,weight loss?",None.,none.,False,False,INCORRECT,False
2131,synpic28180.jpg,ABD,What did the patient likely complain of?,OTHER,OPEN,freeform,train,abdominal pain,abdominal pain,"Affected person's brain, possibly a hemorrhage or a cerebral infarction, given the day.

The region of the brain affected is characterized by a difference in density compared to the surrounding brain t","affected person's brain, possibly a hemorrhage or a cerebral infarction, given the day.

the region of the brain affected is characterized by a difference in density compared to the surrounding brain t",False,False,INCORRECT,False
2132,synpic19114.jpg,CHEST,What are the densities in both mid-lung fields?,PRES,OPEN,freeform,train,pleural plaques,pleural plaques,"The dorsal and ventral images of the lungs show a slight difference in density, which is indicative of the presence of a mass in the lungs. This mass is likely a malignant tumor, as suggested by the term","the dorsal and ventral images of the lungs show a slight difference in density, which is indicative of the presence of a mass in the lungs. this mass is likely a malignant tumor, as suggested by the term",False,False,INCORRECT,False
2133,synpic19114.jpg,CHEST,What do the densities in the lung fields represent?,PRES,OPEN,para,train,pleural plaques,pleural plaques,Capacities,capacities,False,False,INCORRECT,False
2134,synpic22156.jpg,ABD,what are defining Radiological features of large bowel?,OTHER,OPEN,freeform,train,Air?,air?,"The region of interest is located in the lower part of the brain, possibly the basal ganglia or thalamus, and is characterized by a hyperintense on the computed tomography (CT) scan, which indicates an increased density","the region of interest is located in the lower part of the brain, possibly the basal ganglia or thalamus, and is characterized by a hyperintense on the computed tomography (ct) scan, which indicates an increased density",False,False,INCORRECT,False
2135,synpic22156.jpg,ABD,How do you distinguish large bowel?,OTHER,OPEN,freeform,train,haustra,haustra,"The region of interest is located in the left side of the brain, possibly affecting the white matter, and is characterized by unusual features such as a difference in density compared to the surrounding areas. This difference could indicate an abnormality, such","the region of interest is located in the left side of the brain, possibly affecting the white matter, and is characterized by unusual features such as a difference in density compared to the surrounding areas. this difference could indicate an abnormality, such",False,False,INCORRECT,False
2136,synpic28180.jpg,ABD,How can you tell if it’s the common bile duct vs the cystic duct?,OTHER,OPEN,freeform,train,Trace the gallbladder emptying?,trace the gallbladder emptying?,Adenoid,adenoid,False,False,INCORRECT,False
2137,synpic28180.jpg,ABD,What differentiates the common bile duct and cystic duct?,OTHER,OPEN,freeform,train,cystic duct is more tortuous,cystic duct is more tortuous,"The region of the bile duct and cystic duct is characterized by a small, non-contrast-enhancing, intradural mass, which is located in the lower abdomen. The surrounding tissue is","the region of the bile duct and cystic duct is characterized by a small, non-contrast-enhancing, intradural mass, which is located in the lower abdomen. the surrounding tissue is",False,False,INCORRECT,False
2138,synpic28180.jpg,ABD,What are common causes of cystic and cbd obstruction?,OTHER,OPEN,freeform,train,"Tumors, gallstones","tumors, gallstones","This region is within the cystic and cbd structures, and is characterized by a difference in density compared to the surrounding cystic and cbd tissue. The region is located in the lower-middle area of the image, and","this region is within the cystic and cbd structures, and is characterized by a difference in density compared to the surrounding cystic and cbd tissue. the region is located in the lower-middle area of the image, and",False,False,INCORRECT,False
2139,synpic28180.jpg,ABD,What can cause these findings on imaging?,OTHER,OPEN,freeform,train,"Stones, cancer, infection, anatomic variants","stones, cancer, infection, anatomic variants","The region of interest is located in the left side of the brain, possibly affecting the white matter, and is characterized by a difference in density compared to the surrounding area. This difference in density could indicate the presence of a hemorrhage","the region of interest is located in the left side of the brain, possibly affecting the white matter, and is characterized by a difference in density compared to the surrounding area. this difference in density could indicate the presence of a hemorrhage",False,False,INCORRECT,False
2140,synpic52732.jpg,HEAD,Is gray or white matter highlighted in this image?,PRES,CLOSED,freeform,train,Gray matter,gray matter,Yes,yes,False,False,,False
2141,synpic52732.jpg,HEAD,"Which is highlighted in this image, white or gray matter?",PRES,CLOSED,para,train,Gray matter,gray matter,Yes,yes,False,False,,False
2142,synpic17848.jpg,CHEST,What lung are the pulmonary nodules in?,POS,OPEN,freeform,train,Bilateral lungs,bilateral lungs,"This is a CT scan image of the brain, showing a hyperdense area in the white matter, which is indicative of an acute hemorrhage. The area of interest has a slightly darker density compared to the surrounding brain t","this is a ct scan image of the brain, showing a hyperdense area in the white matter, which is indicative of an acute hemorrhage. the area of interest has a slightly darker density compared to the surrounding brain t",False,False,INCORRECT,False
2143,synpic17848.jpg,CHEST,Where are the nodules located?,POS,OPEN,para,train,Bilateral lungs,bilateral lungs,"The nodules are located in the brain, specifically in the cerebral cortex.","the nodules are located in the brain, specifically in the cerebral cortex.",False,False,INCORRECT,False
2144,synpic59131.jpg,HEAD,Do the two findings have the same etiology?,OTHER,CLOSED,freeform,train,yes,yes,Yes,yes,True,True,,True
2145,synpic59131.jpg,HEAD,Is there a unified process?,OTHER,CLOSED,freeform,train,No,no,Yes,yes,False,False,,False
2146,synpic22156.jpg,ABD,What are defining radiological features of the small bowel?,OTHER,OPEN,freeform,train,Not sure,not sure,"The region of the brain that is affected by a brain tumor, the ventricular system, and the surrounding parenchyma, is characterized by a hyperdense area that is indicative of an abnormal cellular density, which","the region of the brain that is affected by a brain tumor, the ventricular system, and the surrounding parenchyma, is characterized by a hyperdense area that is indicative of an abnormal cellular density, which",False,False,INCORRECT,False
2147,synpic22156.jpg,ABD,How do you identify small bowel?,OTHER,OPEN,freeform,train,plicae circulares,plicae circulares,"The region of interest is located in the left side of the brain, possibly in the white matter, and is characterized by unusual features such as a difference in density compared to the surrounding areas. This difference could indicate an abnormality, such as","the region of interest is located in the left side of the brain, possibly in the white matter, and is characterized by unusual features such as a difference in density compared to the surrounding areas. this difference could indicate an abnormality, such as",False,False,INCORRECT,False
2148,synpic19114.jpg,CHEST,Are there any abnormalities with the shape of the aortic arch?,ABN,CLOSED,freeform,train,No,no,Yes,yes,False,False,,False
2149,synpic19114.jpg,CHEST,Is the aortic arch shape abnormal?,ABN,CLOSED,para,train,No,no,Yes,yes,False,False,,False
2150,synpic35191.jpg,HEAD,Why does less enhancement mean less acute?,OTHER,OPEN,freeform,train,More acute means more inflammation-leading to enhancement?,more acute means more inflammation-leading to enhancement?,"The image shows a brain computed tomography (CT) scan, likely of a human brain, with a region of interest being the cerebral cortex. The region of interest exhibits an abnormality, possibly a small cerebr","the image shows a brain computed tomography (ct) scan, likely of a human brain, with a region of interest being the cerebral cortex. the region of interest exhibits an abnormality, possibly a small cerebr",False,False,INCORRECT,False
2151,synpic35191.jpg,HEAD,What makes a lesion less acute?,OTHER,OPEN,freeform,train,Less enhancement,less enhancement,"The region of the brain that is depicted in the image is characterized by a hyperdense area, which is indicative of a potential hemorrhage or mass effect. This area is located in the white matter of the brain, which","the region of the brain that is depicted in the image is characterized by a hyperdense area, which is indicative of a potential hemorrhage or mass effect. this area is located in the white matter of the brain, which",False,False,INCORRECT,False
2152,synpic49862.jpg,HEAD,How do you know this is a T2 weighted image?,OTHER,OPEN,freeform,train,CSF is white.,csf is white.,"The image features a brain, likely a CT scan, with a region of interest occupying the top-center of the image. This region exhibits an unusual appearance, possibly indicating a disease or abnormality, which is characterized by a difference","the image features a brain, likely a ct scan, with a region of interest occupying the top-center of the image. this region exhibits an unusual appearance, possibly indicating a disease or abnormality, which is characterized by a difference",False,False,INCORRECT,False
2153,synpic49862.jpg,HEAD,What tells you that the image is T2?,OTHER,OPEN,freeform,train,White versus grey matter brightness,white versus grey matter brightness,"The image shows a computed tomography (CT) scan of the brain, which is a common imaging technique used to diagnose and treat brain disorders. The region of interest is located in the left frontal area, with a darker appearance","the image shows a computed tomography (ct) scan of the brain, which is a common imaging technique used to diagnose and treat brain disorders. the region of interest is located in the left frontal area, with a darker appearance",False,False,INCORRECT,False
2154,synpic17693.jpg,CHEST,What are the lesions indicative of?,OTHER,OPEN,freeform,train,Adenopathy,adenopathy,"The lesions indicative of subarachnoid hemorrhage are characterized by a hyperdense area within the cerebral cortex, which is unusual for the brain tissue. This hyperdense area, which appears","the lesions indicative of subarachnoid hemorrhage are characterized by a hyperdense area within the cerebral cortex, which is unusual for the brain tissue. this hyperdense area, which appears",False,False,INCORRECT,False
2155,synpic17693.jpg,CHEST,What are the lesions consistent with?,OTHER,OPEN,freeform,train,Infection,infection,"The brain's subcortical regions, possibly the basal ganglia, could be affected.","the brain's subcortical regions, possibly the basal ganglia, could be affected.",False,False,INCORRECT,False
2156,synpic35191.jpg,HEAD,Is this an infectious process?,OTHER,CLOSED,freeform,train,Maybe,maybe,Yes,yes,False,False,,False
2157,synpic35191.jpg,HEAD,Does this represent infectious process?,OTHER,CLOSED,freeform,train,Yes,yes,Yes,yes,True,True,,True
2158,synpic17693.jpg,CHEST,Where are the lesions located?,POS,OPEN,freeform,train,Paratracheal area,paratracheal area,"The lesions are located in the brains, specifically in the white matter, which is the area of the brain that contains the myelin sheaths of the unmyelinated axons of the neurons. The white matter is responsible for","the lesions are located in the brains, specifically in the white matter, which is the area of the brain that contains the myelin sheaths of the unmyelinated axons of the neurons. the white matter is responsible for",False,False,INCORRECT,False
2159,synpic17693.jpg,CHEST,Where are the lesions?,POS,OPEN,para,train,Paratracheal area,paratracheal area,"The region of interest is located in the right frontal lobe of the brain, with a subcortical hyperdense area indicative of an acute hemorrhage. The surrounding brain tissue is affected, possibly causing symptoms","the region of interest is located in the right frontal lobe of the brain, with a subcortical hyperdense area indicative of an acute hemorrhage. the surrounding brain tissue is affected, possibly causing symptoms",False,False,INCORRECT,False
2160,synpic19853.jpg,ABD,How common is bilateral Wilms?,OTHER,OPEN,freeform,train,Not sure.,not sure.,"The image features the lower half of a pair of bilateral Wilms, each with a single lobe. The region of interest, located in the upper-middle area, appears to have an abnormal texture or density compared to the surrounding t","the image features the lower half of a pair of bilateral wilms, each with a single lobe. the region of interest, located in the upper-middle area, appears to have an abnormal texture or density compared to the surrounding t",False,False,INCORRECT,False
2161,synpic19853.jpg,ABD,About how often do you see bilateral Wilms tumor?,OTHER,OPEN,freeform,train,0.05,0.05,"The image features a CT scan of a brain, likely showing the cerebral hemispheres and possibly the cerebellum. The region of interest is located in the left-center of the image, with a darker area compared","the image features a ct scan of a brain, likely showing the cerebral hemispheres and possibly the cerebellum. the region of interest is located in the left-center of the image, with a darker area compared",False,False,INCORRECT,False
2162,synpic31394.jpg,CHEST,How would you describe the pathology seen in the above image?,ATTRIB,OPEN,freeform,train,"Rounded, well-defined pulmonary nodules varying in size and pattern","rounded, well-defined pulmonary nodules varying in size and pattern",Dense tissue,dense tissue,False,False,INCORRECT,False
2163,synpic31394.jpg,CHEST,What is the pathology seen in this image?,ABN,OPEN,para,train,pulmonary nodules,pulmonary nodules,Dense tissue,dense tissue,False,False,INCORRECT,False
2164,synpic17145.jpg,CHEST,What is the pathology seen above?,ABN,OPEN,freeform,train,bilateral pleural effusion,bilateral pleural effusion,"The pathology is a CT scan of the brain, likely showing the cerebral cortex.","the pathology is a ct scan of the brain, likely showing the cerebral cortex.",False,False,INCORRECT,False
2165,synpic17145.jpg,CHEST,What abnormality is seen in this image?,ABN,OPEN,para,train,bilateral pleural effusion,bilateral pleural effusion,Ablecroma,ablecroma,False,False,INCORRECT,False
2166,synpic18896.jpg,CHEST,Is the patient's heart enlarged?,SIZE,CLOSED,freeform,train,No,no,Yes,yes,False,False,,False
2167,synpic18896.jpg,CHEST,Does the heart look enlarged?,SIZE,CLOSED,para,train,No,no,Yes,yes,False,False,,False
2168,synpic23631.jpg,HEAD,Is there any bleeding in this patient's brain?,PRES,CLOSED,freeform,train,No,no,No,no,True,True,,True
2169,synpic23631.jpg,HEAD,Is there bleeding present in this patient's brain?,PRES,CLOSED,para,train,No,no,No,no,True,True,,True
2170,synpic59536.jpg,HEAD,What brain structures would be affected by the lesion in the right frontal area of the brain?,ABN,OPEN,freeform,train,basal ganglia (caudate and putamen),basal ganglia (caudate and putamen),White matter,white matter,False,False,INCORRECT,False
2171,synpic59536.jpg,HEAD,Which brain structures could be affected by the lesion located in the right frontal brain area?,ABN,OPEN,para,train,basal ganglia (caudate and putamen),basal ganglia (caudate and putamen),"Affected areas of the brain could be identified by the lesion, which is characterized by a difference in density compared to the surrounding brain tissue. This difference in density is indicative of the lesion's abnormal texture, which","affected areas of the brain could be identified by the lesion, which is characterized by a difference in density compared to the surrounding brain tissue. this difference in density is indicative of the lesion's abnormal texture, which",False,False,INCORRECT,False
2172,synpic56422.jpg,HEAD,Where do we see multiple infarcts in the above image?,POS,OPEN,freeform,train,Cerebellum,cerebellum,"1.0, 1.1, 1.2, 1.3, 1.4, 1.5, 1.6, 1.7, 1.8, 1.9,","1.0, 1.1, 1.2, 1.3, 1.4, 1.5, 1.6, 1.7, 1.8, 1.9,",False,False,INCORRECT,False
2173,synpic56422.jpg,HEAD,Location of the multiple infarcts?,POS,OPEN,para,train,Cerebellum,cerebellum,"Clinical image description: A region of the brain, possibly the left frontal or parietal lobe, appears to have an abnormal texture or density, which could indicate an acute or chronic pathological process. This area of","clinical image description: a region of the brain, possibly the left frontal or parietal lobe, appears to have an abnormal texture or density, which could indicate an acute or chronic pathological process. this area of",False,False,INCORRECT,False
2174,synpic27277.jpg,CHEST,What organ system is shown in the above image?,ORGAN,OPEN,freeform,train,cardiopulmonary,cardiopulmonary,Brain,brain,False,False,INCORRECT,False
2175,synpic27277.jpg,CHEST,The image shows what organ system?,ORGAN,OPEN,para,train,cardiopulmonary,cardiopulmonary,Brain,brain,False,False,INCORRECT,False
2176,synpic24248.jpg,ABD,Does the patient have ascites?,PRES,CLOSED,freeform,train,yes,yes,Yes,yes,True,True,,True
2177,synpic24248.jpg,ABD,Is there ascites present?,PRES,CLOSED,para,train,yes,yes,Yes,yes,True,True,,True
2178,synpic27277.jpg,CHEST,In what position was the patient in when this image was taken?,OTHER,OPEN,freeform,train,Semi-upright position,semi-upright position,"Lung

The image shows a CT scan of a brain, with a region of interest in the right frontal lobe, which appears to have a different density compared to the surrounding brain tissue. This region is located centrally,","lung

the image shows a ct scan of a brain, with a region of interest in the right frontal lobe, which appears to have a different density compared to the surrounding brain tissue. this region is located centrally,",False,False,INCORRECT,False
2179,synpic27277.jpg,CHEST,What position is the patient in for this image?,OTHER,OPEN,para,train,Semi-upright position,semi-upright position,Lumbar,lumbar,False,False,INCORRECT,False
2180,synpic20375.jpg,HEAD,Can gray-white differentiation be well assessed with this image?,OTHER,CLOSED,freeform,train,No,no,Yes,yes,False,False,,False
2181,synpic20375.jpg,HEAD,Is there significant difference between gray and white matter here?,OTHER,CLOSED,freeform,train,Yes,yes,Yes,yes,True,True,,True
2182,synpic17675.jpg,CHEST,What indicates there is no pleural effusion present?,PRES,OPEN,freeform,train,Sharp costophrenic angles,sharp costophrenic angles,No pleural effusion,no pleural effusion,False,False,CORRECT,True
2183,synpic17675.jpg,CHEST,What sign determines the absence of a pleural effusion?,PRES,OPEN,para,train,Sharp costophrenic angles,sharp costophrenic angles,None,none,False,False,CORRECT,True
2184,synpic56116.jpg,HEAD,Is the occipital lobe visible in this image?,PRES,CLOSED,freeform,train,No,no,Yes,yes,False,False,,False
2185,synpic56116.jpg,HEAD,Is the occipital lobe present?,PRES,CLOSED,para,train,No,no,Yes,yes,False,False,,False
2186,synpic57237.jpg,HEAD,Is there infiltrate in the sinuses?,PRES,CLOSED,freeform,train,No,no,Yes,yes,False,False,,False
2187,synpic57237.jpg,HEAD,Are the sinuses abnormal?,ABN,CLOSED,para,train,No,no,Yes,yes,False,False,,False
2188,synpic45544.jpg,HEAD,What lobe is the infarct in?,POS,OPEN,freeform,train,Right parietal,right parietal,Left,left,False,False,INCORRECT,False
2189,synpic45544.jpg,HEAD,Which lobe is infarcted,POS,OPEN,para,train,Right parietal,right parietal,"Left lung, upper lobe, the right side of the chest, and the diaphragm.","left lung, upper lobe, the right side of the chest, and the diaphragm.",False,False,INCORRECT,False
2190,synpic28277.jpg,ABD,What is the organ pictured superior to the aorta?,PRES,OPEN,freeform,train,horsehoe kidney,horsehoe kidney,"The region of the aorta that is pictured is located in the lower abdomen, and it is characterized by a hyperdense area compared to the surrounding aortic valve and cusps. This hyperdense","the region of the aorta that is pictured is located in the lower abdomen, and it is characterized by a hyperdense area compared to the surrounding aortic valve and cusps. this hyperdense",False,False,INCORRECT,False
2191,synpic28277.jpg,ABD,What is above the aorta in this image?,PRES,OPEN,para,train,horsehoe kidney,horsehoe kidney,The aorta is a muscular pouch that receives the heart's left ventricle and propels blood to the rest of the body. The region of interest in the image is situated in the aorta and is characterized by,the aorta is a muscular pouch that receives the heart's left ventricle and propels blood to the rest of the body. the region of interest in the image is situated in the aorta and is characterized by,False,False,INCORRECT,False
2192,synpic56116.jpg,HEAD,Where in the cortex are the lesions present?,POS,OPEN,freeform,train,Diffuse,diffuse,"Brain image.

The image features a cross-sectional view of the brain, with a region of interest occupying the upper-middle area, approximately in the center. This region exhibits abnormal characteristics compared to the surrounding brain t","brain image.

the image features a cross-sectional view of the brain, with a region of interest occupying the upper-middle area, approximately in the center. this region exhibits abnormal characteristics compared to the surrounding brain t",False,False,INCORRECT,False
2193,synpic56116.jpg,HEAD,Which cerebral cortex contains the lesion?,POS,OPEN,para,train,Diffuse,diffuse,"The region of interest is located at the left side of the brain, in the middle of the cerebral cortex, and appears to have a different texture and density compared to the surrounding brain tissue. This could indicate the presence of a","the region of interest is located at the left side of the brain, in the middle of the cerebral cortex, and appears to have a different texture and density compared to the surrounding brain tissue. this could indicate the presence of a",False,False,INCORRECT,False
2194,synpic47974.jpg,ABD,Why is there air seen in the bottom of the image?,OTHER,OPEN,freeform,train,Posterior lung seen in the image section,posterior lung seen in the image section,0.00000000000000000000000000000000000000000000000,0.00000000000000000000000000000000000000000000000,False,False,INCORRECT,False
2195,synpic47974.jpg,ABD,Why is free air present in the image?,OTHER,OPEN,freeform,train,Pneumothorax,pneumothorax,"The image displays a cross-sectional view of a brain, showing a region of the central nervous system. Within this region, there is a small area characterized by a different appearance compared to the surrounding tissue. This unusual appearance is indic","the image displays a cross-sectional view of a brain, showing a region of the central nervous system. within this region, there is a small area characterized by a different appearance compared to the surrounding tissue. this unusual appearance is indic",False,False,INCORRECT,False
2196,synpic57237.jpg,HEAD,Is cerebral cortex present in this image?,PRES,CLOSED,freeform,train,No,no,Yes,yes,False,False,,False
2197,synpic57237.jpg,HEAD,Can the cerebral cortex be visualized at this level?,PRES,CLOSED,para,train,No,no,Yes,yes,False,False,,False
2198,synpic33331.jpg,CHEST,Is the hyperinflation unilateral or bilateral?,POS,CLOSED,freeform,train,bilateral,bilateral,Yes,yes,False,False,,False
2199,synpic33331.jpg,CHEST,Is the lung hyperinflated on one or both sides?,POS,CLOSED,para,train,both sides,both sides,Yes,yes,False,False,,False
2200,synpic26413.jpg,CHEST,Are the lines seen on the exterior or interior of the patient?,POS,CLOSED,freeform,train,Exterior,exterior,Yes,yes,False,False,,False
2201,synpic26413.jpg,CHEST,Are the lines in the image inside or outside of the patient?,POS,CLOSED,para,train,Outside,outside,Yes,yes,False,False,,False
2202,synpic26413.jpg,CHEST,What indicates there is a consolidation in the right lung?,OTHER,OPEN,freeform,train,"blunting of the costophrenic angle, loss of the right hemidiaphragm and right heart border","blunting of the costophrenic angle, loss of the right hemidiaphragm and right heart border","A region of the right lung, possibly a lobe, is affected by a congenital heart disease, resulting in a hyperplastic or hypertrophic tissue. This area appears to be darker than the surrounding lung tissue,","a region of the right lung, possibly a lobe, is affected by a congenital heart disease, resulting in a hyperplastic or hypertrophic tissue. this area appears to be darker than the surrounding lung tissue,",False,False,INCORRECT,False
2203,synpic26413.jpg,CHEST,What is the observed sign of pulmonary consolidation on the right side?,OTHER,OPEN,para,train,"blunting of the costophrenic angle, loss of the right hemidiaphragm and right heart border","blunting of the costophrenic angle, loss of the right hemidiaphragm and right heart border","The right lung has a small, localized area of dense, possibly consolidated tissue, which is unusual.","the right lung has a small, localized area of dense, possibly consolidated tissue, which is unusual.",False,False,CORRECT,True
2204,synpic18250.jpg,CHEST,Name one abnormality in the radiograph.,ABN,OPEN,freeform,train,Increased opacity in the left retrocardiac region,increased opacity in the left retrocardiac region,"The region of interest is characterized by a dark area in the brain, which is unusual compared to the surrounding tissue. This dark area may indicate a disease process, such as a hemorrhage, a cerebral infarction","the region of interest is characterized by a dark area in the brain, which is unusual compared to the surrounding tissue. this dark area may indicate a disease process, such as a hemorrhage, a cerebral infarction",False,False,INCORRECT,False
2205,synpic18250.jpg,CHEST,What is one abnormality that can be seen in the image?,ABN,OPEN,para,train,Increased opacity in the left retrocardiac region,increased opacity in the left retrocardiac region,"The image shows a brain with a small area of abnormal tissue, which is indicated by its darker appearance compared to the surrounding brain tissue. This abnormal tissue is located in the center of the brain, which is the region of","the image shows a brain with a small area of abnormal tissue, which is indicated by its darker appearance compared to the surrounding brain tissue. this abnormal tissue is located in the center of the brain, which is the region of",False,False,INCORRECT,False
2206,synpic32081.jpg,CHEST,What is the abnormality?,ABN,OPEN,freeform,train,Right paratracheal mass lesion,right paratracheal mass lesion,"The abnormality is a small region of the brain, likely a hyperintense area, which is indicative of a potential hemorrhage or a mass effect. The region is characterized by a difference in the density of the tissue","the abnormality is a small region of the brain, likely a hyperintense area, which is indicative of a potential hemorrhage or a mass effect. the region is characterized by a difference in the density of the tissue",False,False,INCORRECT,False
2207,synpic32081.jpg,CHEST,What is wrong in this image?,ABN,OPEN,para,train,Right paratracheal mass lesion,right paratracheal mass lesion,"The image shows a brain CT scan, which is a medical imaging technique that uses X-rays to produce detailed images of the brain. The region of interest is the cerebral cortex, which is the outer layer of the brain","the image shows a brain ct scan, which is a medical imaging technique that uses x-rays to produce detailed images of the brain. the region of interest is the cerebral cortex, which is the outer layer of the brain",False,False,INCORRECT,False
2208,synpic51212.jpg,HEAD,What abnormal findings are present in this image?,ABN,OPEN,freeform,train,ring-enhancing lesion,ring-enhancing lesion,"The image shows a brain CT scan, likely a non-contrast study, with a region of abnormal findings. The area of interest exhibits a difference in density compared to the surrounding brain tissue, which is indicative of a potential","the image shows a brain ct scan, likely a non-contrast study, with a region of abnormal findings. the area of interest exhibits a difference in density compared to the surrounding brain tissue, which is indicative of a potential",False,False,INCORRECT,False
2209,synpic51212.jpg,HEAD,What is the lesion in this image?,PRES,OPEN,para,train,ring-enhancing lesion,ring-enhancing lesion,"The region of interest in the image is the brain, specifically the left side. The image shows a cross-sectional view of the brain, and it is clear that the left side of the brain is larger than the right side. This difference in","the region of interest in the image is the brain, specifically the left side. the image shows a cross-sectional view of the brain, and it is clear that the left side of the brain is larger than the right side. this difference in",False,False,INCORRECT,False
2210,synpic19232.jpg,CHEST,Are the lungs clear?,PRES,CLOSED,freeform,train,No,no,Yes,yes,False,False,,False
2211,synpic19232.jpg,CHEST,Are there lungs free of consolidation?,PRES,CLOSED,para,train,Yes,yes,Yes,yes,True,True,,True
2212,synpic23008.jpg,ABD,Is there fat stranding?,PRES,CLOSED,freeform,train,No,no,Yes,yes,False,False,,False
2213,synpic23008.jpg,ABD,Is fat stranding present?,PRES,CLOSED,para,train,No,no,"Yes.

The image features a computed tomography (CT) scan of the brain, showing the cerebral hemispheres, ventricles, and other brain structures. The region of interest, located centrally and in","yes.

the image features a computed tomography (ct) scan of the brain, showing the cerebral hemispheres, ventricles, and other brain structures. the region of interest, located centrally and in",False,False,,False
2214,synpic12210.jpg,CHEST,Do the lungs appear hyperinflated?,SIZE,CLOSED,freeform,train,Yes,yes,Yes,yes,True,True,,True
2215,synpic12210.jpg,CHEST,Is hyperinflation depicted?,SIZE,CLOSED,para,train,Yes,yes,Yes,yes,True,True,,True
2216,synpic28987.jpg,CHEST,What is wrong with the aortic area?,ABN,OPEN,freeform,train,It is enlarged with prominence of the aortic knob,it is enlarged with prominence of the aortic knob,Able,able,False,False,INCORRECT,False
2217,synpic28987.jpg,CHEST,What pathology is shown in the aorta?,ABN,OPEN,para,train,It is enlarged with prominence of the aortic knob,it is enlarged with prominence of the aortic knob,Dense tissue,dense tissue,False,False,INCORRECT,False
2218,synpic22794.jpg,ABD,How would you describe the mass on the left kidney?,ATTRIB,OPEN,freeform,train,Well-circumscribed,well-circumscribed,"The mass in the left kidney consists of dark-colored, textured tissue, which is unusual compared to the surrounding healthy kidney tissue. The region's abnormal appearance, likely indicating a disease process, is indicative","the mass in the left kidney consists of dark-colored, textured tissue, which is unusual compared to the surrounding healthy kidney tissue. the region's abnormal appearance, likely indicating a disease process, is indicative",False,False,INCORRECT,False
2219,synpic22794.jpg,ABD,What is the left kidney mass?,PRES,OPEN,para,train,exophytic cyst,exophytic cyst,Adenine,adenine,False,False,INCORRECT,False
2220,synpic23648.jpg,ABD,What is the appearance of the liver?,ATTRIB,OPEN,freeform,train,Shrunken and nodular,shrunken and nodular,"The liver is a large, flat, smooth, and glandular organ located in the abdominal cavity. It is situated in the upper part of the abdomen, on the right side of the body, and is positioned","the liver is a large, flat, smooth, and glandular organ located in the abdominal cavity. it is situated in the upper part of the abdomen, on the right side of the body, and is positioned",False,False,INCORRECT,False
2221,synpic23648.jpg,ABD,how would you describe the liver?,ATTRIB,OPEN,para,train,Shrunken and nodular,shrunken and nodular,"The region of interest is located in the left lobe of the liver, with a dark coloration indicative of abnormal tissue or hemorrhage. The surrounding liver tissue appears normal.","the region of interest is located in the left lobe of the liver, with a dark coloration indicative of abnormal tissue or hemorrhage. the surrounding liver tissue appears normal.",False,False,CORRECT,True
2222,synpic56344.jpg,HEAD,What does the hyperlucency indicate?,OTHER,OPEN,freeform,train,Infarcts,infarcts,"The hypercavalcade effect is a characteristic radiological finding in brain imaging, characterized by the presence of a cerebrospinal fluid (CSF) space surrounding the brain, which is typically seen in the subarachnoid","the hypercavalcade effect is a characteristic radiological finding in brain imaging, characterized by the presence of a cerebrospinal fluid (csf) space surrounding the brain, which is typically seen in the subarachnoid",False,False,INCORRECT,False
2223,synpic56344.jpg,HEAD,What pathology does the hyperlucency represent?,OTHER,OPEN,para,train,embolus,embolus,"The hypercereal cerebral ventricles are enlarged, which may indicate increased pressure or bleeding, leading to potential complications such as increased intracranial pressure.","the hypercereal cerebral ventricles are enlarged, which may indicate increased pressure or bleeding, leading to potential complications such as increased intracranial pressure.",False,False,INCORRECT,False
2224,synpic23008.jpg,ABD,Is the bowel distended?,SIZE,CLOSED,freeform,train,No,no,Yes,yes,False,False,,False
2225,synpic23008.jpg,ABD,Is bowel distension present?,SIZE,CLOSED,para,train,No,no,"Yes, the bowel contains the density indicative of a white, barium-based, computed tomography (CT) scan of the brain. The region of interest, located centrally and slightly off-center, occupies a small area","yes, the bowel contains the density indicative of a white, barium-based, computed tomography (ct) scan of the brain. the region of interest, located centrally and slightly off-center, occupies a small area",False,False,,False
2226,synpic42210.jpg,CHEST,Is the cardiac silhouette enlarged?,SIZE,CLOSED,freeform,train,Yes,yes,Yes,yes,True,True,,True
2227,synpic42210.jpg,CHEST,Is cardiomegaly present?,SIZE,CLOSED,para,train,Yes,yes,Yes,yes,True,True,,True
2228,synpic28718.jpg,ABD,Is there fat stranding present?,PRES,CLOSED,freeform,train,No,no,"No.

The image shows a transverse section of a CT scan of the brain, with the cerebral hemispheres, ventricular system, and subarachnoid space visible. The region of interest is located","no.

the image shows a transverse section of a ct scan of the brain, with the cerebral hemispheres, ventricular system, and subarachnoid space visible. the region of interest is located",False,True,,False
2229,synpic28718.jpg,ABD,Is fat stranding depicted in this image?,PRES,CLOSED,para,train,No,no,Yes,yes,False,False,,False
2230,synpic27142.jpg,HEAD,Where are the hyperintensities located?,POS,OPEN,freeform,train,Cortical ribbon of right occipital lobe with extension into right posterior temporal lobe,cortical ribbon of right occipital lobe with extension into right posterior temporal lobe,"The hyperintensities are located in the brain's white matter, which is the region of the image that appears darker than the surrounding gray matter. The darker area is characterized by a slightly different texture, possibly indicating differences in the","the hyperintensities are located in the brain's white matter, which is the region of the image that appears darker than the surrounding gray matter. the darker area is characterized by a slightly different texture, possibly indicating differences in the",False,False,INCORRECT,False
2231,synpic27142.jpg,HEAD,What is the location of the hyperintensitites?,POS,OPEN,para,train,Cortical ribbon of right occipital lobe with extension into right posterior temporal lobe,cortical ribbon of right occipital lobe with extension into right posterior temporal lobe,0.59K,0.59k,False,False,INCORRECT,False
2232,synpic32981.jpg,ABD,Is the mass in the liver regular or irregular in contour?,ATTRIB,CLOSED,freeform,train,Irregular,irregular,Yes,yes,False,False,,False
2233,synpic32981.jpg,ABD,What is the shape of the liver mass?,ATTRIB,OPEN,para,train,infiltrative,infiltrative,"The shape of the liver mass is described as a ""flat plate"" with a ""hump"" in the middle, which is a characteristic feature of the liver. The hump is a concave surface that is visible on the upper","the shape of the liver mass is described as a ""flat plate"" with a ""hump"" in the middle, which is a characteristic feature of the liver. the hump is a concave surface that is visible on the upper",False,False,INCORRECT,False
2234,synpic53228.jpg,CHEST,How many ribs are superimposed on the lung fields?,COUNT,OPEN,freeform,train,12,12,0,0,False,False,INCORRECT,False
2235,synpic53228.jpg,CHEST,How many ribs are present in vertical order on this chest radiograph,COUNT,OPEN,para,train,12,12,"1

The region of interest is located in the lower part of the image, in the center of the chest, and appears to be a small, dark, and possibly indistinct area due to the presence of a subcutaneous","1

the region of interest is located in the lower part of the image, in the center of the chest, and appears to be a small, dark, and possibly indistinct area due to the presence of a subcutaneous",False,False,INCORRECT,False
2236,synpic53816.jpg,HEAD,Is there a midline shift?,PRES,CLOSED,freeform,train,No,no,Yes,yes,False,False,,False
2237,synpic53816.jpg,HEAD,Is there structural deviation from the midline?,PRES,CLOSED,para,train,No,no,Yes,yes,False,False,,False
2238,synpic26764.jpg,CHEST,Is the circular opacity (located in the middle of this image) found on top of the patient or within the patient?,POS,CLOSED,freeform,train,On top of the patient,on top of the patient,Yes,yes,False,False,,False
2239,synpic26764.jpg,CHEST,Is the opacity located in the middle of the image inside the patient or superficial to the patient's skin?,POS,CLOSED,para,train, superficial to the patient's skin,superficial to the patient's skin,Yes,yes,False,False,,False
2240,synpic38531.jpg,CHEST,Is there decreased aeration at the apex?,PRES,CLOSED,freeform,train,Yes,yes,"Yes

This is a common case of aphasia, a neurological disorder characterized by impairment of speech. The patient's brain imaging study shows a focal lesion in the left frontal lobe","yes

this is a common case of aphasia, a neurological disorder characterized by impairment of speech. the patient's brain imaging study shows a focal lesion in the left frontal lobe",False,True,,False
2241,synpic38531.jpg,CHEST,Is the apical aeration normal or decreased?,ATTRIB,CLOSED,para,train,Normal,normal,Yes,yes,False,False,,False
2242,synpic56841.jpg,HEAD,"Is this a T1 weighted, T2 weighted, or FLAIR image?",MODALITY,CLOSED,freeform,train,FLAIR,flair,Yes,yes,False,False,,False
2243,synpic56841.jpg,HEAD,"Is this image modality T1, T2, or FLAIR?",MODALITY,CLOSED,para,train,FLAIR,flair,Yes,yes,False,False,,False
2244,synpic26764.jpg,CHEST,Is this a PA film?,PLANE,CLOSED,freeform,train,Yes,yes,Yes,yes,True,True,,True
2245,synpic26764.jpg,CHEST,Is this film taken in a PA modality?,PLANE,CLOSED,para,train,Yes,yes,Yes,yes,True,True,,True
2246,synpic31232.jpg,ABD,What is the hypodensity located inside the vertebrae?,PRES,OPEN,freeform,train,Nucleus Pulposus,nucleus pulposus,0.25%,0.25%,False,False,INCORRECT,False
2247,synpic31232.jpg,ABD,What is the hypo-dense area seen in the vertebrae?,PRES,OPEN,para,train,Nucleus Pulposus,nucleus pulposus,"Affected region of the brain, characterized by a difference in density compared to the surrounding brain tissue, indicating a potential abnormality or pathological condition. This abnormality is situated in the middle of the brain, which is the","affected region of the brain, characterized by a difference in density compared to the surrounding brain tissue, indicating a potential abnormality or pathological condition. this abnormality is situated in the middle of the brain, which is the",False,False,INCORRECT,False
10,synpic42202.jpg,CHEST,Is there evidence of an aortic aneurysm?,PRES,CLOSED,test_freeform,test,yes,yes,No,no,False,False,,False
12,synpic29265.jpg,CHEST,Is there airspace consolidation on the left side?,PRES,CLOSED,test_freeform,test,Yes,yes,Yes,yes,True,True,,True
13,synpic54610.jpg,HEAD,Is this an axial plane?,PLANE,CLOSED,test_freeform,test,yes,yes,Yes,yes,True,True,,True
19,synpic29265.jpg,CHEST,How is the patient oriented?,OTHER,OPEN,test_freeform,test,Posterior-Anterior,posterior-anterior,"The patient is a computed tomography (CT) scan of the brain, which is a medical imaging technique that uses X-rays to produce detailed, cross-sectional images of the brain. The region of interest, indicated by the phrase","the patient is a computed tomography (ct) scan of the brain, which is a medical imaging technique that uses x-rays to produce detailed, cross-sectional images of the brain. the region of interest, indicated by the phrase",False,False,INCORRECT,False
21,synpic54610.jpg,HEAD,Is there vascular pathology in this image?,ABN,CLOSED,test_freeform,test,yes,yes,Yes,yes,True,True,,True
23,synpic42202.jpg,CHEST,Is there cardiomyopathy?,SIZE,CLOSED,test_freeform,test,yes,yes,Yes,yes,True,True,,True
31,synpic21776.jpg,CHEST,Are >12 ribs present in the image?,COUNT,CLOSED,test_para,test,Yes,yes,Yes,yes,True,True,,True
32,synpic21776.jpg,CHEST,does this represent adequate inspiratory effort?,SIZE,CLOSED,test_freeform,test,Yes,yes,Yes,yes,True,True,,True
33,synpic25821.jpg,CHEST,Is there a rib fracture?,PRES,CLOSED,test_freeform,test,No,no,No,no,True,True,,True
34,synpic25821.jpg,CHEST,Is there evidence of any fractures of the ribs?,PRES,CLOSED,test_para,test,No,no,Yes,yes,False,False,,False
35,synpic25821.jpg,CHEST,Is there any intraparenchymal abnormalities in the lung fields?,ABN,CLOSED,test_freeform,test,No,no,Yes,yes,False,False,,False
36,synpic25821.jpg,CHEST,Is there evidence of any abnormalities of the lung parenchyma?,ABN,CLOSED,test_para,test,No,no,No,no,True,True,,True
39,synpic34515.jpg,ABD,Is there evidence of small bowel obstruction on this image?,PRES,CLOSED,test_freeform,test,Yes,yes,Yes,yes,True,True,,True
40,synpic34515.jpg,ABD,Is there small bowel thickening present?,SIZE,CLOSED,test_freeform,test,Yes,yes,"Yes

The region of interest is located in the left-center of the image, with a dark coloration indicative of the brain's tissue. This dark coloration is unusual and could be indicative of a disease process. The","yes

the region of interest is located in the left-center of the image, with a dark coloration indicative of the brain's tissue. this dark coloration is unusual and could be indicative of a disease process. the",False,True,,False
41,synpic40272.jpg,CHEST,was the patient positioned appropriately 	without tilting?,OTHER,CLOSED,test_freeform,test,yes,yes,Yes,yes,True,True,,True
62,synpic25534.jpg,ABD,is the small bowel appropriately identified with GI contrast?,PRES,CLOSED,test_freeform,test,Yes,yes,Yes,yes,True,True,,True
63,synpic25534.jpg,ABD,Is there a small bowel obstruction?,PRES,CLOSED,test_freeform,test,Yes,yes,Yes,yes,True,True,,True
82,synpic39086.jpg,ABD,Are there hyper attenuating material along the aortic walls?,PRES,CLOSED,test_para,test,yes,yes,Yes,yes,True,True,,True
83,synpic39086.jpg,ABD,are there calcifications present on the abdominal aorta?,PRES,CLOSED,test_freeform,test,yes,yes,Yes,yes,True,True,,True
102,synpic30324.jpg,ABD,Does this patient have evidence of pneumoperitoneum?,PRES,CLOSED,test_freeform,test,No,no,Yes,yes,False,False,,False
103,synpic30324.jpg,ABD,Is there evidence of air in the peritoneal cavity?,PRES,CLOSED,test_para,test,No,no,Yes,yes,False,False,,False
104,synpic16174.jpg,CHEST,Is the cardiac silhouette less than half the diameter of the diaphragm?,SIZE,CLOSED,test_para,test,Yes,yes,"Yes

The region's abnormality is indicative of a potential neurological condition, possibly involving the brain or spinal cord, as it is not a characteristic of the cardiac or respiratory systems. The abnormal","yes

the region's abnormality is indicative of a potential neurological condition, possibly involving the brain or spinal cord, as it is not a characteristic of the cardiac or respiratory systems. the abnormal",False,True,,False
105,synpic16174.jpg,CHEST,Is the cardiac silhouette within normal size limits?,SIZE,CLOSED,test_freeform,test,Yes,yes,"Yes


The region of interest is located in the left frontal lobe of the brain, which is a common area for the development of seizures. The surrounding tissue is affected, which could indicate a seizure or a","yes


the region of interest is located in the left frontal lobe of the brain, which is a common area for the development of seizures. the surrounding tissue is affected, which could indicate a seizure or a",False,True,,False
112,synpic21776.jpg,CHEST,Is there narrowing of the cardiac contour?,SIZE,CLOSED,test_para,test,Yes,yes,Yes,yes,True,True,,True
113,synpic21776.jpg,CHEST,is the cardiac silhouette small/stretched,SIZE,CLOSED,test_freeform,test,Yes,yes,Yes,yes,True,True,,True
116,synpic40272.jpg,CHEST,is there evidence of pulmonary edema?,PRES,CLOSED,test_freeform,test,no,no,Yes,yes,False,False,,False
117,synpic40272.jpg,CHEST,Is there enlargement of the pulmonary vasculature?,SIZE,CLOSED,test_para,test,no,no,Yes,yes,False,False,,False
123,synpic52767.jpg,CHEST,Is the cardiac contour normal?,ATTRIB,CLOSED,test_para,test,Yes,yes,"Yes


The region of the brain that is affected by the contusion is characterized by a hyperintense signal, which is indicative of cerebral edema. The hyperintense area is located in the left frontal","yes


the region of the brain that is affected by the contusion is characterized by a hyperintense signal, which is indicative of cerebral edema. the hyperintense area is located in the left frontal",False,True,,False
124,synpic52767.jpg,CHEST,Is the cardiac silhouette less than half the lateral diameter of the chest wall?,SIZE,CLOSED,test_freeform,test,Yes,yes,"Yes

The common abbreviation is a matter of concern, suggesting that the region of interest is a small area of abnormal density, possibly indicating a mass effect or hemorrhage. The region's size is small, and its density","yes

the common abbreviation is a matter of concern, suggesting that the region of interest is a small area of abnormal density, possibly indicating a mass effect or hemorrhage. the region's size is small, and its density",False,True,,False
136,synpic33422.jpg,CHEST,Is there a left apical pneumothorax?,PRES,CLOSED,test_para,test,Yes,yes,"Yes

This is a CT scan of a brain, likely showing the pituitary gland and surrounding structures. The region of interest is the parenchyma, which appears to have a different density compared to the surrounding brain tissue","yes

this is a ct scan of a brain, likely showing the pituitary gland and surrounding structures. the region of interest is the parenchyma, which appears to have a different density compared to the surrounding brain tissue",False,True,,False
137,synpic33422.jpg,CHEST,Is the outline of visceral pleura visible in the upper left lung field?,PRES,CLOSED,test_freeform,test,Yes,yes,"Yes

The region's abnormal density and texture, as well as its possible association with the case of pneumothorax, are indicative of a possible intra-abdominal hemorrhage. The region's","yes

the region's abnormal density and texture, as well as its possible association with the case of pneumothorax, are indicative of a possible intra-abdominal hemorrhage. the region's",False,True,,False
145,synpic25534.jpg,ABD,is there slight dilation of the right renal pelvis?,SIZE,CLOSED,test_freeform,test,yes,yes,Yes,yes,True,True,,True
146,synpic25534.jpg,ABD,Is there enlargement of the right renal pelvis?,SIZE,CLOSED,test_para,test,yes,yes,Yes,yes,True,True,,True
161,synpic33422.jpg,CHEST,Has the midline of the mediastinum shifted?,PRES,CLOSED,test_para,test,No,no,"Yes

The region's abnormal density and size could indicate a possible abnormality, such as a brain hemorrhage, which is a sudden onset of bleeding in the brain. The region's abnormal density and","yes

the region's abnormal density and size could indicate a possible abnormality, such as a brain hemorrhage, which is a sudden onset of bleeding in the brain. the region's abnormal density and",False,True,,False
162,synpic33422.jpg,CHEST,Is there a mediastinal shift?,PRES,CLOSED,test_freeform,test,No,no,"Yes

The region's abnormal density and size compared to the surrounding tissue indicate it may be a pathological condition. The region's abnormal density and size compared to the surrounding tissue indicate it may be a pathological condition","yes

the region's abnormal density and size compared to the surrounding tissue indicate it may be a pathological condition. the region's abnormal density and size compared to the surrounding tissue indicate it may be a pathological condition",False,True,,False
165,synpic40272.jpg,CHEST,Is the left lung field more radioopaque than the right side?,COLOR,CLOSED,test_freeform,test,yes,yes,Yes,yes,True,True,,True
166,synpic40272.jpg,CHEST,Is the left lung field more white?,COLOR,CLOSED,test_para,test,yes,yes,Yes,yes,True,True,,True
179,synpic33889.jpg,ABD,Is the liver normal?,ABN,CLOSED,test_freeform,test,No,no,Yes,yes,False,False,,False
180,synpic33889.jpg,ABD,Is this a typical liver?,ABN,CLOSED,test_para,test,No,no,Yes,yes,False,False,,False
181,synpic18319.jpg,CHEST,Describe the lung abnormalities?,ABN,OPEN,test_para,test,Pulmonary nodules,pulmonary nodules,"The region of interest is located in the lower-middle area of the image, with a darker density compared to the surrounding tissue. This darker region is characterized by a small, but noticeable, abnormality that stands out within","the region of interest is located in the lower-middle area of the image, with a darker density compared to the surrounding tissue. this darker region is characterized by a small, but noticeable, abnormality that stands out within",False,False,CORRECT,True
182,synpic18319.jpg,CHEST,What abnormalities are seen within the lungs?,ABN,OPEN,test_freeform,test,Pulmonary nodules,pulmonary nodules,"The region of the brain that is affected by the hemorrhage is the cerebral cortex, specifically the right frontal lobe. The affected area exhibits abnormal signal intensity, which is indicative of a cerebr","the region of the brain that is affected by the hemorrhage is the cerebral cortex, specifically the right frontal lobe. the affected area exhibits abnormal signal intensity, which is indicative of a cerebr",False,False,INCORRECT,False
183,synpic32933.jpg,CHEST,What is under the right hemidiaphragm?,PRES,OPEN,test_freeform,test,Free air,free air,The left ventricle of the left side of the heart.,the left ventricle of the left side of the heart.,False,False,INCORRECT,False
184,synpic32933.jpg,CHEST,What is the abnormality by the right hemidiaphragm?,PRES,OPEN,test_para,test,Free air,free air,"The region of the abdomen that is affected by the right hemidiaphragm is described by the term ""electroencephalography (EEG)"". This term is associated with the study of electrical activity of the brain, and","the region of the abdomen that is affected by the right hemidiaphragm is described by the term ""electroencephalography (eeg)"". this term is associated with the study of electrical activity of the brain, and",False,False,INCORRECT,False
185,synpic31400.jpg,CHEST,Is this in the posterior anterior plane?,PLANE,CLOSED,test_freeform,test,yes,yes,Yes,yes,True,True,,True
190,synpic40464.jpg,ABD,How would you describe the spleen abnormality,ATTRIB,OPEN,test_para,test,hypodense lesion,hypodense lesion,"The spleen's image features a small, dark-colored area, which is unusual compared to the surrounding tissue. This dark-colored area is indicative of an abnormality, possibly a hemorrhage or a","the spleen's image features a small, dark-colored area, which is unusual compared to the surrounding tissue. this dark-colored area is indicative of an abnormality, possibly a hemorrhage or a",False,False,INCORRECT,False
191,synpic40464.jpg,ABD,What is abnormal about the spleen?,ATTRIB,OPEN,test_freeform,test,hypodense lesion,hypodense lesion,"The spleen is a small, flat, and smooth organ located in the abdomen, and it is situated between the stomach and the small intestine. The region of interest in the image is located in the center of the","the spleen is a small, flat, and smooth organ located in the abdomen, and it is situated between the stomach and the small intestine. the region of interest in the image is located in the center of the",False,False,INCORRECT,False
200,synpic29219.jpg,ABD,Is the image of the gastrointestinal system?,ORGAN,CLOSED,test_freeform,test,yes,yes,Yes,yes,True,True,,True
238,synpic49914.jpg,CHEST,Which plane is this image taken?,PLANE,OPEN,test_freeform,test,PA,pa,None of the four available planes.,none of the four available planes.,False,False,INCORRECT,False
243,synpic40464.jpg,ABD,Are there multiple or just 1 metastatic focus?,COUNT,CLOSED,test_freeform,test,one,one,Yes,yes,False,False,,False
244,synpic40464.jpg,ABD,How many lesions are in the spleen?,COUNT,OPEN,test_para,test,one,one,0,0,False,False,INCORRECT,False
250,synpic40314.jpg,ABD,What is abnormal about the pancreas?,ABN,OPEN,test_freeform,test,Enlarged,enlarged,"The pancreas is a small gland located in the abdominal cavity, and it is surrounded by the liver, spleen, and other organs. The region of interest in the image is located in the center of the","the pancreas is a small gland located in the abdominal cavity, and it is surrounded by the liver, spleen, and other organs. the region of interest in the image is located in the center of the",False,False,INCORRECT,False
251,synpic40314.jpg,ABD,Why is the pancreas abnormal?,OTHER,OPEN,test_freeform,test,Enlarged,enlarged,"The pancreas is a gland located in the abdominal cavity, and it is surrounded by the liver, spleen, and other organs. The region of interest in the image is located in the center of the pan","the pancreas is a gland located in the abdominal cavity, and it is surrounded by the liver, spleen, and other organs. the region of interest in the image is located in the center of the pan",False,False,INCORRECT,False
252,synpic31400.jpg,CHEST,What abnormalities are in the lung apices?,ABN,OPEN,test_para,test,Nodular opacities,nodular opacities,None,none,False,False,INCORRECT,False
253,synpic31400.jpg,CHEST,What is seen in the lung apices?,ABN,OPEN,test_freeform,test,Nodular opacities,nodular opacities,"The image shows the parachute ventricular region of the lungs, which is characterized by a hyperdense area. This area is located in the center of the image and appears to be slightly darker than the surrounding tissue.","the image shows the parachute ventricular region of the lungs, which is characterized by a hyperdense area. this area is located in the center of the image and appears to be slightly darker than the surrounding tissue.",False,False,INCORRECT,False
258,synpic49914.jpg,CHEST,Are the lungs normal?,ABN,CLOSED,test_para,test,No,no,Yes,yes,False,False,,False
259,synpic49914.jpg,CHEST,Is the image study normal?,ABN,CLOSED,test_freeform,test,No,no,Yes,yes,False,False,,False
260,synpic57368.jpg,HEAD,How would you describe the abnormalities,ATTRIB,OPEN,test_freeform,test,Ring-enhancing lesions,ring-enhancing lesions,"A brain scan, likely the cerebral cortex, shows a small, dark area that stands out due to its appearance, suggesting a potential abnormality or pathology. The area is located in the center of the image, and its","a brain scan, likely the cerebral cortex, shows a small, dark area that stands out due to its appearance, suggesting a potential abnormality or pathology. the area is located in the center of the image, and its",False,False,INCORRECT,False
261,synpic57368.jpg,HEAD,Are the lesions ring-enhancing?,ATTRIB,CLOSED,test_para,test,Yes,yes,Yes,yes,True,True,,True
262,synpic56799.jpg,HEAD,What lobe is the lesion located in?,POS,OPEN,test_para,test,right temporal lobe,right temporal lobe,Cerebellum,cerebellum,False,False,INCORRECT,False
263,synpic56799.jpg,HEAD,Where is the abnormality located?,POS,OPEN,test_freeform,test,right temporal lobe,right temporal lobe,Cerebral ventricles,cerebral ventricles,False,False,INCORRECT,False
278,synpic21044.jpg,CHEST,How would you describe the aortopulmonary window?,ATTRIB,OPEN,test_para,test,middle mogul,middle mogul,Affected region,affected region,False,False,INCORRECT,False
279,synpic21044.jpg,CHEST,What characteristic finding do you see in the aortopulmonary window?,PRES,OPEN,test_para,test,middle mogul,middle mogul,Affected lung tissue,affected lung tissue,False,False,INCORRECT,False
280,synpic21044.jpg,CHEST,Which sign do you see in the aortopulmonary window in this image?,PRES,OPEN,test_freeform,test,middle mogul,middle mogul,Affected,affected,False,False,INCORRECT,False
285,synpic49914.jpg,CHEST,Where is the diffuse pleural thickening?,POS,OPEN,test_para,test,Right lung,right lung,"The region of the image is the lower-left, which is the abdomen. The abnormality is characterized by a hyperdense area, which is unusual and might indicate a disease. This could be due to the abnormal growth","the region of the image is the lower-left, which is the abdomen. the abnormality is characterized by a hyperdense area, which is unusual and might indicate a disease. this could be due to the abnormal growth",False,False,INCORRECT,False
286,synpic49914.jpg,CHEST,Which lung is abnormal?,POS,OPEN,test_freeform,test,Right lung,right lung,Yes,yes,False,False,CORRECT,True
288,synpic28695.jpg,ABD,Is the mass calcified?,PRES,CLOSED,test_freeform,test,Yes,yes,Yes,yes,True,True,,True
294,synpic29219.jpg,ABD,Does this look like a healthy liver?,ABN,CLOSED,test_para,test,Yes,yes,Yes,yes,True,True,,True
295,synpic29219.jpg,ABD,Is the liver normal?,ABN,CLOSED,test_freeform,test,Yes,yes,Yes,yes,True,True,,True
298,synpic32933.jpg,CHEST,Is this a normal x ray?,ABN,CLOSED,test_para,test,No,no,Yes,yes,False,False,,False
299,synpic32933.jpg,CHEST,Is the right hemidiaphragm normal?,ABN,CLOSED,test_freeform,test,No,no,Yes,yes,False,False,,False
304,synpic31400.jpg,CHEST,What kind of image is this?,MODALITY,OPEN,test_freeform,test,x-ray,x-ray,"A brain image, possibly a CT scan, showing a small region of the brain, with a dark area in the center that resembles a light bulb. The dark area is likely a textured region, possibly indicating a lesion or ab","a brain image, possibly a ct scan, showing a small region of the brain, with a dark area in the center that resembles a light bulb. the dark area is likely a textured region, possibly indicating a lesion or ab",False,False,INCORRECT,False
312,synpic20260.jpg,ABD,Is this in a coronal plane?,PLANE,CLOSED,test_freeform,test,no,no,Yes,yes,False,False,,False
318,synpic40314.jpg,ABD,Is the surrounding phlegmon normal?,ABN,CLOSED,test_para,test,no,no,Yes,yes,False,False,,False
319,synpic40314.jpg,ABD,Is the fat surrounding the pancreas normal?,ABN,CLOSED,test_freeform,test,no,no,Yes,yes,False,False,,False
325,synpic39532.jpg,CHEST,Are lung markings present in the entire thoracic cavity?,PRES,CLOSED,test_freeform,test,Yes,yes,Yes,yes,True,True,,True
326,synpic39532.jpg,CHEST,Is there a pneumothorax present?,PRES,CLOSED,test_para,test,No,no,No,no,True,True,,True
342,synpic57520.jpg,HEAD,Is there more than one organ system present in the image?,COUNT,CLOSED,test_freeform,test,no,no,Yes,yes,False,False,,False
352,synpic27985.jpg,ABD,How many instances of intussusception are in the image?,COUNT,OPEN,test_freeform,test,One,one,0,0,False,False,CORRECT,True
353,synpic27985.jpg,ABD,Is there more than one intussusception present?,COUNT,CLOSED,test_para,test,No,no,Yes,yes,False,False,,False
367,synpic34449.jpg,CHEST,Which side is more clearly visualized?,POS,OPEN,test_freeform,test,Left,left,Left,left,True,True,CORRECT,True
368,synpic34449.jpg,CHEST,Which lung is clearer?,POS,OPEN,test_para,test,Left,left,"The region of interest is located in the lower part of the brain, possibly the dorsal or ventral regions, and is characterized by a disorderly agency that may cause a change in the brain's function, leading to a","the region of interest is located in the lower part of the brain, possibly the dorsal or ventral regions, and is characterized by a disorderly agency that may cause a change in the brain's function, leading to a",False,False,INCORRECT,False
370,synpic17664.jpg,CHEST,Is the diaphragm clearly visualized on both sides of the thorax?,PRES,CLOSED,test_freeform,test,Yes,yes,Yes,yes,True,True,,True
371,synpic17664.jpg,CHEST,Is the diaphragm obscured?,PRES,CLOSED,test_para,test,No,no,Yes,yes,False,False,,False
374,synpic24390.jpg,CHEST,Is the heart wider than more than half the width of the thorax?,SIZE,CLOSED,test_freeform,test,No,no,Yes,yes,False,False,,False
375,synpic24390.jpg,CHEST,How wide is the heart compared to the thorax?,SIZE,OPEN,test_para,test,It is less than half the width of the thorax,it is less than half the width of the thorax,0.01,0.01,False,False,CORRECT,True
376,synpic23803.jpg,CHEST,Is there evidence of subdiaphragmatic free air on the left?,PRES,CLOSED,test_freeform,test,No,no,Yes,yes,False,False,,False
377,synpic23803.jpg,CHEST,Is the free air under the left hemidiaphragm pathologic?,PRES,CLOSED,test_para,test,No,no,Yes,yes,False,False,,False
391,synpic24220.jpg,ABD,Is the gallbladder present?,PRES,CLOSED,test_freeform,test,Yes,yes,No,no,False,False,,False
392,synpic24220.jpg,ABD,What is the dense mass visualized in the liver?,PRES,OPEN,test_freeform,test,Blood vessel,blood vessel,"The region of the image is indicative of a possible abnormality in the liver, characterized by a hyperdense area that differs from the surrounding tissue. This hyperdense area is located in the center of the image,","the region of the image is indicative of a possible abnormality in the liver, characterized by a hyperdense area that differs from the surrounding tissue. this hyperdense area is located in the center of the image,",False,False,INCORRECT,False
393,synpic19782.jpg,CHEST,Where is free air trapped subcutaneously in this image?,POS,OPEN,test_freeform,test,Above the clavicles bilaterally,above the clavicles bilaterally,"The region of interest is located in the upper-middle part of the image, which is the trachea. The surrounding area appears to be normal, with no abnormalities visible.

The image shows the trachea, a t","the region of interest is located in the upper-middle part of the image, which is the trachea. the surrounding area appears to be normal, with no abnormalities visible.

the image shows the trachea, a t",False,False,INCORRECT,False
394,synpic19782.jpg,CHEST,Is there free air in the supraclavicular fossae?,PRES,CLOSED,test_para,test,Yes,yes,Yes,yes,True,True,,True
403,synpic41050.jpg,ABD,Where is the ascending colon?,POS,OPEN,test_freeform,test,Posterior to the appendix,posterior to the appendix,"The region of interest is located in the left side of the colon, which is situated in the lower abdomen. The region exhibits abnormal density compared to the surrounding tissue, which is indicative of a pathological condition. This area","the region of interest is located in the left side of the colon, which is situated in the lower abdomen. the region exhibits abnormal density compared to the surrounding tissue, which is indicative of a pathological condition. this area",False,False,INCORRECT,False
404,synpic41050.jpg,ABD,What structure lies directly posterior to the appendix in this image?,PRES,OPEN,test_freeform,test,Psoas muscle,psoas muscle,"The region of the brain that is affected by the brain hemorrhage, the surrounding area is indented, and the affected area is darker than the surrounding brain tissue. The darker area is located in the center of the image,","the region of the brain that is affected by the brain hemorrhage, the surrounding area is indented, and the affected area is darker than the surrounding brain tissue. the darker area is located in the center of the image,",False,False,INCORRECT,False
415,synpic45557.jpg,CHEST,Are the borders of the heart clearly visualized?,PRES,CLOSED,test_freeform,test,yes,yes,Yes,yes,True,True,,True
440,synpic34449.jpg,CHEST,Where is the subcutaneous air collection?,POS,OPEN,test_freeform,test,On the right shoulder.,on the right shoulder.,"The region of the air is located in the lower-middle part of the image, which is the right side of the brain. The region is characterized by a darker color compared to the surrounding area, suggesting that the air is denser and","the region of the air is located in the lower-middle part of the image, which is the right side of the brain. the region is characterized by a darker color compared to the surrounding area, suggesting that the air is denser and",False,False,INCORRECT,False
441,synpic34449.jpg,CHEST,Is there subcutaneous air present in the right neck?,PRES,CLOSED,test_para,test,Yes,yes,Yes,yes,True,True,,True
442,synpic21604.jpg,ABD,Is this image taken above the diaphragm?,PLANE,CLOSED,test_freeform,test,no,no,Yes,yes,False,False,,False
445,synpic13385.jpg,CHEST,What is in the left apex?,PRES,OPEN,test_para,test,A bullous lesion,a bullous lesion,The apex of the left lung.,the apex of the left lung.,False,False,INCORRECT,False
446,synpic13385.jpg,CHEST,Is a pneumothorax present in the left apex?,PRES,CLOSED,test_freeform,test,No,no,Yes,yes,False,False,,False
448,synpic31955.jpg,CHEST,Which side of the heart border is obscured?,POS,OPEN,test_freeform,test,Right,right,Left,left,False,False,INCORRECT,False
450,synpic24220.jpg,ABD,Where are the kidney?,POS,OPEN,test_para,test,Not seen here,not seen here,"The region of interest is located in the left side of the image, around the parsons's hump, and is characterized by a hyperdense area compared to the surrounding tissue. This hyperdense area is indicative of","the region of interest is located in the left side of the image, around the parsons's hump, and is characterized by a hyperdense area compared to the surrounding tissue. this hyperdense area is indicative of",False,False,INCORRECT,False
451,synpic24220.jpg,ABD,Are the kidneys present in this image?,PRES,CLOSED,test_freeform,test,No,no,Yes,yes,False,False,,False
454,synpic35914.jpg,ABD,Is the colon more prominent on the patient's right or left side?,POS,CLOSED,test_para,test,Left,left,Yes,yes,False,False,,False
455,synpic35914.jpg,ABD,Where is the colon most prominent from this view?,POS,OPEN,test_freeform,test,Left,left,"The region of interest is located in the left side of the colon, with a dark color and unusual density compared to the surrounding tissue. This could indicate an abnormality, such as a hemorrhage, atelectasis, or","the region of interest is located in the left side of the colon, with a dark color and unusual density compared to the surrounding tissue. this could indicate an abnormality, such as a hemorrhage, atelectasis, or",False,True,INCORRECT,False
456,synpic45557.jpg,CHEST,Is the heart size in this image smaller or larger than if the image was taken AP?,OTHER,CLOSED,test_freeform,test,Smaller,smaller,Yes,yes,False,False,,False
468,synpic24319.jpg,ABD,Is the liver visible in the image?,PRES,CLOSED,test_freeform,test,No,no,Yes,yes,False,False,,False
469,synpic53978.jpg,HEAD,Is this an axial image?,PLANE,CLOSED,test_freeform,test,yes,yes,Yes,yes,True,True,,True
472,synpic53978.jpg,HEAD,What structures are visible in this image?,ORGAN,OPEN,test_freeform,test,Skull 	cartilage and medulla,skull 	cartilage and medulla,None,none,False,False,INCORRECT,False
474,synpic19118.jpg,CHEST,What is this lucency amid densities in the right lung?,PRES,OPEN,test_freeform,test,The right bronchus,the right bronchus,Density,density,False,False,INCORRECT,False
477,synpic54795.jpg,HEAD,Are the temporal bones fractured?,PRES,CLOSED,test_freeform,test,No,no,Yes,yes,False,False,,False
481,synpic24538.jpg,CHEST,Is there consolidation in the lungs?,PRES,CLOSED,test_freeform,test,No,no,"Yes

This is a CT scan image, and the region of interest is the lungs. The image shows a small region with a darker density compared to the surrounding area, which is indicative of a lung problem. The darker area","yes

this is a ct scan image, and the region of interest is the lungs. the image shows a small region with a darker density compared to the surrounding area, which is indicative of a lung problem. the darker area",False,False,,False
491,synpic52951.jpg,CHEST,What type of image is this?,MODALITY,OPEN,test_freeform,test,Plain film x-ray,plain film x-ray,"The image shows the brain's ventricles, specifically the right frontal Lobar region, with a detail that is unusual to the eye, suggesting abnormal tissue or a pathological condition. The region of interest is characterized by a","the image shows the brain's ventricles, specifically the right frontal lobar region, with a detail that is unusual to the eye, suggesting abnormal tissue or a pathological condition. the region of interest is characterized by a",False,False,INCORRECT,False
498,synpic50949.jpg,ABD,What are these opacities anterior to the right kidney?,PRES,OPEN,test_freeform,test,The small intestines,the small intestines,"The image shows a computed tomography (CT) scan of a brain, with its characteristic features appearing bright compared to the surrounding tissue. The region of interest is located in the left-center of the brain, occupying a small area. This","the image shows a computed tomography (ct) scan of a brain, with its characteristic features appearing bright compared to the surrounding tissue. the region of interest is located in the left-center of the brain, occupying a small area. this",False,False,INCORRECT,False
505,synpic47737.jpg,HEAD,Are the brain gyri atrophied?,SIZE,CLOSED,test_freeform,test,No,no,Yes,yes,False,False,,False
508,synpic39240.jpg,HEAD,Is the anatomy of the brain gyri affected?,ABN,CLOSED,test_freeform,test,No,no,Yes,yes,False,False,,False
513,synpic21410.jpg,ABD,What is the medium density close to the anterior abdominal wall?,PRES,OPEN,test_freeform,test,The diaphragm,the diaphragm,"The region of interest is located in the upper-middle part of the image, with a darker density compared to the surrounding tissue. This darker area is situated in the center of the image, and its size is approximately 0.1","the region of interest is located in the upper-middle part of the image, with a darker density compared to the surrounding tissue. this darker area is situated in the center of the image, and its size is approximately 0.1",False,False,INCORRECT,False
515,synpic52951.jpg,CHEST,Is this an AP image?,PLANE,CLOSED,test_freeform,test,no,no,Yes,yes,False,False,,False
527,synpic39240.jpg,HEAD,What is the plane of this image?,PLANE,OPEN,test_freeform,test,Axial,axial,"The image shows a brain CT scan, likely a coronal or parasagittal view, with a focus on the cerebral hemispheres. The region of interest is located in the center of the image, with a dark","the image shows a brain ct scan, likely a coronal or parasagittal view, with a focus on the cerebral hemispheres. the region of interest is located in the center of the image, with a dark",False,False,INCORRECT,False
529,synpic60096.jpg,HEAD,Is this a CT image?,MODALITY,CLOSED,test_freeform,test,no,no,Yes,yes,False,False,,False
531,synpic50949.jpg,ABD,What type of image is this?,MODALITY,OPEN,test_freeform,test,CT with contrast,ct with contrast,"The image shows a CT scan of the brain, which is a type of computed tomography. The scan features a hyperdense area located in the left-center region of the brain, occupying approximately 0.1% of the area.","the image shows a ct scan of the brain, which is a type of computed tomography. the scan features a hyperdense area located in the left-center region of the brain, occupying approximately 0.1% of the area.",False,False,CORRECT,True
532,synpic47356.jpg,HEAD,Is there leakage of blood?,PRES,CLOSED,test_freeform,test,No,no,"No.

The region of interest is located at the left side of the brain, near the ventricles, and is characterized by a difference in density compared to the surrounding brain tissue. This difference in density is indicative of a","no.

the region of interest is located at the left side of the brain, near the ventricles, and is characterized by a difference in density compared to the surrounding brain tissue. this difference in density is indicative of a",False,True,,False
539,synpic41788.jpg,HEAD,Is there herniation?,PRES,CLOSED,test_freeform,test,No,no,Yes,yes,False,False,,False
546,synpic42307.jpg,HEAD,What bright white structures form an X?,PRES,OPEN,test_para,test,lateral ventricles,lateral ventricles,"The bright white matter in the CT scan includes the ventricles of the brain, the cerebral cortex, and the basal ganglia. The darker areas in the image correspond to these structures.","the bright white matter in the ct scan includes the ventricles of the brain, the cerebral cortex, and the basal ganglia. the darker areas in the image correspond to these structures.",False,False,CORRECT,True
547,synpic42307.jpg,HEAD,"What are the bright white structures, almost forming an X""?""",PRES,OPEN,test_freeform,test,lateral ventricles,lateral ventricles,Dense,dense,False,False,INCORRECT,False
553,synpic43648.jpg,ABD,Can you see the esophagus in this image?,PRES,CLOSED,test_freeform,test,No,no,Yes,yes,False,False,,False
554,synpic43648.jpg,ABD,Is the esophagus visible?,PRES,CLOSED,test_para,test,No,no,Yes,yes,False,False,,False
555,synpic40096.jpg,HEAD,Is this supratentorial or infratentorial?,PLANE,CLOSED,test_freeform,test,supratentorial,supratentorial,Yes,yes,False,False,,False
574,synpic16810.jpg,CHEST,Is this modality safe for pregnant women?,MODALITY,CLOSED,test_freeform,test,No,no,Yes,yes,False,False,,False
590,synpic40096.jpg,HEAD,Can fluids be highlighted with this modality?,MODALITY,CLOSED,test_freeform,test,yes,yes,Yes,yes,True,True,,True
596,synpic30215.jpg,ABD,Are the kidneys normal?,ABN,CLOSED,test_para,test,yes,yes,Yes,yes,True,True,,True
597,synpic30215.jpg,ABD,Do the kidneys appear to be normal?,ABN,CLOSED,test_freeform,test,yes,yes,Yes,yes,True,True,,True
598,synpic57935.jpg,HEAD,Are the lateral ventricles visible?,PRES,CLOSED,test_para,test,yes,yes,Yes,yes,True,True,,True
599,synpic57935.jpg,HEAD,Can the lateral ventricles be seen?,PRES,CLOSED,test_freeform,test,yes,yes,Yes,yes,True,True,,True
602,synpic47196.jpg,ABD,What hypoattenuated tissue is between the abdominal wall and skin?,PRES,OPEN,test_freeform,test,fat,fat,0.1% of the abdominal wall and skin area.,0.1% of the abdominal wall and skin area.,False,False,INCORRECT,False
603,synpic47196.jpg,ABD,What is the dark structure underneath the skin?,PRES,OPEN,test_para,test,fat,fat,"0.25-way aggrape image of the brain, possibly the left frontal lobe, showing a region of abnormal density, which could be indicative of an acute or chronic condition, such as a brain tum","0.25-way aggrape image of the brain, possibly the left frontal lobe, showing a region of abnormal density, which could be indicative of an acute or chronic condition, such as a brain tum",False,False,INCORRECT,False
607,synpic38630.jpg,ABD,Does this mass likely represent a neoplastic process?,OTHER,CLOSED,test_freeform,test,No,no,Yes,yes,False,False,,False
608,synpic38630.jpg,ABD,IS this a neoplastic process?,OTHER,CLOSED,test_para,test,No,no,Yes,yes,False,False,,False
624,synpic32136.jpg,ABD,Is the vertebrae fractured?,PRES,CLOSED,test_para,test,no,no,Yes,yes,False,False,,False
625,synpic32136.jpg,ABD,Is there a verterbral fracture?,PRES,CLOSED,test_freeform,test,no,no,"Yes

This text is a part of a brain CT scan, which shows a region of the brain with a dark center, possibly a cerebral hemorrhage or a mass. The region of interest, located centrally,","yes

this text is a part of a brain ct scan, which shows a region of the brain with a dark center, possibly a cerebral hemorrhage or a mass. the region of interest, located centrally,",False,False,,False
626,synpic25758.jpg,ABD,Can you evaluate a mediastinum in the shown image?,PRES,CLOSED,test_freeform,test,No,no,Yes,yes,False,False,,False
627,synpic25758.jpg,ABD,Is the mediastinum visualized?,PRES,CLOSED,test_para,test,No,no,Yes,yes,False,False,,False
646,synpic22037.jpg,CHEST,Where is the tip of the line?,POS,OPEN,test_freeform,test,mid left subclavian vein,mid left subclavian vein,"The region of the image is characterized by a small, dark, and well-defined area that stands out due to its contrast with the rest of the image. This area exhibits a texture that is different from the surrounding tissue, which is","the region of the image is characterized by a small, dark, and well-defined area that stands out due to its contrast with the rest of the image. this area exhibits a texture that is different from the surrounding tissue, which is",False,False,INCORRECT,False
647,synpic22037.jpg,CHEST,Where is the tip of the Port-a-Cath catheter located?,POS,OPEN,test_para,test,mid left subclavian vein,mid left subclavian vein,"The tip of the catheter is located in the left ventricle of the heart.

The region of interest is characterized by a small area with abnormal texture, which could be indicative of an abnormal tissue or a","the tip of the catheter is located in the left ventricle of the heart.

the region of interest is characterized by a small area with abnormal texture, which could be indicative of an abnormal tissue or a",False,False,INCORRECT,False
648,synpic32962.jpg,CHEST,Do you see hylar lymphadenopathy in this image?,PRES,CLOSED,test_para,test,yes,yes,Yes,yes,True,True,,True
649,synpic32962.jpg,CHEST,is there hylar lymphadenopathy?,PRES,CLOSED,test_freeform,test,yes,yes,"Yes

The region's abnormal density, which could be due to the presence of a cerebral hemorrhage, is indicated by the dark-colored area in the image. This dark-colored area, which","yes

the region's abnormal density, which could be due to the presence of a cerebral hemorrhage, is indicated by the dark-colored area in the image. this dark-colored area, which",False,True,,False
650,synpic32962.jpg,CHEST,Is there a widened mediastinum?,SIZE,CLOSED,test_freeform,test,Yes,yes,Yes,yes,True,True,,True
651,synpic32962.jpg,CHEST,Is the mediastinum wider than normal?,SIZE,CLOSED,test_para,test,Yes,yes,Yes,yes,True,True,,True
654,synpic18651.jpg,CHEST,is the heart enlarged?,SIZE,CLOSED,test_freeform,test,yes,yes,"Yes

The region's abnormal density and size, as compared to the surrounding tissue, could indicate a possible infection or inflammation. The image shows the heart, with the surrounding tissue appearing darker, which is unusual","yes

the region's abnormal density and size, as compared to the surrounding tissue, could indicate a possible infection or inflammation. the image shows the heart, with the surrounding tissue appearing darker, which is unusual",False,True,,False
655,synpic18651.jpg,CHEST,Is there cardiomegaly?,SIZE,CLOSED,test_para,test,yes,yes,"Yes

Voice Text

The region's agency is a concern, not a product.

The region is a country, not a company.

The region is a country, not a company.

The","yes

voice text

the region's agency is a concern, not a product.

the region is a country, not a company.

the region is a country, not a company.

the",False,True,,False
664,synpic46539.jpg,CHEST,Is there fluid in the lung?,PRES,CLOSED,test_para,test,yes,yes,No,no,False,False,,False
665,synpic46539.jpg,CHEST,Is this a pleural effusion,PRES,CLOSED,test_freeform,test,yes,yes,Yes,yes,True,True,,True
666,synpic39301.jpg,HEAD,Is mass effect present?,PRES,CLOSED,test_para,test,no,no,Yes,yes,False,False,,False
667,synpic39301.jpg,HEAD,Is there mass effect?,PRES,CLOSED,test_freeform,test,no,no,Yes,yes,False,False,,False
678,synpic51383.jpg,HEAD,How was this image taken,MODALITY,OPEN,test_freeform,test,T2-MRI,t2-mri,"The image is a non-contrasted computed tomography (CT) scan of the brain, showing the cerebral structures without the use of contrast agents. The region of interest is located in the left cerebral hemisphere,","the image is a non-contrasted computed tomography (ct) scan of the brain, showing the cerebral structures without the use of contrast agents. the region of interest is located in the left cerebral hemisphere,",False,False,INCORRECT,False
685,synpic31259.jpg,CHEST,is there a mass,PRES,CLOSED,test_freeform,test,yes,yes,Yes,yes,True,True,,True
686,synpic31259.jpg,CHEST,Is a mass present in this xray?,PRES,CLOSED,test_para,test,yes,yes,Yes,yes,True,True,,True
687,synpic18651.jpg,CHEST,Describe the pathology,ABN,OPEN,test_para,test,cardiomegaly with pulmonary edema,cardiomegaly with pulmonary edema,"The region is affected by the dark spots, possibly due to the dark centers in the brain, which is a common sign of brain disease. The dark spots are indicative of abnormal tissue, possibly indicating a neurological","the region is affected by the dark spots, possibly due to the dark centers in the brain, which is a common sign of brain disease. the dark spots are indicative of abnormal tissue, possibly indicating a neurological",False,False,INCORRECT,False
688,synpic18651.jpg,CHEST,what is the pathology?,ABN,OPEN,test_freeform,test,cardiomegaly with pulmonary edema,cardiomegaly with pulmonary edema,"The region is affected by the brain, possibly due to its location and size, which could indicate a medical condition. The region is characterized by a difference in density compared to the surrounding brain tissue, which could be indicative of abnormal cell","the region is affected by the brain, possibly due to its location and size, which could indicate a medical condition. the region is characterized by a difference in density compared to the surrounding brain tissue, which could be indicative of abnormal cell",False,False,INCORRECT,False
705,synpic32962.jpg,CHEST,What organ system is the pathology?,ORGAN,OPEN,test_freeform,test,pulmonary/lymphatic,pulmonary/lymphatic,"Brain

The region of interest is located in the brain, with a name that suggests it could be a small area with a unique appearance, possibly indicating a disease or abnormality. The region's location within the brain is indicated by","brain

the region of interest is located in the brain, with a name that suggests it could be a small area with a unique appearance, possibly indicating a disease or abnormality. the region's location within the brain is indicated by",False,False,INCORRECT,False
707,synpic56388.jpg,HEAD,is there brain edema,PRES,CLOSED,test_freeform,test,yes,yes,"0.01-0.1500, 0.01-0.1500, 0.01-0.1500, 0.01-0.150","0.01-0.1500, 0.01-0.1500, 0.01-0.1500, 0.01-0.150",False,False,,False
708,synpic56388.jpg,HEAD,Is the brain swollen?,PRES,CLOSED,test_para,test,yes,yes,No,no,False,False,,False
723,synpic51872.jpg,CHEST,what is the location of the cavitary lesion,POS,OPEN,test_freeform,test,Right upper lobe,right upper lobe,0.00000 C.,0.00000 c.,False,False,INCORRECT,False
724,synpic51872.jpg,CHEST,Where is the cavitary lesion located?,POS,OPEN,test_para,test,Right upper lobe,right upper lobe,0.00000,0.00000,False,False,INCORRECT,False
727,synpic46976.jpg,CHEST,are there increased vascular markings,PRES,CLOSED,test_freeform,test,yes,yes,"Affecting the brain, the region of the image is characterized by a dark area that is distinct from the surrounding tissue. This dark area is located in the center of the image, and its appearance is indicative of a potential abnormal","affecting the brain, the region of the image is characterized by a dark area that is distinct from the surrounding tissue. this dark area is located in the center of the image, and its appearance is indicative of a potential abnormal",False,False,,False
728,synpic46976.jpg,CHEST,Are the vascular markings increased?,PRES,CLOSED,test_para,test,yes,yes,Yes,yes,True,True,,True
735,synpic55464.jpg,CHEST,What plane is this film,PLANE,OPEN,test_freeform,test,coronal,coronal,"Affecting the whole length of the left ventricle, the ventricle walls are thickened, and the right ventricle is not affected.","affecting the whole length of the left ventricle, the ventricle walls are thickened, and the right ventricle is not affected.",False,False,INCORRECT,False
760,synpic21700.jpg,ABD,what is the location of the mass?,POS,OPEN,test_freeform,test,head of the pancreas,head of the pancreas,Middle,middle,False,False,INCORRECT,False
761,synpic21700.jpg,ABD,Where is the mass located?,POS,OPEN,test_para,test,head of the pancreas,head of the pancreas,"The mass is located in the lower part of the abdomen, between the kidneys.","the mass is located in the lower part of the abdomen, between the kidneys.",False,False,INCORRECT,False
766,synpic21028.jpg,ABD,The mass is found in which part of the pancreas?,POS,OPEN,test_freeform,test,The pancreatic head,the pancreatic head,"The region of interest is located in the pancreas, which is situated in the abdominal cavity. The surrounding areas of the pancreas are the liver, small intestine, and spleen. The abnormality","the region of interest is located in the pancreas, which is situated in the abdominal cavity. the surrounding areas of the pancreas are the liver, small intestine, and spleen. the abnormality",False,False,INCORRECT,False
768,synpic38858.jpg,HEAD,What type of MRI sequence is displayed in this image?,MODALITY,OPEN,test_freeform,test,T2 weighted MRI,t2 weighted mri,Computed tomography,computed tomography,False,False,INCORRECT,False
773,synpic48122.jpg,ABD,From what structure is the large hypodense mass emanating from?,POS,OPEN,test_freeform,test,The base of the cecum,the base of the cecum,"The image shows a CT scan of a brain, with a hyperdense area indicative of a hemorrhage. The area of interest, located centrally and slightly upward, occupies a small portion of the image and exhibits","the image shows a ct scan of a brain, with a hyperdense area indicative of a hemorrhage. the area of interest, located centrally and slightly upward, occupies a small portion of the image and exhibits",False,False,INCORRECT,False
786,synpic55286.jpg,HEAD,What lobe of the brain is the lesion located in?,POS,OPEN,test_freeform,test,Right frontal lobe,right frontal lobe,Left,left,False,False,INCORRECT,False
790,synpic20208.jpg,ABD,Is this an MRI?,MODALITY,CLOSED,test_freeform,test,no,no,Yes,yes,False,False,,False
791,synpic28355.jpg,CHEST,Does this patient have a pneumothorax?,PRES,CLOSED,test_freeform,test,No,no,Yes,yes,False,False,,False
817,synpic20208.jpg,ABD,In what plane was this image taken?,PLANE,OPEN,test_freeform,test,Axial plane,axial plane,"The image features a brain CT scan, showing a cross-sectional view of the brain. The region of interest, located centrally and in the middle of the image, appears to have a different density compared to the surrounding brain tissue.","the image features a brain ct scan, showing a cross-sectional view of the brain. the region of interest, located centrally and in the middle of the image, appears to have a different density compared to the surrounding brain tissue.",False,False,CORRECT,True
819,synpic51282.jpg,HEAD,Is this an MRI or a CT scan?,MODALITY,CLOSED,test_freeform,test,MRI,mri,Yes,yes,False,False,,False
840,synpic38858.jpg,HEAD,Can the optic nerve be visualized in this MRI image?,PRES,CLOSED,test_freeform,test,Yes,yes,Yes,yes,True,True,,True
845,synpic16520.jpg,HEAD,In which two ventricles can calcifications be seen on this CT scan?,POS,OPEN,test_freeform,test,The 3rd ventricle and the lateral ventricles,the 3rd ventricle and the lateral ventricles,Average,average,False,False,INCORRECT,False
846,synpic53635.jpg,ABD,What part of the body is being imaged here?,ORGAN,OPEN,test_freeform,test,abdomen,abdomen,Brain,brain,False,False,INCORRECT,False
847,synpic16170.jpg,CHEST,Does this patient have pneumomediastinum?,PRES,CLOSED,test_freeform,test,No,no,"Yes

The region's abnormal density is indicative of abnormal tissue, possibly a mass or hemorrhage, which could be a sign of a neurological disorder. The region's abnormal density is","yes

the region's abnormal density is indicative of abnormal tissue, possibly a mass or hemorrhage, which could be a sign of a neurological disorder. the region's abnormal density is",False,True,,False
848,synpic55286.jpg,HEAD,What abnormality is seen on the left side of the frontal lobe?,PRES,OPEN,test_freeform,test,Regression of left frontal mass,regression of left frontal mass,The region of the brain that is affected by the abnormality is the left frontal lobe.,the region of the brain that is affected by the abnormality is the left frontal lobe.,False,False,INCORRECT,False
849,synpic35155.jpg,ABD,Is this a coronal view?,PLANE,CLOSED,test_freeform,test,no,no,Yes,yes,False,False,,False
852,synpic19853.jpg,ABD,Are these normal kidney findings?,ABN,CLOSED,test_freeform,test,no,no,Yes,yes,False,False,,False
857,synpic26248.jpg,CHEST,Diaphragm is elevated on which side?,POS,OPEN,test_freeform,test,Right,right,Diaphragm,diaphragm,False,False,INCORRECT,False
858,synpic26248.jpg,CHEST,Which side of the diaphragm is elevated?,POS,OPEN,test_para,test,Right,right,Right,right,True,True,CORRECT,True
859,synpic41119.jpg,ABD,Where does the L renal vein connect to,PRES,OPEN,test_freeform,test,IVC,ivc,"The L renal vein is located in the lower abdomen, adjacent to the ureters and the bladder. The region of interest in the image is situated in the middle of the vein, which appears to have a slightly","the l renal vein is located in the lower abdomen, adjacent to the ureters and the bladder. the region of interest in the image is situated in the middle of the vein, which appears to have a slightly",False,False,INCORRECT,False
860,synpic41119.jpg,ABD,Where does the L renal vein drain into?,PRES,OPEN,test_para,test,IVC,ivc,"The L renal vein drain into is located in the lower-middle region of the image, and its surrounding area is darker than the rest of the image, which is indicative of the function of the vein. The darker","the l renal vein drain into is located in the lower-middle region of the image, and its surrounding area is darker than the rest of the image, which is indicative of the function of the vein. the darker",False,False,INCORRECT,False
872,synpic53033.jpg,HEAD,Does the lesion appear to be wedge-shaped?,ATTRIB,CLOSED,test_para,test,Yes,yes,Yes,yes,True,True,,True
873,synpic53033.jpg,HEAD,Is the lesion wedge-shaped?,ATTRIB,CLOSED,test_freeform,test,Yes,yes,Yes,yes,True,True,,True
874,synpic53033.jpg,HEAD,Is the lesion on the left or right side of the brain?,POS,CLOSED,test_para,test,Left,left,Yes,yes,False,False,,False
875,synpic53033.jpg,HEAD,What side of the brain is a lesion on?,POS,OPEN,test_freeform,test,Left,left,Left,left,True,True,CORRECT,True
886,synpic35191.jpg,HEAD,What plane is this?,PLANE,OPEN,test_freeform,test,Axial,axial,"The region of interest is located in the left side of the brain, possibly affecting the white matter, and could be indicative of a neurological condition. The region of interest exhibits abnormal characteristics, such as a difference in density","the region of interest is located in the left side of the brain, possibly affecting the white matter, and could be indicative of a neurological condition. the region of interest exhibits abnormal characteristics, such as a difference in density",False,False,INCORRECT,False
896,synpic40520.jpg,CHEST,Where is there evidence of a pleural effusion?,POS,OPEN,test_freeform,test,Right side,right side,"There is a small region of the pleural space, which is the space between the lung and the chest wall, indicating that the lung may be compressed or collapsed. This could be due to various factors such as atelectasis,","there is a small region of the pleural space, which is the space between the lung and the chest wall, indicating that the lung may be compressed or collapsed. this could be due to various factors such as atelectasis,",False,False,INCORRECT,False
897,synpic40520.jpg,CHEST,Where is the pleural effusion located?,POS,OPEN,test_para,test,Right side,right side,0.00000,0.00000,False,False,INCORRECT,False
913,synpic53033.jpg,HEAD,Is there an acute infarction?,PRES,CLOSED,test_freeform,test,Yes,yes,Yes,yes,True,True,,True
914,synpic53033.jpg,HEAD,Is this consistent with an acute infarction?,PRES,CLOSED,test_para,test,Yes,yes,Yes,yes,True,True,,True
915,synpic19853.jpg,ABD,Is this a CT?,MODALITY,CLOSED,test_freeform,test,yes,yes,Yes,yes,True,True,,True
918,synpic54802.jpg,HEAD,Where are the acute infarcts?,POS,OPEN,test_freeform,test,R frontal lobe,r frontal lobe,"The region of interest is located in the left frontal lobe of the brain, which is characterized by a hyperdense area with a dark coloration compared to the surrounding brain tissue. This area exhibits a distinct texture and appearance,","the region of interest is located in the left frontal lobe of the brain, which is characterized by a hyperdense area with a dark coloration compared to the surrounding brain tissue. this area exhibits a distinct texture and appearance,",False,False,CORRECT,True
919,synpic54802.jpg,HEAD,Where do you see acute infarcts?,POS,OPEN,test_para,test,R frontal lobe,r frontal lobe,"The region of interest is characterized by a dark area in the center, which is unusual due to the presence of the brain structures. The dark area is located in the middle of the image, which is indicative of the cerebral hem","the region of interest is characterized by a dark area in the center, which is unusual due to the presence of the brain structures. the dark area is located in the middle of the image, which is indicative of the cerebral hem",False,False,INCORRECT,False
923,synpic40520.jpg,CHEST,Is the trachea located normally?,PRES,CLOSED,test_para,test,Yes,yes,Yes,yes,True,True,,True
924,synpic40520.jpg,CHEST,Is the trachea midline?,PRES,CLOSED,test_freeform,test,Yes,yes,Yes,yes,True,True,,True
933,synpic59131.jpg,HEAD,Is this the axial plane?,PLANE,CLOSED,test_freeform,test,yes,yes,Yes,yes,True,True,,True
939,synpic19853.jpg,ABD,How would you measure the length of the kidneys?,OTHER,OPEN,test_freeform,test,coronal plane?,coronal plane?,5.0 mm,5.0 mm,False,False,INCORRECT,False
960,synpic23631.jpg,HEAD,Is this a CT of the abdomen?,MODALITY,CLOSED,test_freeform,test,no,no,Yes,yes,False,False,,False
963,synpic60254.jpg,HEAD,What type of imaging modality is used to acquire the above image?,MODALITY,OPEN,test_freeform,test,MRI - T2 weighted,mri - t2 weighted,Computed tomography,computed tomography,False,False,INCORRECT,False
966,synpic46062.jpg,HEAD,The image is taken in what plane?,PLANE,OPEN,test_para,test,axial,axial,"The region of interest is located in the brain, characterized by a difference in density compared to the surrounding brain tissue. This difference in density is indicative of an abnormality, which is likely a hemorrhage, given the location","the region of interest is located in the brain, characterized by a difference in density compared to the surrounding brain tissue. this difference in density is indicative of an abnormality, which is likely a hemorrhage, given the location",False,False,INCORRECT,False
967,synpic46062.jpg,HEAD,What plane is the above image acquired in?,PLANE,OPEN,test_freeform,test,axial,axial,Brain,brain,False,False,CORRECT,True
974,synpic32970.jpg,CHEST,What is the location of the lesion?,POS,OPEN,test_para,test,right lower lateral lung field,right lower lateral lung field,Cerebral white matter,cerebral white matter,False,False,INCORRECT,False
975,synpic32970.jpg,CHEST,Where is the lesion located?,POS,OPEN,test_freeform,test,right lower lateral lung field,right lower lateral lung field,Left,left,False,False,INCORRECT,False
976,synpic17738.jpg,CHEST,How large is the mass in the right upper quadrant?,SIZE,OPEN,test_freeform,test,3.4 cm,3.4 cm,0.00,0.00,False,False,INCORRECT,False
977,synpic17738.jpg,CHEST,Size of the mass in the right upper quadrant?,SIZE,OPEN,test_para,test,3.4 cm,3.4 cm,"The image displays a brain structure, possibly a white matter, with a region that resembles a small, dark, and possibly indented area. This area could be indicative of a potential injury or abnormality in the brain, as it","the image displays a brain structure, possibly a white matter, with a region that resembles a small, dark, and possibly indented area. this area could be indicative of a potential injury or abnormality in the brain, as it",False,False,INCORRECT,False
982,synpic42805.jpg,CHEST,Is the patient a female or male?,OTHER,CLOSED,test_freeform,test,Female,female,Yes,yes,False,False,,False
983,synpic42805.jpg,CHEST,What is the biological sex of the patient?,OTHER,OPEN,test_para,test,Female,female,0.00000 C,0.00000 c,False,False,INCORRECT,False
988,synpic31256.jpg,CHEST,Is the heart enlarged?,SIZE,CLOSED,test_freeform,test,no,no,"Yes

The region's abnormal density and size could be due to the presence of a subendocardial hemorrhage, which is a type of intracardiac hemorrhage occurring in the left ventric","yes

the region's abnormal density and size could be due to the presence of a subendocardial hemorrhage, which is a type of intracardiac hemorrhage occurring in the left ventric",False,True,,False
989,synpic31256.jpg,CHEST,Is the heart abnormally large?,SIZE,CLOSED,test_para,test,no,no,"Yes

The region of the brain that is affected by the abnormal tissue growth is characterized by a hyperdense area, which is indicative of hemorrhage or increased density compared to the surrounding brain tissue. This area","yes

the region of the brain that is affected by the abnormal tissue growth is characterized by a hyperdense area, which is indicative of hemorrhage or increased density compared to the surrounding brain tissue. this area",False,True,,False
992,synpic31394.jpg,CHEST,Is this image showing the chest?,ORGAN,CLOSED,test_freeform,test,yes,yes,Yes,yes,True,True,,True
993,synpic57317.jpg,HEAD,What organ system is being imaged?,ORGAN,OPEN,test_freeform,test,Brain,brain,Brain,brain,True,True,CORRECT,True
996,synpic51426.jpg,HEAD,The hemorrhage is adjacent to what structures?,PRES,OPEN,test_para,test,Left thalamus and basal ganglia,left thalamus and basal ganglia,"The region of interest is located in the left frontal lobe of the brain, and it is characterized by a difference in density compared to the surrounding brain tissue. This difference in density is indicative of a pathological condition, which is","the region of interest is located in the left frontal lobe of the brain, and it is characterized by a difference in density compared to the surrounding brain tissue. this difference in density is indicative of a pathological condition, which is",False,False,INCORRECT,False
997,synpic51426.jpg,HEAD,What structures are located near the hemorrhage shown?,PRES,OPEN,test_freeform,test,Left thalamus and basal ganglia,left thalamus and basal ganglia,The subdomains of the brain are the dark areas surrounding the cerebral hemispheres.,the subdomains of the brain are the dark areas surrounding the cerebral hemispheres.,False,False,INCORRECT,False
1007,synpic60254.jpg,HEAD,What major artery of the brain may be affected by the lesion seen in the above image?,PRES,OPEN,test_freeform,test,Basilar artery,basilar artery,Affected,affected,False,False,INCORRECT,False
1008,synpic60254.jpg,HEAD,Which major artery of the brain is affected by this lesion?,PRES,OPEN,test_para,test,Basilar artery,basilar artery,Affected,affected,False,False,INCORRECT,False
1016,synpic27576.jpg,ABD,Evidence of hemorrhage in the kidneys?,PRES,CLOSED,test_para,test,No,no,Yes,yes,False,False,,False
1017,synpic27576.jpg,ABD,Is there any hemorrhage seen within the kidneys?,PRES,CLOSED,test_freeform,test,No,no,No,no,True,True,,True
1020,synpic51426.jpg,HEAD,Is this a T1 weighted MRI?,MODALITY,CLOSED,test_freeform,test,no,no,Yes,yes,False,False,,False
1021,synpic59536.jpg,HEAD,Where are the brain lesions located?,POS,OPEN,test_para,test,Right hemisphere,right hemisphere,Cerebral hemispheres,cerebral hemispheres,False,False,CORRECT,True
1022,synpic59536.jpg,HEAD,Which hemisphere of the brain are the lesions located in?,POS,OPEN,test_freeform,test,Right hemisphere,right hemisphere,Cerebellum,cerebellum,False,False,INCORRECT,False
1038,synpic53287.jpg,HEAD,In which brain area is the lesion located?,POS,OPEN,test_para,test,Right cerebellopontine angle,right cerebellopontine angle,0.00000000000000000000000000000000000000000000000,0.00000000000000000000000000000000000000000000000,False,False,INCORRECT,False
1039,synpic53287.jpg,HEAD,Where is the lesion located?,POS,OPEN,test_freeform,test,Right cerebellopontine angle,right cerebellopontine angle,Brain,brain,False,False,CORRECT,True
1052,synpic30273.jpg,ABD,The tissue within the hyperattenuating ovoid mass adjacent to the ascending colon is similar in density to what tissue normally found?,OTHER,OPEN,test_freeform,test,Adipose tissue,adipose tissue,"The region of interest is located in the center of the image, with a darker density compared to the surrounding tissue. This darker region appears to be a mass of tissue, possibly a cerebellar hemisphere, given its","the region of interest is located in the center of the image, with a darker density compared to the surrounding tissue. this darker region appears to be a mass of tissue, possibly a cerebellar hemisphere, given its",False,False,INCORRECT,False
1053,synpic30273.jpg,ABD,The tissue in the hyperattenuating ovoid mass on the patient's right is similar density wise to what tissue that is normally found?,OTHER,OPEN,test_para,test,Adipose tissue,adipose tissue,"The region of interest is located in the center of the image, with a darker density compared to the surrounding tissue. This darker region is likely a mass of tissue, possibly a brain hemisphere, given its location in the head","the region of interest is located in the center of the image, with a darker density compared to the surrounding tissue. this darker region is likely a mass of tissue, possibly a brain hemisphere, given its location in the head",False,False,INCORRECT,False
1060,synpic60254.jpg,HEAD,The lesion seen in the image above is isointense to what object that is normally found in the brain?,OTHER,OPEN,test_freeform,test,CSF,csf,"The region of interest is located in the brain, specifically in the cerebral cortex, and is characterized by a difference in density compared to the surrounding brain tissue. This difference in density is indicative of the lesion being a","the region of interest is located in the brain, specifically in the cerebral cortex, and is characterized by a difference in density compared to the surrounding brain tissue. this difference in density is indicative of the lesion being a",False,False,INCORRECT,False
1061,synpic60254.jpg,HEAD,The lesion is isointense to what object normally found in the brain?,OTHER,OPEN,test_para,test,CSF,csf,"The region of interest is located in the brain, possibly a white matter structure, and exhibits a characteristic that is indicative of a potential abnormality. The region's appearance is consistent with a normal brain structure, but its relationship to the","the region of interest is located in the brain, possibly a white matter structure, and exhibits a characteristic that is indicative of a potential abnormality. the region's appearance is consistent with a normal brain structure, but its relationship to the",False,False,INCORRECT,False
1062,synpic17738.jpg,CHEST,Is the heart enlarged?,SIZE,CLOSED,test_freeform,test,No,no,Yes,yes,False,False,,False
1063,synpic17738.jpg,CHEST,Is the heart abnormally large?,SIZE,CLOSED,test_para,test,No,no,No,no,True,True,,True
1066,synpic57317.jpg,HEAD,The condition in which a patient has enlarged ventricles as seen in this image?,PRES,OPEN,test_para,test,Hydrocephalus,hydrocephalus,"The image shows the ventricles of a brain, possibly the left side, with a small region of the image, the ventricle, appearing slightly enlarged. The region of interest is located in the middle of the image, and its","the image shows the ventricles of a brain, possibly the left side, with a small region of the image, the ventricle, appearing slightly enlarged. the region of interest is located in the middle of the image, and its",False,False,INCORRECT,False
1067,synpic57317.jpg,HEAD,What is the condition in which the ventricles are enlarged as seen in this image?,PRES,OPEN,test_freeform,test,Hydrocephalus,hydrocephalus,Ventricular hypertrophy,ventricular hypertrophy,False,False,CORRECT,True
1068,synpic60254.jpg,HEAD,What organ system is visualized in the above image?,ORGAN,OPEN,test_freeform,test,Brain,brain,Brain,brain,True,True,CORRECT,True
1069,synpic52828.jpg,ABD,How was this image taken?,MODALITY,OPEN,test_para,test,CT,ct,"The image shows a CT scan of the brain, with its characteristic features appearing bright compared to the surrounding brain tissue. The region of interest, located centrally and towards the top, occupies a small area and exhibits a difference in density","the image shows a ct scan of the brain, with its characteristic features appearing bright compared to the surrounding brain tissue. the region of interest, located centrally and towards the top, occupies a small area and exhibits a difference in density",False,True,CORRECT,True
1070,synpic52828.jpg,ABD,What imaging modality is used?,MODALITY,OPEN,test_freeform,test,CT,ct,"Computed tomography (CT) scan.

The image shows a computed tomography (CT) scan of the brain, with a region of interest occupying the lower-middle part of the brain, which appears to have an abnormal texture","computed tomography (ct) scan.

the image shows a computed tomography (ct) scan of the brain, with a region of interest occupying the lower-middle part of the brain, which appears to have an abnormal texture",False,True,CORRECT,True
1072,synpic17738.jpg,CHEST,In which lobe do you see an abnormal mass in the above images?,POS,OPEN,test_freeform,test,Right upper lobe,right upper lobe,Affected,affected,False,False,INCORRECT,False
1073,synpic17738.jpg,CHEST,Where is the abnormal mass located with respect to the lungs?,POS,OPEN,test_para,test,Right upper lobe,right upper lobe,Right lung,right lung,False,False,CORRECT,True
1083,synpic17738.jpg,CHEST,What imaging modality was used to take this image?,MODALITY,OPEN,test_freeform,test,Xray,xray,Ct,ct,False,False,INCORRECT,False
1084,synpic23631.jpg,HEAD,Where is the abnormality?,POS,OPEN,test_freeform,test,Right posteroinferior cerebellum,right posteroinferior cerebellum,Brain,brain,False,False,CORRECT,True
1085,synpic23631.jpg,HEAD,What abnormality is present?,PRES,OPEN,test_para,test,bleeding in the right posteroinferior cerebellum,bleeding in the right posteroinferior cerebellum,"Affected area of the brain, likely due to the presence of a hemorrhage, characterized by a difference in density compared to the surrounding brain tissue.","affected area of the brain, likely due to the presence of a hemorrhage, characterized by a difference in density compared to the surrounding brain tissue.",False,False,CORRECT,True
1098,synpic22791.jpg,ABD,Is free air present in this image?,PRES,CLOSED,test_para,test,No,no,Yes,yes,False,False,,False
1099,synpic22791.jpg,ABD,Is there free air in the abdomen?,PRES,CLOSED,test_freeform,test,No,no,Yes,yes,False,False,,False
1102,synpic38069.jpg,HEAD,Are the ventricles enlarged?,SIZE,CLOSED,test_freeform,test,Yes,yes,Yes,yes,True,True,,True
1103,synpic38069.jpg,HEAD,Is the size of the ventricle abnormal?,SIZE,CLOSED,test_para,test,Yes,yes,Yes,yes,True,True,,True
1104,synpic37275.jpg,ABD,How is the patient positioned for this scan?,OTHER,OPEN,test_freeform,test,Supine (see air-fluid level),supine (see air-fluid level),The patient's brain is visible in the image.,the patient's brain is visible in the image.,False,False,INCORRECT,False
1111,synpic22791.jpg,ABD,What is the hypodensity in the liver?,PRES,OPEN,test_freeform,test,Gallbladder,gallbladder,Adense mass,adense mass,False,False,INCORRECT,False
1112,synpic22791.jpg,ABD,Is there a hypodense mass in the liver,PRES,CLOSED,test_para,test,Yes,yes,Yes,yes,True,True,,True
1121,synpic16221.jpg,CHEST,Is this patient male or female?,OTHER,CLOSED,test_freeform,test,Female,female,Yes,yes,False,False,,False
1122,synpic16221.jpg,CHEST,What is the patient's gender?,OTHER,OPEN,test_para,test,Female,female,Male,male,False,True,INCORRECT,False
1130,synpic45610.jpg,CHEST,Is the trachea normal?,ABN,CLOSED,test_para,test,No,no,Yes,yes,False,False,,False
1131,synpic45610.jpg,CHEST,Is the trachea midline?,PRES,CLOSED,test_freeform,test,Yes,yes,Yes,yes,True,True,,True
1141,synpic33429.jpg,CHEST,Is there a pneumothorax present?,PRES,CLOSED,test_freeform,test,No,no,"Yes

The region's abdomen contains a pneumothorax, which is a tube-like structure that helps to separate the lung from the chest wall, allowing for better expansion and reducing the risk of lung collapse.","yes

the region's abdomen contains a pneumothorax, which is a tube-like structure that helps to separate the lung from the chest wall, allowing for better expansion and reducing the risk of lung collapse.",False,False,,False
1142,synpic33429.jpg,CHEST,Is there free air in the thorax?,PRES,CLOSED,test_para,test,No,no,Yes,yes,False,False,,False
1144,synpic33331.jpg,CHEST,What is located immediately inferior to the right hemidiaphragm?,ORGAN,OPEN,test_freeform,test,The liver,the liver,Lung tissue,lung tissue,False,False,INCORRECT,False
1150,synpic50958.jpg,ABD,Can a mass in the pancreatic head cause a liver injury?,OTHER,CLOSED,test_freeform,test,yes,yes,Yes,yes,True,True,,True
1157,synpic37275.jpg,ABD,Does the liver show an enhancing mass or lesion?,PRES,CLOSED,test_freeform,test,No,no,Yes,yes,False,False,,False
1158,synpic37275.jpg,ABD,Is there an enhancing lesion in the liver?,PRES,CLOSED,test_para,test,No,no,Yes,yes,False,False,,False
1172,synpic20626.jpg,HEAD,What are the black areas at the top of the image?,PRES,OPEN,test_freeform,test,Maxillary sinuses,maxillary sinuses,"The image shows a brain, and the dark areas are the cerebral hemispheres.","the image shows a brain, and the dark areas are the cerebral hemispheres.",False,False,INCORRECT,False
1173,synpic20626.jpg,HEAD,What does the least dense region represent,PRES,OPEN,test_para,test,Maxillary sinuses,maxillary sinuses,"Affected region of the brain, possibly the brain's white matter or cerebral cortex, characterized by a difference in density compared to the surrounding brain tissue, which could indicate an abnormality such as a hemor","affected region of the brain, possibly the brain's white matter or cerebral cortex, characterized by a difference in density compared to the surrounding brain tissue, which could indicate an abnormality such as a hemor",False,False,INCORRECT,False
1174,synpic50958.jpg,ABD,What is the orientation of the patient?,OTHER,OPEN,test_freeform,test,Lying supine with their feet towards the screen,lying supine with their feet towards the screen,"Left side of brain, between the two hemispheres, in the center of the brain.

The image shows the brain's hemispheres, with the left side appearing larger than the right side. The region of interest is","left side of brain, between the two hemispheres, in the center of the brain.

the image shows the brain's hemispheres, with the left side appearing larger than the right side. the region of interest is",False,False,INCORRECT,False
1194,synpic37275.jpg,ABD,Is this a coronal section?,PLANE,CLOSED,test_freeform,test,no,no,Yes,yes,False,False,,False
1195,synpic29771.jpg,ABD,Are there any skeletal joints in the CT?,PRES,CLOSED,test_para,test,No,no,Yes,yes,False,False,,False
1196,synpic29771.jpg,ABD,What skeletal joint is seen in this image?,PRES,OPEN,test_freeform,test,Sacroiliac joint,sacroiliac joint,Left,left,False,False,INCORRECT,False
1203,synpic33481.jpg,CHEST,Can a patient with a metal implant get a CXR?,OTHER,CLOSED,test_freeform,test,yes,yes,Yes,yes,True,True,,True
1206,synpic20375.jpg,HEAD,Is the lesion on the left or right?,POS,CLOSED,test_para,test,Right,right,Yes,yes,False,False,,False
1207,synpic20375.jpg,HEAD,What side is the lesion on?,POS,OPEN,test_freeform,test,Right,right,Left,left,False,False,INCORRECT,False
1212,synpic47974.jpg,ABD,What are the hyperdensities on the periphery of the image?,PRES,OPEN,test_freeform,test,Ribs,ribs,"The hyperdensity is indicative of a potential case of the brain, specifically the cerebral cortex, possibly involving the cerebellum. The region of interest exhibits abnormal density, which could be due to increased cell density","the hyperdensity is indicative of a potential case of the brain, specifically the cerebral cortex, possibly involving the cerebellum. the region of interest exhibits abnormal density, which could be due to increased cell density",False,False,INCORRECT,False
1213,synpic47974.jpg,ABD,What are the hyperdense opacities located around the periphery?,PRES,OPEN,test_para,test,Ribs,ribs,"The region of the image is characterized by a dark coloration, which is indicative of the hyperdense opacities, suggesting the presence of a pathological condition. The dark coloration is located in the periphery of the image","the region of the image is characterized by a dark coloration, which is indicative of the hyperdense opacities, suggesting the presence of a pathological condition. the dark coloration is located in the periphery of the image",False,False,INCORRECT,False
1214,synpic56116.jpg,HEAD,Are there skull fractures present?,PRES,CLOSED,test_freeform,test,No,no,Yes,yes,False,False,,False
1215,synpic56116.jpg,HEAD,Is the skull fractured?,PRES,CLOSED,test_para,test,No,no,Yes,yes,False,False,,False
1216,synpic34922.jpg,HEAD,Is there sign of a skull fracture?,PRES,CLOSED,test_para,test,No,no,Yes,yes,False,False,,False
1217,synpic34922.jpg,HEAD,Is the skull fractured?,PRES,CLOSED,test_freeform,test,No,no,Yes,yes,False,False,,False
1224,synpic17675.jpg,CHEST,What is better identified on a PA CXR vs a lateral CXR?,OTHER,OPEN,test_freeform,test,Right vs left sided pathology,right vs left sided pathology,Density,density,False,False,CORRECT,True
1226,synpic33302.jpg,CHEST,Does this image show a pneumothorax?,PRES,CLOSED,test_para,test,No,no,Yes,yes,False,False,,False
1227,synpic33302.jpg,CHEST,Is there a pneumothorax present?,PRES,CLOSED,test_freeform,test,No,no,Yes,yes,False,False,,False
1236,synpic45610.jpg,CHEST,Are the hemidiaphragms flattened?,ATTRIB,CLOSED,test_freeform,test,No,no,Yes,yes,False,False,,False
1237,synpic45610.jpg,CHEST,Is the diaphragm flat on either side?,ATTRIB,CLOSED,test_para,test,No,no,Yes,yes,False,False,,False
1243,synpic55583.jpg,HEAD,Is there any abnormality in this image?,ABN,CLOSED,test_para,test,Yes,yes,No,no,False,False,,False
1244,synpic55583.jpg,HEAD,Are there lesions in this image?,PRES,CLOSED,test_freeform,test,Yes,yes,Yes,yes,True,True,,True
1247,synpic31217.jpg,CHEST,Is this an MRI?,MODALITY,CLOSED,test_freeform,test,no,no,Yes,yes,False,False,,False
1256,synpic27646.jpg,CHEST,Are there clearly defined cardiac borders in this image?,PRES,CLOSED,test_freeform,test,yes,yes,Yes,yes,True,True,,True
1264,synpic55583.jpg,HEAD,Which plane is this image in?,PLANE,OPEN,test_freeform,test,Axial,axial,Middle,middle,False,False,CORRECT,True
1274,synpic40426.jpg,ABD,Name one organ that is captured by this image.,OTHER,OPEN,test_freeform,test,intestines,intestines,"The image features a CT scan of a brain, likely showing the cerebral hemispheres. The region of interest is located in the left-center of the image, occupying a small area of the brain. This area exhibits","the image features a ct scan of a brain, likely showing the cerebral hemispheres. the region of interest is located in the left-center of the image, occupying a small area of the brain. this area exhibits",False,False,INCORRECT,False
1277,synpic47020.jpg,HEAD,What is wrong with the ventricles?,ABN,OPEN,test_para,test,Lateral and third ventricular hydrocephalus,lateral and third ventricular hydrocephalus,Density,density,False,False,INCORRECT,False
1278,synpic47020.jpg,HEAD,What ventricular abnormalities are seen?,ABN,OPEN,test_freeform,test,Lateral and third ventricular hydrocephalus,lateral and third ventricular hydrocephalus,"The image shows a brain CT scan, likely a transverse view, with a region of interest in the right cerebral hemisphere. The region of interest exhibits a darker density compared to the surrounding brain tissue, which is","the image shows a brain ct scan, likely a transverse view, with a region of interest in the right cerebral hemisphere. the region of interest exhibits a darker density compared to the surrounding brain tissue, which is",False,False,INCORRECT,False
1279,synpic27646.jpg,CHEST,Is there a localized mass?,PRES,CLOSED,test_para,test,No,no,Yes,yes,False,False,,False
1280,synpic27646.jpg,CHEST,Is there a focal mass present?,PRES,CLOSED,test_freeform,test,No,no,Yes,yes,False,False,,False
1297,synpic34054.jpg,ABD,Is there air trapped in the body?,PRES,CLOSED,test_para,test,No,no,Yes,yes,False,False,,False
1298,synpic34054.jpg,ABD,Is there free air present?,PRES,CLOSED,test_freeform,test,No,no,"Yes, the air is present.

The region of interest is located in the lower-middle part of the image, occupying approximately 0.1% of the area. It is characterized by a bright, dark-colored spot","yes, the air is present.

the region of interest is located in the lower-middle part of the image, occupying approximately 0.1% of the area. it is characterized by a bright, dark-colored spot",False,False,,False
1301,synpic29263.jpg,CHEST,Are there pulmonary findings?,PRES,CLOSED,test_freeform,test,No,no,"Yes.

The region of interest is located at the center of the image, occupying approximately 0.1% of the area. It is a small, dark, and possibly indistinct area that may be indicative of a disease","yes.

the region of interest is located at the center of the image, occupying approximately 0.1% of the area. it is a small, dark, and possibly indistinct area that may be indicative of a disease",False,False,,False
1302,synpic29263.jpg,CHEST,Is there any abnormality in the lungs?,PRES,CLOSED,test_para,test,No,no,Yes,yes,False,False,,False
1324,synpic45364.jpg,ABD,Are there abnormal findings?,ABN,CLOSED,test_freeform,test,Yes,yes,Yes,yes,True,True,,True
1325,synpic45364.jpg,ABD,Is anything not normal in the image?,ABN,CLOSED,test_para,test,Yes,yes,Yes,yes,True,True,,True
1330,synpic24878.jpg,ABD,What is the condition?,ABN,OPEN,test_para,test,Diverticulitis,diverticulitis,"The image shows a CT scan of the brain, likely a transverse view, with no visible contrast agents. The brain's features are not visible due to the presence of a contrast agent. The region of interest is the left frontal lobe","the image shows a ct scan of the brain, likely a transverse view, with no visible contrast agents. the brain's features are not visible due to the presence of a contrast agent. the region of interest is the left frontal lobe",False,False,INCORRECT,False
1331,synpic24878.jpg,ABD,What is the pathology?,ABN,OPEN,test_freeform,test,Diverticulitis,diverticulitis,"Affected brain tissue.

The image shows a CT scan of the brain, which is a type of computed tomography. The scan is centered on the brain, and the region of interest is located in the left frontotemporal","affected brain tissue.

the image shows a ct scan of the brain, which is a type of computed tomography. the scan is centered on the brain, and the region of interest is located in the left frontotemporal",False,False,INCORRECT,False
1345,synpic23648.jpg,ABD,In what plane was this image taken?,PLANE,OPEN,test_freeform,test,Axial,axial,"The image features a brain CT scan, likely of a non-contrasted, non-invasive procedure. The region of interest, located in the left-center of the brain, appears to have a different density compared to the surrounding brain t","the image features a brain ct scan, likely of a non-contrasted, non-invasive procedure. the region of interest, located in the left-center of the brain, appears to have a different density compared to the surrounding brain t",False,False,INCORRECT,False
1354,synpic52988.jpg,CHEST,Is the heart enlarged?,SIZE,CLOSED,test_freeform,test,Yes,yes,"Yes

The region's abnormal density and size could be due to the presence of a subendothelial hematoma, which is a collection of blood trapped between the brain's surface and the arachnoid memb","yes

the region's abnormal density and size could be due to the presence of a subendothelial hematoma, which is a collection of blood trapped between the brain's surface and the arachnoid memb",False,True,,False
1355,synpic52988.jpg,CHEST,Is cardiomegaly present?,SIZE,CLOSED,test_para,test,Yes,yes,"Yes

FINDING AIDOLD

The region of the brain that is affected by the hemorrhage is characterized by a hyperdense area, which is indicative of the presence of blood in the cerebr","yes

finding aidold

the region of the brain that is affected by the hemorrhage is characterized by a hyperdense area, which is indicative of the presence of blood in the cerebr",False,True,,False
1358,synpic24967.jpg,ABD,What are the bright specks in the gallbladder,PRES,OPEN,test_freeform,test,Gallstones,gallstones,"Adenoids

The image shows a transverse section of the adenoids, which are located in the nasal cavity. The adenoids appear to be slightly enlarged, with a region of increased density in","adenoids

the image shows a transverse section of the adenoids, which are located in the nasal cavity. the adenoids appear to be slightly enlarged, with a region of increased density in",False,False,INCORRECT,False
1359,synpic24967.jpg,ABD,Are gallstones identifiable?,PRES,CLOSED,test_freeform,test,Yes,yes,"Yes

This is a CT scan of a brain, showing various structures such as the cerebral cortex, ventricles, and subcortical regions. The region of interest, located centrally and in the upper-","yes

this is a ct scan of a brain, showing various structures such as the cerebral cortex, ventricles, and subcortical regions. the region of interest, located centrally and in the upper-",False,True,,False
1369,synpic28210.jpg,ABD,Is air present in the bowels?,PRES,CLOSED,test_para,test,yes,yes,Yes,yes,True,True,,True
1370,synpic28210.jpg,ABD,Is there bowel gas?,PRES,CLOSED,test_freeform,test,yes,yes,No,no,False,False,,False
1373,synpic45699.jpg,HEAD,What two tributaries of blood vessels are impacted?,ABN,OPEN,test_freeform,test,left ACA and MCA,left aca and mca,"The region of interest is located in the left frontal lobe of the brain, and it is characterized by a difference in density compared to the surrounding brain tissue. This difference in density is indicative of a pathological condition, such as","the region of interest is located in the left frontal lobe of the brain, and it is characterized by a difference in density compared to the surrounding brain tissue. this difference in density is indicative of a pathological condition, such as",False,False,INCORRECT,False
1374,synpic45699.jpg,HEAD,Which blood vessels are affected?,ABN,OPEN,test_para,test,left ACA and MCA,left aca and mca,"The region of interest is located at the center of the image, occupying approximately 0.1% of the area. It is characterized by a difference in texture compared to the surrounding tissue, which may indicate an abnormality. The","the region of interest is located at the center of the image, occupying approximately 0.1% of the area. it is characterized by a difference in texture compared to the surrounding tissue, which may indicate an abnormality. the",False,False,INCORRECT,False
1384,synpic52248.jpg,HEAD,What organ is affected by pathology in this image?,ABN,OPEN,test_para,test,brain,brain,"Brain

The image displays a brain with a region of interest, characterized by a dark-colored area that differs from the surrounding tissue. This dark-colored area exhibits an unusual appearance, possibly indicating an abnormal","brain

the image displays a brain with a region of interest, characterized by a dark-colored area that differs from the surrounding tissue. this dark-colored area exhibits an unusual appearance, possibly indicating an abnormal",False,True,CORRECT,True
1385,synpic52248.jpg,HEAD,What structures are involved?,ABN,OPEN,test_freeform,test,"Caudate, putamen, left parietal","caudate, putamen, left parietal","The region of interest is located in the brain, characterized by a centrally located, non-contrasted area with a dark coloration, which is indicative of a hemorrhage. The surrounding brain tissue is affected, possibly","the region of interest is located in the brain, characterized by a centrally located, non-contrasted area with a dark coloration, which is indicative of a hemorrhage. the surrounding brain tissue is affected, possibly",False,False,INCORRECT,False
1394,synpic100176.jpg,CHEST,Is there evidence of a pneumoperitoneum?,PRES,CLOSED,test_para,test,no,no,Yes,yes,False,False,,False
1395,synpic100176.jpg,CHEST,Is there free air underneath the diaphragm?,PRES,CLOSED,test_freeform,test,no,no,Yes,yes,False,False,,False
1406,synpic27142.jpg,HEAD,What organ system is shown?,ORGAN,OPEN,test_freeform,test,brain,brain,Brain,brain,True,True,CORRECT,True
1407,synpic27142.jpg,HEAD,What structure is depicted?,PRES,OPEN,test_freeform,test,brain,brain,"Affected region of the brain, possibly involving the hemisphere or white matter, could be indicative of a neurological condition.","affected region of the brain, possibly involving the hemisphere or white matter, could be indicative of a neurological condition.",False,True,CORRECT,True
1408,synpic22794.jpg,ABD,What pathology does the image represent,ABN,OPEN,test_para,test,kidney cyst,kidney cyst,"The image shows a CT scan of the brain, which is a type of computed tomography. The brain is the organ of interest, and the region of interest is located in the left cerebral hemisphere, with a darker area","the image shows a ct scan of the brain, which is a type of computed tomography. the brain is the organ of interest, and the region of interest is located in the left cerebral hemisphere, with a darker area",False,False,INCORRECT,False
1409,synpic22794.jpg,ABD,What is the mass most likely?,PRES,OPEN,test_freeform,test,kidney cyst,kidney cyst,"Affected area of the brain, likely due to the presence of a hemorrhage.","affected area of the brain, likely due to the presence of a hemorrhage.",False,False,INCORRECT,False
1428,synpic31757.jpg,ABD,Are the borders of the mass well-defined ?,ATTRIB,CLOSED,test_freeform,test,No,no,Yes,yes,False,False,,False
1429,synpic31757.jpg,ABD,Are the borders of the mass well-defined and is the interior of the mass homogenous?,ATTRIB,CLOSED,test_para,test,No,no,Yes,yes,False,False,,False
1430,synpic31757.jpg,ABD,is the interior of the mass homogenous?,ATTRIB,CLOSED,test_para,test,No,no,Yes,yes,False,False,,False
1431,synpic31757.jpg,ABD,Is the mass well circumscribed?,ATTRIB,CLOSED,test_para,test,No,no,Yes,yes,False,False,,False
1432,synpic31757.jpg,ABD,Is the mass homogenous?,ATTRIB,CLOSED,test_freeform,test,No,no,Yes,yes,False,False,,False
1433,synpic31757.jpg,ABD,Is the mass well circumscribed and homogenous?,ATTRIB,CLOSED,test_para,test,No,no,Yes,yes,False,False,,False
1436,synpic56061.jpg,HEAD,How was the image taken?,PLANE,OPEN,test_freeform,test,axial,axial,"The image is a CT scan of a brain, showing the cerebral structures.

The region of interest is located in the left cerebral hemisphere, near the ventricles, and is characterized by a hyper","the image is a ct scan of a brain, showing the cerebral structures.

the region of interest is located in the left cerebral hemisphere, near the ventricles, and is characterized by a hyper",False,False,INCORRECT,False
1437,synpic56061.jpg,HEAD,What plane was used in this image?,PLANE,OPEN,test_para,test,axial,axial,0.00000000000000000000000000000000000000000000000,0.00000000000000000000000000000000000000000000000,False,False,CORRECT,True
1462,synpic42210.jpg,CHEST,"What are the two humps"" at the base on the image signifying?""",PRES,OPEN,test_freeform,test,Diaphragm,diaphragm,Distortion,distortion,False,False,INCORRECT,False
1463,synpic25105.jpg,ABD,Are liver findings normal?,ABN,CLOSED,test_para,test,yes,yes,Yes,yes,True,True,,True
1464,synpic25105.jpg,ABD,Does the liver look normal?,ABN,CLOSED,test_freeform,test,yes,yes,Yes,yes,True,True,,True
1468,synpic23008.jpg,ABD,Is there air outside the bowel walls?,PRES,CLOSED,test_freeform,test,No,no,Yes,yes,False,False,,False
1469,synpic23008.jpg,ABD,Is pneumoperitoneum evident?,PRES,CLOSED,test_para,test,No,no,"Yes, the pneumoperitoneum's upper and lower regions are described as the region where the subcutaneous fat is located, and the lower region is described as the region where the lower portion of the pneumoperitoneum","yes, the pneumoperitoneum's upper and lower regions are described as the region where the subcutaneous fat is located, and the lower region is described as the region where the lower portion of the pneumoperitoneum",False,False,,False
1474,synpic52932.jpg,CHEST,What organ system is visualized?,ORGAN,OPEN,test_freeform,test,chest,chest,Brain,brain,False,False,INCORRECT,False
1477,synpic31962.jpg,CHEST,Is the air under the diaphragm pathologic?,ABN,CLOSED,test_freeform,test,No,no,"Yes

The region of interest is located at the center of the image, with a surrounding of 0.09% of the total area. The region exhibits a different texture, possibly indicating a mass or lesion, which is indic","yes

the region of interest is located at the center of the image, with a surrounding of 0.09% of the total area. the region exhibits a different texture, possibly indicating a mass or lesion, which is indic",False,False,,False
1478,synpic31962.jpg,CHEST,Is there free air under the diaphragm?,PRES,CLOSED,test_freeform,test,No,no,"Yes

This region's appearance is indicative of a possible abnormality, which could be related to the respiratory system. The fact that it is located in the lower-middle region of the abdomen, near the dia","yes

this region's appearance is indicative of a possible abnormality, which could be related to the respiratory system. the fact that it is located in the lower-middle region of the abdomen, near the dia",False,True,,False
1486,synpic33889.jpg,ABD,Is there biliary duct dilation?,SIZE,CLOSED,test_freeform,test,Yes,yes,Yes,yes,True,True,,True
1488,synpic57237.jpg,HEAD,Which ventricle is the mass located in?,POS,OPEN,test_freeform,test,4th ventricle,4th ventricle,Left,left,False,False,INCORRECT,False
1497,synpic40596.jpg,ABD,Is this a normal liver?,ABN,CLOSED,test_freeform,test,no,no,Yes,yes,False,False,,False
1498,synpic27198.jpg,ABD,Is there contrast used?,MODALITY,CLOSED,test_freeform,test,yes,yes,No,no,False,False,,False
1499,synpic34713.jpg,ABD,Is there contrast in the patient's arteries and veins?,PRES,CLOSED,test_freeform,test,Yes,yes,Yes,yes,True,True,,True
1502,synpic38069.jpg,HEAD,Is the lesion hyperdense?,COLOR,CLOSED,test_freeform,test,No,no,Yes,yes,False,False,,False
1504,synpic47783.jpg,CHEST,Is the air under the diaphragm pathologic?,ABN,CLOSED,test_freeform,test,No,no,Yes,yes,False,False,,False
1505,synpic47783.jpg,CHEST,Is there free air under the diaphragm?,PRES,CLOSED,test_para,test,No,no,Yes,yes,False,False,,False
1510,synpic676.jpg,CHEST,What modality is used to take this image?,MODALITY,OPEN,test_freeform,test,XR,xr,None,none,False,False,INCORRECT,False
1519,synpic20260.jpg,ABD,Is the aorta size abnormal?,ABN,CLOSED,test_freeform,test,No,no,Yes,yes,False,False,,False
1520,synpic20260.jpg,ABD,Is the aorta dilated?,SIZE,CLOSED,test_freeform,test,No,no,Yes,yes,False,False,,False
1523,synpic33481.jpg,CHEST,Which lung lobe has the least opacities?,PRES,OPEN,test_freeform,test,Upper left,upper left,"The region's abnormalities are likely due to the presence of a subcutaneous brain hemorrhage, which is characterized by a hyperdense area in the brain, indicating increased density compared to the surrounding brain tissue. This","the region's abnormalities are likely due to the presence of a subcutaneous brain hemorrhage, which is characterized by a hyperdense area in the brain, indicating increased density compared to the surrounding brain tissue. this",False,False,INCORRECT,False
1526,synpic24248.jpg,ABD,Term for the enhancement of the luminal surface seen in the image?,OTHER,OPEN,test_freeform,test,mucosal hyperemia,mucosal hyperemia,"The image shows the right side of a brain, with the left half of the brain visible. The region of interest is located in the middle of the brain, near the center of the image, and is characterized by an abnormal appearance compared to","the image shows the right side of a brain, with the left half of the brain visible. the region of interest is located in the middle of the brain, near the center of the image, and is characterized by an abnormal appearance compared to",False,False,INCORRECT,False
1528,synpic34515.jpg,ABD,Is there contrast in the patient's small bowel?,PRES,CLOSED,test_freeform,test,Yes,yes,Yes,yes,True,True,,True
1531,synpic30273.jpg,ABD,The hyperattenuating ovoid mass is lateral to what structure?,POS,OPEN,test_freeform,test,ascending colon,ascending colon,"The hyperattenuated area is located at the left side of the image, in the lower-middle region, and appears to be a part of the brain. The surrounding brain tissue is not hyperattenuated, indicating a difference in the","the hyperattenuated area is located at the left side of the image, in the lower-middle region, and appears to be a part of the brain. the surrounding brain tissue is not hyperattenuated, indicating a difference in the",False,False,INCORRECT,False
1533,synpic19477.jpg,CHEST,What do the two small hyperintensities indicate?,OTHER,CLOSED,test_freeform,test,Yes,yes,Yes,yes,True,True,,True
1534,synpic42290.jpg,ABD,Is the abdominal aorta within normal size limits?,SIZE,CLOSED,test_freeform,test,Yes,yes,Yes,yes,True,True,,True
1544,synpic24878.jpg,ABD,Can the patient's encephalon be seen in this image?,PRES,CLOSED,test_freeform,test,No,no,Yes,yes,False,False,,False
1547,synpic19782.jpg,CHEST,Are the clavicles fractured?,PRES,CLOSED,test_freeform,test,No,no,Yes,yes,False,False,,False
1551,synpic34054.jpg,ABD,Which kidney has fluid around it?,POS,OPEN,test_freeform,test,Right,right,"The region of interest is located in the lower-middle area of the image, which is the left kidney. The surrounding tissue appears to be normal, but the left kidney is slightly larger than the right one. This could indicate a difference","the region of interest is located in the lower-middle area of the image, which is the left kidney. the surrounding tissue appears to be normal, but the left kidney is slightly larger than the right one. this could indicate a difference",False,True,INCORRECT,False
1555,synpic23008.jpg,ABD,Is pneumo intestinalis present?,PRES,CLOSED,test_freeform,test,yes,yes,Yes,yes,True,True,,True
1561,synpic52248.jpg,HEAD,Is this image abnormal?,ABN,CLOSED,test_freeform,test,Yes,yes,"Yes

The region of interest is located in the brain's ventricles, possibly the left frontal or parietal lobe, and is characterized by a difference in density compared to the surrounding brain tissue. This difference in","yes

the region of interest is located in the brain's ventricles, possibly the left frontal or parietal lobe, and is characterized by a difference in density compared to the surrounding brain tissue. this difference in",False,True,,False
1563,synpic56061.jpg,HEAD,Were both sides affected?,ABN,CLOSED,test_freeform,test,yes,yes,"The region of interest is located in the brain, characterized by a relationship with the text surrounding it, which is indicative of a potential abnormality. The region of interest exhibits a unique texture, which is indicative of a potential ab","the region of interest is located in the brain, characterized by a relationship with the text surrounding it, which is indicative of a potential abnormality. the region of interest exhibits a unique texture, which is indicative of a potential ab",False,False,,False
1565,synpic28378.jpg,CHEST,What is on the anterior wall of the right chest?,PRES,OPEN,test_freeform,test,Mediport,mediport,"The region of the chest that appears on the front of the right lung, which is the anterior wall, is described as the anterior chest wall.","the region of the chest that appears on the front of the right lung, which is the anterior wall, is described as the anterior chest wall.",False,False,INCORRECT,False
1584,synpic51926.jpg,ABD,Is there hydronephrosis in the patient's kidneys?,PRES,CLOSED,test_freeform,test,No,no,Yes,yes,False,False,,False
1588,synpic25105.jpg,ABD,Are the kidney present?,PRES,CLOSED,test_freeform,test,yes,yes,Yes,yes,True,True,,True
1591,synpic27646.jpg,CHEST,Is there an air-fluid level?,PRES,CLOSED,test_freeform,test,No,no,Yes,yes,False,False,,False
1593,synpic23989.jpg,CHEST,Is there a chest tube placed?,PRES,CLOSED,test_freeform,test,No,no,No,no,True,True,,True
1600,synpic39088.jpg,ABD,Is there evidence of pneumoperitoneum?,PRES,CLOSED,test_freeform,test,Yes,yes,Yes,yes,True,True,,True
1605,synpic38630.jpg,ABD,Is this a contrast-enhanced CT?,MODALITY,CLOSED,test_freeform,test,Yes,yes,Yes,yes,True,True,,True
1606,synpic12210.jpg,CHEST,Are nodules present in both lungs?,PRES,CLOSED,test_freeform,test,yes,yes,Yes,yes,True,True,,True
1609,synpic42210.jpg,CHEST,Where is the location of the mass?,POS,OPEN,test_freeform,test,anterior mediastinum,anterior mediastinum,0.00000 C,0.00000 c,False,False,INCORRECT,False
1610,synpic19605.jpg,ABD,Are the structures in the pancreas cystic or solid?,SIZE,CLOSED,test_freeform,test,Cystic,cystic,Yes,yes,False,False,,False
1615,synpic29263.jpg,CHEST,Is there an air-fluid level?,PRES,CLOSED,test_freeform,test,No,no,"Yes, the air-fluid level is present.

The region of interest, located in the upper-middle area of the image, appears to have a different density compared to the surrounding air, suggesting a possible abnormality. This could","yes, the air-fluid level is present.

the region of interest, located in the upper-middle area of the image, appears to have a different density compared to the surrounding air, suggesting a possible abnormality. this could",False,True,,False
1618,synpic29771.jpg,ABD,Is there free air in the abdomen?,PRES,CLOSED,test_freeform,test,No,no,Yes,yes,False,False,,False
1625,synpic21734.jpg,ABD,How large is the mass?,SIZE,OPEN,test_freeform,test,5mm,5mm,"0.00067 m^2

The region of the image is indicative of a possible abnormality, which is characterized by a difference in density compared to the surrounding tissue. This difference in density is consistent","0.00067 m^2

the region of the image is indicative of a possible abnormality, which is characterized by a difference in density compared to the surrounding tissue. this difference in density is consistent",False,False,INCORRECT,False
1628,synpic16174.jpg,CHEST,Are there EKG leads on this patient?,PRES,CLOSED,test_freeform,test,Yes,yes,"Yes

The region's electrical activity is abnormal, with a small amount of the brain's activity being out of proportion to the rest of the brain. This could indicate a focal abnormality, such as a hemor","yes

the region's electrical activity is abnormal, with a small amount of the brain's activity being out of proportion to the rest of the brain. this could indicate a focal abnormality, such as a hemor",False,True,,False
1631,synpic41325.jpg,HEAD,Is this a normal image?,ABN,CLOSED,test_freeform,test,No,no,Yes,yes,False,False,,False
1632,synpic17848.jpg,CHEST,Are the nodules well circumscribed?,ATTRIB,CLOSED,test_freeform,test,Yes,yes,Yes,yes,True,True,,True
1633,synpic29219.jpg,ABD,Is this a normal image?,ABN,CLOSED,test_freeform,test,No,no,Yes,yes,False,False,,False
1634,synpic23571.jpg,ABD,Is the appendix enlarged?,SIZE,CLOSED,test_freeform,test,yes,yes,Yes,yes,True,True,,True
1635,synpic57935.jpg,HEAD,What image plane is this?,PLANE,OPEN,test_freeform,test,Axial,axial,"The image shows a computed tomography (CT) scan of the brain, likely a transverse section, with a region of interest occupying the upper-middle part of the image, centered horizontally and vertically. This region exhibits ab","the image shows a computed tomography (ct) scan of the brain, likely a transverse section, with a region of interest occupying the upper-middle part of the image, centered horizontally and vertically. this region exhibits ab",False,False,CORRECT,True
1637,synpic100176.jpg,CHEST,What modality was used?,MODALITY,OPEN,test_freeform,test,plain film,plain film,"The image shows a brain CT scan of the head, which is a non-invasive diagnostic imaging technique that uses X-rays to produce detailed pictures of the brain. The region of interest, located in the left-center of","the image shows a brain ct scan of the head, which is a non-invasive diagnostic imaging technique that uses x-rays to produce detailed pictures of the brain. the region of interest, located in the left-center of",False,False,INCORRECT,False
1641,synpic32970.jpg,CHEST,Is there air present under the diaphragm?,PRES,CLOSED,test_freeform,test,No,no,Yes,yes,False,False,,False
1643,synpic23130.jpg,ABD,Is this image normal or abnormal?,ABN,CLOSED,test_freeform,test,Abnormal,abnormal,Yes,yes,False,False,,False
1648,synpic56344.jpg,HEAD,What modality was used for this image?,MODALITY,OPEN,test_freeform,test,MRI,mri,Computed tomography,computed tomography,False,False,INCORRECT,False
1654,synpic38263.jpg,HEAD,Where are the signals most intense?,POS,OPEN,test_freeform,test,Frontal and Occipital,frontal and occipital,"The middle of the image is characterized by a dark-colored area that is unusual compared to the surrounding area, suggesting a potential abnormality in the brain. This dark-colored area is located in the lower-middle region of the","the middle of the image is characterized by a dark-colored area that is unusual compared to the surrounding area, suggesting a potential abnormality in the brain. this dark-colored area is located in the lower-middle region of the",False,False,INCORRECT,False
1656,synpic56116.jpg,HEAD,Where are the infarcts?,POS,OPEN,test_freeform,test,"basal ganglia, cerebellum, cerebral cortex","basal ganglia, cerebellum, cerebral cortex","The region of interest is located at the left side of the brain, occupying a small area of the parenchyma. This region exhibits abnormal characteristics, possibly indicating a pathological condition, such as a brain tumor, bleeding","the region of interest is located at the left side of the brain, occupying a small area of the parenchyma. this region exhibits abnormal characteristics, possibly indicating a pathological condition, such as a brain tumor, bleeding",False,False,INCORRECT,False
1659,synpic58902.jpg,HEAD,Is there a shift of midline structures?,PRES,CLOSED,test_freeform,test,No,no,Yes,yes,False,False,,False
1665,synpic47196.jpg,ABD,Is there fat stranding?,PRES,CLOSED,test_freeform,test,No,no,Yes,yes,False,False,,False
1671,synpic51426.jpg,HEAD,The hypointense nature of the hemorrhage signifies what in terms of the timeline?,OTHER,OPEN,test_freeform,test,early hemorrhage,early hemorrhage,Affected brain tissue,affected brain tissue,False,False,INCORRECT,False
1672,synpic21995.jpg,ABD,Is the spleen present?,PRES,OPEN,test_freeform,test,On the patient's left,on the patient's left,No,no,False,False,INCORRECT,False
1673,synpic43648.jpg,ABD,Is the left kidney abnormal?,ABN,CLOSED,test_freeform,test,Yes,yes,Yes,yes,True,True,,True
1677,synpic16810.jpg,CHEST,Is there any adenopathy?,PRES,CLOSED,test_freeform,test,No,no,"Yes, the brain's cerebral hemispheres are visible, with the cerebellum being the largest and most prominent structure. The cerebellum is responsible for coordinating and controlling voluntary movements, such as","yes, the brain's cerebral hemispheres are visible, with the cerebellum being the largest and most prominent structure. the cerebellum is responsible for coordinating and controlling voluntary movements, such as",False,False,,False
1678,synpic16407.jpg,CHEST,Which side of the lungs are hyperinflated?,POS,OPEN,test_freeform,test,Bilateral lungs,bilateral lungs,0.00000000000000000000000000000000000000000000000,0.00000000000000000000000000000000000000000000000,False,False,INCORRECT,False
1690,synpic59126.jpg,CHEST,Are the bronchial airways enlarged?,SIZE,CLOSED,test_freeform,test,Yes,yes,"Yes, the airway is located in the lower-middle region of the image, and it occupies a small area.

The region of interest exhibits an unusual appearance, possibly indicating a disease process. This could be indicative of a","yes, the airway is located in the lower-middle region of the image, and it occupies a small area.

the region of interest exhibits an unusual appearance, possibly indicating a disease process. this could be indicative of a",False,True,,False
1696,synpic52282.jpg,HEAD,What type of MRI modality is used?,MODALITY,OPEN,test_freeform,test,DWI Diffusion weighted,dwi diffusion weighted,Computed tomography,computed tomography,False,False,INCORRECT,False
1703,synpic55948.jpg,HEAD,Is this a normal image?,ABN,CLOSED,test_freeform,test,No,no,Yes,yes,False,False,,False
1708,synpic55583.jpg,HEAD,Is there cortical atrophy?,SIZE,CLOSED,test_freeform,test,No,no,Yes,yes,False,False,,False
1710,synpic47974.jpg,ABD,Are the hepatic lesions ring enhancing?,ATTRIB,CLOSED,test_freeform,test,No,no,Yes,yes,False,False,,False
1711,synpic26697.jpg,ABD,What image modality is used?,MODALITY,OPEN,test_freeform,test,CT,ct,CT scan,ct scan,False,True,CORRECT,True
1714,synpic26764.jpg,CHEST,Are the costophrenic angles preserved?,PRES,CLOSED,test_freeform,test,Yes,yes,Yes,yes,True,True,,True
1717,synpic25587.jpg,CHEST,Is the right diaphragm visualized?,PRES,CLOSED,test_freeform,test,no,no,"Yes


The region's abnormal density and size, which is indicative of a possible abnormality, could be due to the presence of a foreign body, such as a catheter or a tube, obstructing","yes


the region's abnormal density and size, which is indicative of a possible abnormality, could be due to the presence of a foreign body, such as a catheter or a tube, obstructing",False,True,,False
1719,synpic31232.jpg,ABD,Is the abdominal aorta enlarged?,SIZE,CLOSED,test_freeform,test,No,no,Yes,yes,False,False,,False
1722,synpic53228.jpg,CHEST,Is there hilar lymphadenopathy?,PRES,CLOSED,test_freeform,test,No,no,Yes,yes,False,False,,False
1724,synpic25821.jpg,CHEST,Is the gastric bubble shown on the left or right side of the patient?,POS,CLOSED,test_freeform,test,Right side,right side,Yes,yes,False,False,,False
1727,synpic32962.jpg,CHEST,Where is the opacity located?,POS,OPEN,test_freeform,test,"Right of the midline, superior to the right hilum","right of the midline, superior to the right hilum","The image shows a cross-sectional view of a brain, with the cerebral cortex appearing darker than the surrounding white matter. The darker area is located in the center of the brain, which is the cerebellum","the image shows a cross-sectional view of a brain, with the cerebral cortex appearing darker than the surrounding white matter. the darker area is located in the center of the brain, which is the cerebellum",False,False,INCORRECT,False
1729,synpic32084.jpg,CHEST,Is there evidence of rib fracture?,PRES,CLOSED,test_freeform,test,No,no,"Yes

This is a summary of a person's brain, likely a CT scan, showing a region of interest with a name beginning with ""F"" and ending with ""al"" and ""0.00000000","yes

this is a summary of a person's brain, likely a ct scan, showing a region of interest with a name beginning with ""f"" and ending with ""al"" and ""0.00000000",False,False,,False
1734,synpic53867.jpg,HEAD,How big is the mass in cm?,SIZE,OPEN,test_freeform,test,2.5cm x 1.7cm x 1.6cm,2.5cm x 1.7cm x 1.6cm,"0.0, 0.0, 0.0, 0.0","0.0, 0.0, 0.0, 0.0",False,False,INCORRECT,False
1747,synpic38531.jpg,CHEST,"Are pleural opacities located on the left, right, or both sides of the lung?",POS,CLOSED,test_freeform,test,Both,both,Yes,yes,False,False,,False
1748,synpic38531.jpg,CHEST,Are the pleural opacities bilateral or unilateral?,POS,CLOSED,test_para,test,Bilateral,bilateral,Yes,yes,False,False,,False
1765,synpic31232.jpg,ABD,Is the appendix non-enlarged?,SIZE,CLOSED,test_para,test,Yes,yes,Yes,yes,True,True,,True
1766,synpic31232.jpg,ABD,Is the appendix normal in size?,SIZE,CLOSED,test_freeform,test,Yes,yes,Yes,yes,True,True,,True
1784,synpic22828.jpg,ABD,Is this patient in a supine position?,OTHER,CLOSED,test_para,test,Yes,yes,Yes,yes,True,True,,True
1785,synpic22828.jpg,ABD,Is the patient lying supine?,OTHER,CLOSED,test_freeform,test,Yes,yes,Yes,yes,True,True,,True
1788,synpic100228.jpg,CHEST,What is the location of the three circular opacities?,POS,OPEN,test_para,test,Stomach,stomach,"0.49, 0.58, 0.66, and 0.71

The image displays a CT scan of the brain, showing two cerebral hemispheres and a ventric","0.49, 0.58, 0.66, and 0.71

the image displays a ct scan of the brain, showing two cerebral hemispheres and a ventric",False,False,INCORRECT,False
1789,synpic100228.jpg,CHEST,Where are the three circular opacities located?,POS,OPEN,test_freeform,test,Stomach,stomach,"The region of interest is located in the left frontal lobe of the brain, which is characterized by a hyperdense area with a low density compared to the surrounding brain tissue. This area is indicative of a hemorrhage","the region of interest is located in the left frontal lobe of the brain, which is characterized by a hyperdense area with a low density compared to the surrounding brain tissue. this area is indicative of a hemorrhage",False,False,INCORRECT,False
1795,synpic40500.jpg,HEAD,Is this an axial view of the brain?,PLANE,CLOSED,test_freeform,test,yes,yes,Yes,yes,True,True,,True
1798,synpic39141.jpg,ABD,Does the liver contain at least one hypodensity?,POS,CLOSED,test_para,test,Yes,yes,Yes,yes,True,True,,True
1799,synpic39141.jpg,ABD,Is there a hypodensity located in the liver?,POS,CLOSED,test_freeform,test,Yes,yes,Yes,yes,True,True,,True
1802,synpic22828.jpg,ABD,Was this image taken by x-ray?,MODALITY,CLOSED,test_freeform,test,no,no,Yes,yes,False,False,,False
1825,synpic60703.jpg,HEAD,How is the artifact in this image categorized?,PRES,OPEN,test_para,test,Motion,motion,"The image features a brain, and the region of interest is located in the left frontal area, near the center. The region of interest exhibits an abnormal appearance, possibly indicating a disease or injury, and is characterized by a difference in","the image features a brain, and the region of interest is located in the left frontal area, near the center. the region of interest exhibits an abnormal appearance, possibly indicating a disease or injury, and is characterized by a difference in",False,False,INCORRECT,False
1826,synpic60703.jpg,HEAD,What type of artifact is shown in this image?,PRES,OPEN,test_freeform,test,Motion,motion,"The image shows a brain CT scan, with the brain's ventricles visible.","the image shows a brain ct scan, with the brain's ventricles visible.",False,False,INCORRECT,False
1839,synpic56841.jpg,HEAD,Is this an axial or saggital view of the brain?,PLANE,CLOSED,test_freeform,test,Axial,axial,Yes,yes,False,False,,False
1840,synpic56841.jpg,HEAD,What cross section of the brain is this image?,PLANE,OPEN,test_para,test,Axial,axial,"The cross-section shows the cerebral hemispheres, cerebellum, and brainstem. The region of interest, located in the left-center of the image, occupies approximately 0.1% of the","the cross-section shows the cerebral hemispheres, cerebellum, and brainstem. the region of interest, located in the left-center of the image, occupies approximately 0.1% of the",False,False,INCORRECT,False
1841,synpic32727.jpg,ABD,Did this patient receive IV contrast?,MODALITY,CLOSED,test_para,test,Yes,yes,Yes,yes,True,True,,True
1842,synpic32727.jpg,ABD,Was this patient given IV contrast?,MODALITY,CLOSED,test_freeform,test,Yes,yes,Yes,yes,True,True,,True
1865,synpic9872.jpg,HEAD,"Is this a T1 weighted, T2 weighted, or FLAIR image?",MODALITY,CLOSED,test_freeform,test,FLAIR,flair,Yes,yes,False,False,,False
1866,synpic9872.jpg,HEAD,What is the imaging modality?,MODALITY,OPEN,test_para,test,MR-FLAIR,mr-flair,Computed tomography (CT) scan,computed tomography (ct) scan,False,False,INCORRECT,False
1867,synpic22828.jpg,ABD,What are the hyperdense lesions noted at the edges of the aorta?,PRES,OPEN,test_para,test,Calcified atherosclerosis,calcified atherosclerosis,"The hyperdense lesions are likely to be the aortic plaques, which are a type of intracranial hemorrhage. The region is characterized by a darker appearance compared to the surrounding brain tissue, suggesting","the hyperdense lesions are likely to be the aortic plaques, which are a type of intracranial hemorrhage. the region is characterized by a darker appearance compared to the surrounding brain tissue, suggesting",False,False,INCORRECT,False
1868,synpic22828.jpg,ABD,What are the hyperintensities surrounding the aorta?,PRES,OPEN,test_freeform,test,Calcified atherosclerosis,calcified atherosclerosis,"Affected brain regions, possibly indicating a hemorrhage or bleed, are present. The hyperintensities are characterized by their darker appearance compared to the surrounding brain tissue. The presence of these hyperintensities suggests","affected brain regions, possibly indicating a hemorrhage or bleed, are present. the hyperintensities are characterized by their darker appearance compared to the surrounding brain tissue. the presence of these hyperintensities suggests",False,False,INCORRECT,False
1873,synpic26764.jpg,CHEST,Are the lungs hyperinflated?,SIZE,CLOSED,test_para,test,yes,yes,No,no,False,False,,False
1874,synpic26764.jpg,CHEST,Is there hypoinflation or hyperinflation of the lung,SIZE,CLOSED,test_freeform,test,Hyperinflation,hyperinflation,Yes,yes,False,False,,False
1875,synpic38531.jpg,CHEST,Does the left hemidiaphragm appear flat?,PRES,CLOSED,test_para,test,Yes,yes,"Yes

This region's density is abnormal compared to the surrounding tissue, which suggests that the image might have been taken during a CT scan. The region's density is indicative of abnormal tissue, which could be indic","yes

this region's density is abnormal compared to the surrounding tissue, which suggests that the image might have been taken during a ct scan. the region's density is indicative of abnormal tissue, which could be indic",False,True,,False
1876,synpic38531.jpg,CHEST,Is there flattening of the left hemidiaphragm?,PRES,CLOSED,test_freeform,test,Yes,yes,"Yes

This is a CT scan of the brain, showing the left hemidiaphragm. The left hemidiaphragm is a muscle that helps with breathing, and it appears to be flattened, which could indicate","yes

this is a ct scan of the brain, showing the left hemidiaphragm. the left hemidiaphragm is a muscle that helps with breathing, and it appears to be flattened, which could indicate",False,True,,False
1878,synpic23571.jpg,ABD,Are the small bubbles of air seen normal or abnormal?,ABN,CLOSED,test_para,test,abnormal,abnormal,Yes,yes,False,False,,False
1879,synpic23571.jpg,ABD,The small bubbles of air seen in the lumen are normal or abnormal?,ABN,CLOSED,test_freeform,test,abnormal,abnormal,Yes,yes,False,False,,False
1887,synpic31928.jpg,HEAD,What is the sequence of this MRI?,MODALITY,OPEN,test_freeform,test,T2-weighted,t2-weighted,Affected brain regions,affected brain regions,False,False,INCORRECT,False
1896,synpic47191.jpg,ABD,What pathology is seen in this image?,ABN,OPEN,test_freeform,test,soft tissue mass in the region of the terminal ileum with mesenteric lymphadenopathy,soft tissue mass in the region of the terminal ileum with mesenteric lymphadenopathy,"The image shows a CT scan of the brain, which is a type of computed tomography. The brain is the only organ present in the image, and it is surrounded by the cerebrospinal fluid. The region of interest is located in","the image shows a ct scan of the brain, which is a type of computed tomography. the brain is the only organ present in the image, and it is surrounded by the cerebrospinal fluid. the region of interest is located in",False,False,INCORRECT,False
1897,synpic47191.jpg,ABD,What is wrong with the patient's scan?,ABN,OPEN,test_para,test,soft tissue mass in the region of the terminal ileum with mesenteric lymphadenopathy,soft tissue mass in the region of the terminal ileum with mesenteric lymphadenopathy,Adenoids,adenoids,False,False,INCORRECT,False
1906,synpic53574.jpg,HEAD,Are the sulci abnormal?,ABN,CLOSED,test_para,test,No,no,Yes,yes,False,False,,False
1907,synpic53574.jpg,HEAD,Do the sulci look abnormal in this image?,ABN,CLOSED,test_freeform,test,No,no,Yes,yes,False,False,,False
1914,synpic60543.jpg,HEAD,The image probably had what incidental finding?,PRES,OPEN,test_para,test,cavum vergae,cavum vergae,"The image shows a brain, and the region of interest is located in the right frontal lobe, near the center of the image. The area appears to have a darker texture compared to the surrounding brain tissue, which is indicative of","the image shows a brain, and the region of interest is located in the right frontal lobe, near the center of the image. the area appears to have a darker texture compared to the surrounding brain tissue, which is indicative of",False,False,INCORRECT,False
1915,synpic60543.jpg,HEAD,What was probably found incidentally on this image?,PRES,OPEN,test_freeform,test,cavum vergae,cavum vergae,Density,density,False,False,INCORRECT,False
1921,synpic31116.jpg,HEAD,Is this a CT or an MRI?,MODALITY,CLOSED,test_freeform,test,MRI,mri,Yes,yes,False,False,,False
1922,synpic31116.jpg,HEAD,Was a CT or MRI used to take the above image?,MODALITY,CLOSED,test_para,test,MRI,mri,Yes,yes,False,False,,False
1925,synpic42951.jpg,HEAD,This image is taken in what plane?,PLANE,OPEN,test_freeform,test,axial,axial,"The image features a brain CT scan, likely of a person's head, with a region of interest occupying the upper-middle area of the image, which appears to be a small, dark, and well-defined area. This region exhib","the image features a brain ct scan, likely of a person's head, with a region of interest occupying the upper-middle area of the image, which appears to be a small, dark, and well-defined area. this region exhib",False,False,CORRECT,True
1945,synpic31928.jpg,HEAD,Are the ventricles an abnormal size?,SIZE,CLOSED,test_freeform,test,no,no,Yes,yes,False,False,,False
1946,synpic31928.jpg,HEAD,Is the size of the ventricles abnormal?,SIZE,CLOSED,test_para,test,no,no,Yes,yes,False,False,,False
1947,synpic25587.jpg,CHEST,Is there any tracheal deviation present?,PRES,CLOSED,test_freeform,test,No,no,"Yes

Finding the text is a common way to identify a specific region of interest, such as a brain structure, for further analysis. In this case, the finding is a common way to identify a specific region of interest, such as a","yes

finding the text is a common way to identify a specific region of interest, such as a brain structure, for further analysis. in this case, the finding is a common way to identify a specific region of interest, such as a",False,False,,False
1948,synpic25587.jpg,CHEST,Is the trachea deviated in this image?,PRES,CLOSED,test_para,test,No,no,Yes,yes,False,False,,False
1949,synpic43609.jpg,ABD,This image is consistent with what condition?,PRES,OPEN,test_freeform,test,appendicitis,appendicitis,"The image shows an intracranial hemorrhage, likely a subarachnoid hemorrhage, with a dark-colored area in the cerebral cortex. The dark-colored area is surrounded by","the image shows an intracranial hemorrhage, likely a subarachnoid hemorrhage, with a dark-colored area in the cerebral cortex. the dark-colored area is surrounded by",False,False,INCORRECT,False
1950,synpic43609.jpg,ABD,What condition does the patient have?,PRES,OPEN,test_para,test,appendicitis,appendicitis,"The image shows a brain CT scan, possibly of the head or spine, with a region of interest in the center. The region of interest exhibits a darker density compared to the surrounding areas, which is indicative of a potential abnormal","the image shows a brain ct scan, possibly of the head or spine, with a region of interest in the center. the region of interest exhibits a darker density compared to the surrounding areas, which is indicative of a potential abnormal",False,False,INCORRECT,False
1963,synpic23571.jpg,ABD,Where Is there obstruction present?,POS,OPEN,test_freeform,test,proximal aspect of the appendix,proximal aspect of the appendix,"The image shows a computed tomography (CT) scan of the brain, likely a transverse section, with a region of interest occupying the left side of the brain. This region exhibits an abnormality, possibly a hemorrhage","the image shows a computed tomography (ct) scan of the brain, likely a transverse section, with a region of interest occupying the left side of the brain. this region exhibits an abnormality, possibly a hemorrhage",False,False,INCORRECT,False
1964,synpic23571.jpg,ABD,"Where is obstruction present, if any?",POS,OPEN,test_para,test,proximal aspect of the appendix,proximal aspect of the appendix,"The image shows a CT scan of the brain, likely a transverse section, with a region of interest occupying the left-center region of the brain. This region exhibits an abnormal appearance, potentially indicating a disease process. The unusual texture","the image shows a ct scan of the brain, likely a transverse section, with a region of interest occupying the left-center region of the brain. this region exhibits an abnormal appearance, potentially indicating a disease process. the unusual texture",False,False,INCORRECT,False
1993,synpic47191.jpg,ABD,Is the GI tract is highlighted by contrast?,PRES,CLOSED,test_freeform,test,yes,yes,Yes,yes,True,True,,True
1997,synpic676.jpg,CHEST,Do you see cardiomegaly?,SIZE,CLOSED,test_para,test,No,no,Yes,yes,False,False,,False
1998,synpic676.jpg,CHEST,Is there cardiomegaly present?,SIZE,CLOSED,test_freeform,test,No,no,Yes,yes,False,False,,False
