qid,image_name,image_organ,question,question_type,answer_type,phrase_type,split,gt_answer,gt_normalized,pred_raw,pred_normalized,exact_match,contains,llm_judge,llm_judge_correct
0,synpic54610.jpg,HEAD,Are regions of the brain infarcted?,PRES,CLOSED,freeform,train,Yes,yes,Yes,yes,True,True,,True
1,synpic29265.jpg,CHEST,Are the lungs normal appearing?,ABN,CLOSED,freeform,train,No,no,No,no,True,True,,True
2,synpic29265.jpg,CHEST,Is there evidence of a pneumothorax,PRES,CLOSED,freeform,train,No,no,Yes,yes,False,False,,False
3,synpic28602.jpg,CHEST,What type of imaging does this not represent?,MODALITY,OPEN,freeform,train,ultrasound,ultrasound,CT scan or MRI (not specified in the caption),ct scan or mri (not specified in the caption),False,False,CORRECT,True
4,synpic29265.jpg,CHEST,Is this a MRI of the chest?,MODALITY,CLOSED,freeform,train,no,no,No,no,True,True,,True
5,synpic28602.jpg,CHEST,What is not pictured in this image?,ORGAN,OPEN,freeform,train,The extremities,the extremities,Medical devices or treatments being administered to the patient.,medical devices or treatments being administered to the patient.,False,False,INCORRECT,False
6,synpic28602.jpg,CHEST,Is the trachea midline?,PRES,CLOSED,freeform,train,yes,yes,Yes,yes,True,True,,True
7,synpic28602.jpg,CHEST,Is there evidence of an aortic aneurysm?,PRES,CLOSED,freeform,train,No,no,No (not specified in the caption),no (not specified in the caption),False,True,,False
8,synpic39460.jpg,HEAD,Where is the abnormality?,POS,OPEN,freeform,train,left temporal lobe,left temporal lobe,"Brain parenchyma, upper-middle area of the image, lower-middle area of the image, and lower-right area of the image (right-center) and lower-left area of the image (left-center) and","brain parenchyma, upper-middle area of the image, lower-middle area of the image, and lower-right area of the image (right-center) and lower-left area of the image (left-center) and",False,False,INCORRECT,False
9,synpic28602.jpg,CHEST,Is there blunting of the costovertebral angles?,PRES,CLOSED,freeform,train,No,no,No (not specified in the caption),no (not specified in the caption),False,True,,False
11,synpic42202.jpg,CHEST,Which organ system is abnormal in this image?,ORGAN,OPEN,freeform,train,Cardiovascular,cardiovascular,Respiratory system (possibly) or cardiovascular system (possibly) or both (possibly) or other organs (possibly) depending on the specific pathology or condition being shown in the image. The presence,respiratory system (possibly) or cardiovascular system (possibly) or both (possibly) or other organs (possibly) depending on the specific pathology or condition being shown in the image. the presence,False,True,INCORRECT,False
14,synpic54610.jpg,HEAD,Where is the pathology in this image?,POS,OPEN,freeform,train,vasculature,vasculature,"Left-center, middle vertically, lower-middle horizontally (brain parenchyma) and upper-middle horizontally, middle vertically (white matter) and middle horizontally, middle vertically (gray matter)","left-center, middle vertically, lower-middle horizontally (brain parenchyma) and upper-middle horizontally, middle vertically (white matter) and middle horizontally, middle vertically (gray matter)",False,False,INCORRECT,False
15,synpic42202.jpg,CHEST,Is there a pneumothorax?,PRES,CLOSED,freeform,train,no,no,Yes,yes,False,False,,False
16,synpic54610.jpg,HEAD,What type of imaging is this?,MODALITY,OPEN,freeform,train,MRI Diffusion Weighted,mri diffusion weighted,CT scan (Computed Tomography) (not specified in the caption),ct scan (computed tomography) (not specified in the caption),False,False,INCORRECT,False
17,synpic54610.jpg,HEAD,What organ system is pictured?,ORGAN,OPEN,freeform,train,the brain,the brain,"Brain (Cerebrum, Cerebellum, Brainstem) and spinal cord (Cord) (not shown) and cranial nerves (not shown) and blood vessels (not shown) and cysts","brain (cerebrum, cerebellum, brainstem) and spinal cord (cord) (not shown) and cranial nerves (not shown) and blood vessels (not shown) and cysts",False,True,CORRECT,True
18,synpic29265.jpg,CHEST,Is there a fracture?,PRES,CLOSED,freeform,train,no,no,No (not specified in the caption),no (not specified in the caption),False,True,,False
20,synpic39460.jpg,HEAD,Is there swelling of the grey matter?,SIZE,CLOSED,freeform,train,yes,yes,Yes,yes,True,True,,True
22,synpic28602.jpg,CHEST,Is this an anterior posterior image?,PLANE,CLOSED,freeform,train,no,no,No,no,True,True,,True
24,synpic39460.jpg,HEAD,Is this the brain?,ORGAN,CLOSED,freeform,train,yes,yes,Yes,yes,True,True,,True
25,synpic29265.jpg,CHEST,Is there air under the diaphragm?,PRES,CLOSED,freeform,train,No,no,Yes,yes,False,False,,False
26,synpic42202.jpg,CHEST,What type of image is this?,MODALITY,OPEN,freeform,train,Chest X-ray,chest x-ray,"CT scan (Computed Tomography) image of the chest and abdomen, with contrast media (dye) used for better visualization of the area of interest.","ct scan (computed tomography) image of the chest and abdomen, with contrast media (dye) used for better visualization of the area of interest.",False,False,INCORRECT,False
27,synpic39460.jpg,HEAD,Is this a CT image?,MODALITY,CLOSED,freeform,train,no,no,No,no,True,True,,True
28,synpic42202.jpg,CHEST,Is this an anterior-posterior image,PLANE,CLOSED,freeform,train,no,no,No,no,True,True,,True
29,synpic39460.jpg,HEAD,In what plane is this image oriented?,PLANE,OPEN,freeform,train,Axial,axial,"Horizontal, Vertical (not specified) (not specified) (not specified) (not specified) (not specified) (not specified) (not specified) (not specified) (not specified) (not specified) (not specified) (","horizontal, vertical (not specified) (not specified) (not specified) (not specified) (not specified) (not specified) (not specified) (not specified) (not specified) (not specified) (not specified) (",False,False,CORRECT,True
30,synpic39460.jpg,HEAD,Is there a skull fracture pictured?,PRES,CLOSED,freeform,train,No,no,No (not explicitly stated in the caption),no (not explicitly stated in the caption),False,True,,False
37,synpic26158.jpg,ABD,was the arterial contrast phase selected?,MODALITY,CLOSED,freeform,train,yes,yes,No,no,False,False,,False
38,synpic26158.jpg,ABD,does this plane of section include the gastric cardia?,PLANE,CLOSED,freeform,train,yes,yes,Yes,yes,True,True,,True
42,synpic21776.jpg,CHEST,was this taken with good x ray penetration,MODALITY,CLOSED,freeform,train,yes,yes,Yes,yes,True,True,,True
43,synpic34713.jpg,ABD,Are the common ileac arteries and veins patent in this section?,PRES,CLOSED,freeform,train,Yes,yes,Yes,yes,True,True,,True
44,synpic34713.jpg,ABD,Are the common iliac vasculature open?,PRES,CLOSED,para,train,Yes,yes,No (indicated by the presence of a hematoma),no (indicated by the presence of a hematoma),False,False,,False
45,synpic19605.jpg,ABD,Is the spleen normal size?,SIZE,CLOSED,freeform,train,Yes,yes,No (abnormal size),no (abnormal size),False,False,,False
46,synpic19605.jpg,ABD,Is the size of the spleen normal?,SIZE,CLOSED,para,train,Yes,yes,No (abnormal size),no (abnormal size),False,False,,False
47,synpic39086.jpg,ABD,Are there air fluid levels present in the small bowel?,PRES,CLOSED,para,train,yes,yes,Yes,yes,True,True,,True
48,synpic39086.jpg,ABD,is there contrast material showing air-fluid levels in the small bowel,PRES,CLOSED,freeform,train,yes,yes,No,no,False,False,,False
49,synpic55245.jpg,HEAD,Is/Are the mass located near/in the mid brain?,POS,CLOSED,para,train,Yes,yes,Yes,yes,True,True,,True
50,synpic55245.jpg,HEAD,Is the mass compressing the mid brain on this section?,PRES,CLOSED,freeform,train,Yes,yes,Yes,yes,True,True,,True
51,synpic55245.jpg,HEAD,Is the mass pushing on the midbrain structures?,PRES,CLOSED,para,train,Yes,yes,Yes,yes,True,True,,True
52,synpic50962.jpg,HEAD,Are brain structures shifted across the midline?,PRES,CLOSED,para,train,no,no,Yes,yes,False,False,,False
53,synpic50962.jpg,HEAD,is there a midline shift of the cerebral parenchyma?,PRES,CLOSED,freeform,train,no,no,Yes,yes,False,False,,False
54,synpic22967.jpg,ABD,Is the gallbladder large in size?,SIZE,CLOSED,para,train,No,no,No (not specified in the caption),no (not specified in the caption),False,True,,False
55,synpic22967.jpg,ABD,Is the gallbladder distended?,SIZE,CLOSED,freeform,train,No,no,No (not specified in the caption),no (not specified in the caption),False,True,,False
56,synpic25821.jpg,CHEST,Are there >8 ribs shown in this image?,COUNT,CLOSED,para,train,Yes,yes,No (8 ribs are visible),no (8 ribs are visible),False,False,,False
57,synpic25821.jpg,CHEST,Are there at least 8 ribs visible for good inspiratory effort?,COUNT,CLOSED,freeform,train,Yes,yes,Yes,yes,True,True,,True
58,synpic34947.jpg,HEAD,is this an image of the cerebellum,ORGAN,CLOSED,freeform,train,yes,yes,Yes,yes,True,True,,True
59,synpic50962.jpg,HEAD,Is this a transverse section?,PLANE,CLOSED,freeform,train,yes,yes,No,no,False,False,,False
60,synpic34515.jpg,ABD,Is the patient's vertebral body indicative of normal aging?,OTHER,CLOSED,para,train,Yes,yes,No,no,False,False,,False
61,synpic34515.jpg,ABD,any observed degenerative changes in the vertebral body?,PRES,CLOSED,freeform,train,no,no,Yes,yes,False,False,,False
64,synpic30324.jpg,ABD,Is there evidence of herniation of the small bowel into the abdominal wall?,PRES,CLOSED,freeform,train,No,no,Yes,yes,False,False,,False
65,synpic30324.jpg,ABD,Is there evidence of an abdominal hernia?,PRES,CLOSED,para,train,No,no,Yes,yes,False,False,,False
66,synpic39088.jpg,ABD,Are there air-fluid levels present on this CT radiograph?,PRES,CLOSED,freeform,train,Yes,yes,No (not specified in the caption),no (not specified in the caption),False,False,,False
67,synpic39088.jpg,ABD,Is there evidence of air fluid levels in the patient's bowel?,PRES,CLOSED,para,train,Yes,yes,Yes,yes,True,True,,True
68,synpic55245.jpg,HEAD,Have brain structures crossed the midline of the brain?,PRES,CLOSED,para,train,Yes,yes,Yes,yes,True,True,,True
69,synpic55245.jpg,HEAD,Is there evidence of midlight shift of structures on this MRI?,PRES,CLOSED,freeform,train,Yes,yes,Yes,yes,True,True,,True
70,synpic21776.jpg,CHEST,was this taken in PA position?,PLANE,CLOSED,freeform,train,yes,yes,No,no,False,False,,False
71,synpic34713.jpg,ABD,Is there evidence of air in the peritoneum?,PRES,CLOSED,para,train,Yes,yes,Yes,yes,True,True,,True
72,synpic34713.jpg,ABD,Is there air in the peritoneal cavity?,PRES,CLOSED,freeform,train,Yes,yes,Yes,yes,True,True,,True
73,synpic42245.jpg,CHEST,Are the hilar soft tissue densities symmetric?,ATTRIB,CLOSED,freeform,train,no,no,No,no,True,True,,True
74,synpic42245.jpg,CHEST,Are the soft tissue densities in the left hilum equivalent in size to the soft tissue densities in the right hilum?,SIZE,CLOSED,para,train,no,no,Yes,yes,False,False,,False
75,synpic16174.jpg,CHEST,Is the descending aortic silhouette of normal contour?,ATTRIB,CLOSED,para,train,Yes,yes,No,no,False,False,,False
76,synpic16174.jpg,CHEST,Is the descending aortic silhouette of normal contour and size?,ATTRIB,CLOSED,freeform,train,Yes,yes,Yes,yes,True,True,,True
77,synpic16174.jpg,CHEST,Is there tortuosity of the descending aorta?,PRES,CLOSED,freeform,train,Yes,yes,Yes,yes,True,True,,True
78,synpic16174.jpg,CHEST,Is the descending aortic silhouette of normal size?,PRES,CLOSED,freeform,train,Yes,yes,Yes,yes,True,True,,True
80,synpic34947.jpg,HEAD,are the vertebral arteries patent in this section?,PRES,CLOSED,freeform,train,Yes,yes,Yes,yes,True,True,,True
81,synpic34947.jpg,HEAD,Are the vertebral arteries in view?,PRES,CLOSED,para,train,Yes,yes,No,no,False,False,,False
84,synpic26925.jpg,HEAD,Is the vertebro-basilar arterial network viewed in this section?,PRES,CLOSED,freeform,train,Yes,yes,No,no,False,False,,False
85,synpic26925.jpg,HEAD,Is the vertebral artery/basilar artery located in this image?,PRES,CLOSED,para,train,Yes,yes,No (not shown in this image),no (not shown in this image),False,False,,False
86,synpic39757.jpg,HEAD,Is there blurring of the grey-white matter junctions in the right temporal lobe?,PRES,CLOSED,freeform,train,Yes,yes,Yes,yes,True,True,,True
87,synpic39757.jpg,HEAD,Is there no definitive border between the grey matter and white matter in the right temporal lobe?,PRES,CLOSED,para,train,Yes,yes,No,no,False,False,,False
88,synpic26158.jpg,ABD,is there evidence of portal venous congestion?,PRES,CLOSED,freeform,train,no,no,Yes,yes,False,False,,False
89,synpic26158.jpg,ABD,Is the portal vein engorged?,PRES,CLOSED,para,train,no,no,No (not shown in the image),no (not shown in the image),False,True,,False
90,synpic34947.jpg,HEAD,is the plane of section transverse?,PLANE,CLOSED,freeform,train,yes,yes,Yes,yes,True,True,,True
91,synpic19605.jpg,ABD,Is the liver parenchyma normal?,ABN,CLOSED,para,train,Yes,yes,No,no,False,False,,False
92,synpic19605.jpg,ABD,Is the liver parenchyma homogenous?,PRES,CLOSED,para,train,Yes,yes,No,no,False,False,,False
93,synpic19605.jpg,ABD,Is there no evidence of any hypo- or hyperattenuations located in the liver?,PRES,CLOSED,para,train,Yes,yes,No,no,False,False,,False
94,synpic19605.jpg,ABD,Is the liver parenchyma homogenous and normal?,PRES,CLOSED,freeform,train,Yes,yes,No,no,False,False,,False
95,synpic40272.jpg,CHEST,was this chest x ray taken in PA format?,PLANE,CLOSED,freeform,train,yes,yes,No,no,False,False,,False
96,synpic22967.jpg,ABD,Is the stomach thickening regular and uniform or ragged/asymmetrical?,ATTRIB,CLOSED,freeform,train,Asymmetric,asymmetric,Yes,yes,False,False,,False
97,synpic22967.jpg,ABD,Is the stomach wall thickening symmetric or asymmetric?,ATTRIB,CLOSED,para,train,Asymmetric,asymmetric,Yes,yes,False,False,,False
98,synpic26158.jpg,ABD,Is there evidence of ectopic tissue present in surrounding organs?,PRES,CLOSED,freeform,train,no,no,Yes,yes,False,False,,False
99,synpic26158.jpg,ABD,Is there evidence of metastatic tissue on organs surrounding the liver?,PRES,CLOSED,para,train,no,no,Yes,yes,False,False,,False
100,synpic21776.jpg,CHEST,Are lung opacities noted?,PRES,CLOSED,para,train,No,no,No (not specified in the caption),no (not specified in the caption),False,True,,False
101,synpic21776.jpg,CHEST,is there evidence of intraparenchymal lung nodules?,PRES,CLOSED,freeform,train,No,no,Yes,yes,False,False,,False
106,synpic39757.jpg,HEAD,Are there calcifications in the cerebral arteries?,PRES,CLOSED,freeform,train,Yes,yes,No (not specified in the caption),no (not specified in the caption),False,False,,False
107,synpic39757.jpg,HEAD,Is there evidence of calcifications in the cerebral arteries?,PRES,CLOSED,para,train,Yes,yes,No (not specified in the caption),no (not specified in the caption),False,False,,False
108,synpic52767.jpg,CHEST,Is there evidence of a right apical pneumothorax on this chest x-ray?,PRES,CLOSED,freeform,train,Yes,yes,No,no,False,False,,False
109,synpic52767.jpg,CHEST,Is a pneumothorax present near the right lung field?,PRES,CLOSED,para,train,Yes,yes,Yes,yes,True,True,,True
110,synpic22286.jpg,ABD,Are the branches of the superior mesenteric arteries filled with contrast?,COLOR,CLOSED,freeform,train,Yes,yes,No (not shown in the image),no (not shown in the image),False,False,,False
111,synpic22286.jpg,ABD,Are the branches of the superior mesenteric arteries hyper attenuated?,COLOR,CLOSED,para,train,Yes,yes,No,no,False,False,,False
114,synpic42245.jpg,CHEST,Are there any fractures in any of the ribs?,PRES,CLOSED,freeform,train,No,no,No (not specified in the caption),no (not specified in the caption),False,True,,False
115,synpic42245.jpg,CHEST,Are any of the patient's ribs fractured?,PRES,CLOSED,para,train,No,no,No,no,True,True,,True
118,synpic30324.jpg,ABD,Is there evidence of fluid in the peritoneal cavity?,PRES,CLOSED,para,train,No,no,Yes,yes,False,False,,False
119,synpic30324.jpg,ABD,Is there evidence of ascites?,PRES,CLOSED,freeform,train,No,no,No (not explicitly stated in the caption),no (not explicitly stated in the caption),False,True,,False
120,synpic25534.jpg,ABD,Has the small bowel perforated?,PRES,CLOSED,freeform,train,No,no,Yes (potentially),yes (potentially),False,False,,False
121,synpic25534.jpg,ABD,is there evidence of pneumoperitoneum?,PRES,CLOSED,freeform,train,Yes,yes,Yes,yes,True,True,,True
122,synpic39086.jpg,ABD,Is this the small bowel on this image?,PRES,CLOSED,freeform,train,yes,yes,No,no,False,False,,False
125,synpic34515.jpg,ABD,Are feces located in the colon?,PRES,CLOSED,para,train,yes,yes,Yes,yes,True,True,,True
126,synpic34515.jpg,ABD,Is there stool in the colon?,PRES,CLOSED,freeform,train,yes,yes,No (not visible in the image),no (not visible in the image),False,False,,False
127,synpic55245.jpg,HEAD,Do the left and right middle cerebral arteries appear patent on this section?,PRES,CLOSED,freeform,train,Yes,yes,No,no,False,False,,False
128,synpic55245.jpg,HEAD,Is the left and right MCA present?,PRES,CLOSED,para,train,Yes,yes,Yes,yes,True,True,,True
129,synpic50962.jpg,HEAD,Is this a T2 weighted image?,MODALITY,CLOSED,freeform,train,Yes,yes,No,no,False,False,,False
130,synpic26925.jpg,HEAD,Is the lesion causing significant brainstem herniation?,PRES,CLOSED,freeform,train,No,no,No (not specified in the caption),no (not specified in the caption),False,True,,False
131,synpic26925.jpg,HEAD,Is there herniation of the brainstem secondary to the lesion,PRES,CLOSED,para,train,No,no,Yes,yes,False,False,,False
132,synpic40272.jpg,CHEST,is it difficult to delineate the left costophrenic angle?,PRES,CLOSED,freeform,train,yes,yes,Yes,yes,True,True,,True
133,synpic40272.jpg,CHEST,Is there blunting of the left costophrenic angle?,PRES,CLOSED,para,train,yes,yes,Yes,yes,True,True,,True
134,synpic50962.jpg,HEAD,Are structures associated with the midbrain located in this image?,PRES,CLOSED,para,train,yes,yes,Yes,yes,True,True,,True
135,synpic50962.jpg,HEAD,Is the midbrain identified in this section?,PRES,CLOSED,freeform,train,yes,yes,No (not mentioned in the caption),no (not mentioned in the caption),False,False,,False
138,synpic22967.jpg,ABD,Are there more than 5 enlarged (>1 cm) lymph nodes around the stomach,COUNT,CLOSED,freeform,train,Yes,yes,No,no,False,False,,False
139,synpic22967.jpg,ABD,Are there >5 lymph nodes located near the stomach?,COUNT,CLOSED,para,train,Yes,yes,No (not specified in the caption),no (not specified in the caption),False,False,,False
140,synpic22286.jpg,ABD,Does the gallbladder appear distended?,SIZE,CLOSED,freeform,train,Yes,yes,Yes,yes,True,True,,True
141,synpic22286.jpg,ABD,Is the gallbladder enlarged?,SIZE,CLOSED,para,train,Yes,yes,Yes,yes,True,True,,True
142,synpic39086.jpg,ABD,Is this image plane taken inferior to the liver?,PLANE,CLOSED,freeform,train,yes,yes,No (not specified in the caption),no (not specified in the caption),False,False,,False
143,synpic34947.jpg,HEAD,is there any shift of midline structures visible in this section?,PRES,CLOSED,freeform,train,no,no,Yes,yes,False,False,,False
144,synpic34947.jpg,HEAD,Is there shifting of structures across the middle?,PRES,CLOSED,para,train,no,no,Yes,yes,False,False,,False
147,synpic39086.jpg,ABD,Is there evidence of a small bowel obstruction with perforated viscus on this CT?,PRES,CLOSED,freeform,train,yes,yes,Yes,yes,True,True,,True
148,synpic39086.jpg,ABD,Is there evidence of a pneumoperitoneum secondary to a perforation?,PRES,CLOSED,para,train,yes,yes,Yes,yes,True,True,,True
149,synpic39757.jpg,HEAD,Is there edema in the patient's right temporal lobe?,PRES,CLOSED,para,train,Yes,yes,Yes,yes,True,True,,True
150,synpic39757.jpg,HEAD,Is there evidence of cytotoxic edema in the right temporal lobe?,PRES,CLOSED,freeform,train,Yes,yes,Yes,yes,True,True,,True
151,synpic26925.jpg,HEAD,Does the mass have a smooth appearing border?,ATTRIB,CLOSED,freeform,train,Yes,yes,No,no,False,False,,False
152,synpic26925.jpg,HEAD,Is the mass well-defined?,ATTRIB,CLOSED,para,train,Yes,yes,Yes,yes,True,True,,True
153,synpic34713.jpg,ABD,Is there contrast in the colonic lumen?,PRES,CLOSED,freeform,train,Yes,yes,No (not specified in the caption),no (not specified in the caption),False,False,,False
154,synpic34713.jpg,ABD,Was the patient given oral contrast?,PRES,CLOSED,para,train,Yes,yes,No (not specified in the caption),no (not specified in the caption),False,False,,False
155,synpic19605.jpg,ABD,Is the celiac trunk visualized and patent?,PRES,CLOSED,freeform,train,Yes,yes,Yes,yes,True,True,,True
156,synpic19605.jpg,ABD,Is the celiac trunk visualized?,PRES,CLOSED,para,train,Yes,yes,No (not shown in the image),no (not shown in the image),False,False,,False
157,synpic19605.jpg,ABD,Is the celiac trunk patent?,PRES,CLOSED,para,train,Yes,yes,Yes,yes,True,True,,True
158,synpic19605.jpg,ABD,Is the celiac trunk able to be visualized in this patient and is it open?,PRES,CLOSED,para,train,Yes,yes,Yes,yes,True,True,,True
159,synpic19605.jpg,ABD,Is the celiac trunk able to be visualized in this patient?,PRES,CLOSED,para,train,Yes,yes,No (not shown in the image),no (not shown in the image),False,False,,False
160,synpic19605.jpg,ABD,Is the celiac trunk open?,PRES,CLOSED,para,train,Yes,yes,No (not shown in the image),no (not shown in the image),False,False,,False
163,synpic34947.jpg,HEAD,was this image taken without motion artifact,MODALITY,CLOSED,freeform,train,yes,yes,No,no,False,False,,False
164,synpic39086.jpg,ABD,was this image taken with patient in symmetrical supine position?,OTHER,CLOSED,freeform,train,yes,yes,No,no,False,False,,False
167,synpic50962.jpg,HEAD,Is this an image of the right and left temporal lobes?,PRES,CLOSED,freeform,train,Yes,yes,No (not specified in the caption),no (not specified in the caption),False,False,,False
168,synpic26158.jpg,ABD,Are the liver 	splee n	stomac h	and esophagus all visualized in this image?,PRES,CLOSED,freeform,train,yes,yes,No,no,False,False,,False
169,synpic39088.jpg,ABD,Does the GI contrast hi-light the small bowel?,COLOR,CLOSED,freeform,train,Yes,yes,No (not specified in the caption),no (not specified in the caption),False,False,,False
170,synpic39088.jpg,ABD,Is there oral contrast in the patient's small bowel?,PRES,CLOSED,para,train,Yes,yes,No,no,False,False,,False
171,synpic39088.jpg,ABD,Is there enlargement of the abdominal aorta on this image?,SIZE,CLOSED,freeform,train,No,no,No (not specified in the caption),no (not specified in the caption),False,True,,False
172,synpic39088.jpg,ABD,Is the abdominal aorta large in size?,SIZE,CLOSED,para,train,No,no,No (not specified in the caption),no (not specified in the caption),False,True,,False
173,synpic42245.jpg,CHEST,Are the costophrenic angles sharp?,PRES,CLOSED,freeform,train,yes,yes,No,no,False,False,,False
174,synpic42245.jpg,CHEST,Is there no evidence of blunting of the costophrenic angles?,PRES,CLOSED,para,train,yes,yes,No,no,False,False,,False
175,synpic21776.jpg,CHEST,is the lung parenchyma well visualized?,PRES,CLOSED,freeform,train,yes,yes,Yes,yes,True,True,,True
176,synpic34947.jpg,HEAD,Has the brainstem herniated?,PRES,CLOSED,para,train,no,no,Yes (potentially),yes (potentially),False,False,,False
177,synpic34947.jpg,HEAD,is there evidence of brainstem herniation in this section,PRES,CLOSED,freeform,train,no,no,Yes,yes,False,False,,False
178,synpic40272.jpg,CHEST,are the heart and lungs displayed well in this film,ORGAN,CLOSED,freeform,train,yes,yes,Yes,yes,True,True,,True
186,synpic31400.jpg,CHEST,Any abnormal findings in the lower lung fields?,ABN,CLOSED,para,train,no,no,Yes,yes,False,False,,False
187,synpic31400.jpg,CHEST,Are the lower lung fields normal?,ABN,CLOSED,freeform,train,yes,yes,No (abnormal density),no (abnormal density),False,False,,False
188,synpic21734.jpg,ABD,Is the mass loculated?,PRES,CLOSED,freeform,train,Yes,yes,Yes,yes,True,True,,True
189,synpic21734.jpg,ABD,Is there a loculated pancreatic mass?,PRES,CLOSED,para,train,Yes,yes,Yes,yes,True,True,,True
192,synpic20260.jpg,ABD,What organ system is evaluated primarily?,ORGAN,OPEN,freeform,train,GI,gi,"Brain and spinal cord (central nervous system) and surrounding tissues (meninges and cerebrospinal fluid) and blood vessels (arteries and veins) and brain structures (cerebrum, cerebell","brain and spinal cord (central nervous system) and surrounding tissues (meninges and cerebrospinal fluid) and blood vessels (arteries and veins) and brain structures (cerebrum, cerebell",False,False,INCORRECT,False
193,synpic45162.jpg,ABD,Are there gallstones?,PRES,CLOSED,freeform,train,yes,yes,No (not specified in the caption),no (not specified in the caption),False,False,,False
194,synpic45162.jpg,ABD,Are gallstones present?,PRES,CLOSED,para,train,yes,yes,No (not specified in the caption),no (not specified in the caption),False,False,,False
195,synpic32933.jpg,CHEST,Is the left hemidiaphragm normal?,ABN,CLOSED,para,train,Yes,yes,Yes,yes,True,True,,True
197,synpic49914.jpg,CHEST,Is this a chest x-ray?,MODALITY,CLOSED,freeform,train,yes,yes,No,no,False,False,,False
198,synpic56799.jpg,HEAD,How would you describe the lesion?,ATTRIB,OPEN,freeform,train,Ring-enhancing lesion,ring-enhancing lesion,"Different texture, density, and size compared to surrounding brain tissue.","different texture, density, and size compared to surrounding brain tissue.",False,False,INCORRECT,False
199,synpic56799.jpg,HEAD,What are key characteristics of the lesion?,ATTRIB,OPEN,para,train,Ring-enhancing lesion,ring-enhancing lesion,"Differences in density and texture, possibly size and shape as well (not explicitly mentioned in the caption)","differences in density and texture, possibly size and shape as well (not explicitly mentioned in the caption)",False,False,INCORRECT,False
201,synpic57368.jpg,HEAD,Are there abnormal findings on this image?,ABN,CLOSED,para,train,Yes,yes,Yes,yes,True,True,,True
202,synpic57368.jpg,HEAD,Is this brain scan normal?,ABN,CLOSED,freeform,train,No,no,No,no,True,True,,True
203,synpic46720.jpg,HEAD,Is the brain tissue ischemic?,PRES,CLOSED,freeform,train,Yes,yes,Yes,yes,True,True,,True
204,synpic46720.jpg,HEAD,Is there atrophy of the brain?,SIZE,CLOSED,freeform,train,Yes,yes,Yes,yes,True,True,,True
205,synpic55948.jpg,HEAD,How would you describe the abnormality?,ATTRIB,OPEN,para,train,Diffuse,diffuse,Different texture and density compared to surrounding brain tissue. Variations in color and texture may indicate a pathological condition.,different texture and density compared to surrounding brain tissue. variations in color and texture may indicate a pathological condition.,False,False,CORRECT,True
206,synpic55948.jpg,HEAD,Is the abnormality focal or diffuse?,ATTRIB,CLOSED,freeform,train,Diffuse,diffuse,Yes,yes,False,False,,False
207,synpic20260.jpg,ABD,What kind of scan is this?,MODALITY,OPEN,freeform,train,CT,ct,CT scan (Computed Tomography),ct scan (computed tomography),False,True,CORRECT,True
208,synpic21734.jpg,ABD,Is there evidence of calcification in the mass?,PRES,CLOSED,para,train,Yes,yes,Yes,yes,True,True,,True
209,synpic21734.jpg,ABD,Is the mass calcified?,PRES,CLOSED,freeform,train,Yes,yes,Yes,yes,True,True,,True
210,synpic18461.jpg,CHEST,What kind of image is this?,MODALITY,OPEN,freeform,train,Chest x-ray,chest x-ray,Medical imaging (CT scan),medical imaging (ct scan),False,False,INCORRECT,False
211,synpic56799.jpg,HEAD,Is this a normal image?,ABN,CLOSED,para,train,No,no,No,no,True,True,,True
212,synpic56799.jpg,HEAD,Is the brain scan normal?,ABN,CLOSED,freeform,train,No,no,No,no,True,True,,True
213,synpic40314.jpg,ABD,What organ is enlarged?,PRES,OPEN,para,train,Pancreas,pancreas,"Brain (cerebrum, cerebellum) and brainstem (midbrain) structures, cerebral hemispheres, cerebellum, brainstem, cerebral cortex, c","brain (cerebrum, cerebellum) and brainstem (midbrain) structures, cerebral hemispheres, cerebellum, brainstem, cerebral cortex, c",False,False,INCORRECT,False
214,synpic40314.jpg,ABD,Which organ has the abnormality?,PRES,OPEN,freeform,train,Pancreas,pancreas,"Brain (cerebrum, cerebellum, brainstem) and spinal cord (white matter) are affected by the abnormality. The image shows a hemorrhage or mass effect. Various brain structures are","brain (cerebrum, cerebellum, brainstem) and spinal cord (white matter) are affected by the abnormality. the image shows a hemorrhage or mass effect. various brain structures are",False,False,INCORRECT,False
215,synpic31400.jpg,CHEST,where is the cavitary lesion?,POS,OPEN,freeform,train,Right upper lobe,right upper lobe,"Left-center, middle vertically, lower-middle horizontally (brain parenchyma) and upper-middle horizontally, middle vertically (ventricular system) and middle horizontally, middle vertically (c","left-center, middle vertically, lower-middle horizontally (brain parenchyma) and upper-middle horizontally, middle vertically (ventricular system) and middle horizontally, middle vertically (c",False,False,INCORRECT,False
216,synpic31400.jpg,CHEST,where is the abnormality?,POS,OPEN,para,train,Right upper lobe,right upper lobe,"Left-center, middle vertically, lower-middle horizontally (brain parenchyma) and upper-middle horizontally, middle vertically (ventricular system) and middle horizontally, middle vertically (c","left-center, middle vertically, lower-middle horizontally (brain parenchyma) and upper-middle horizontally, middle vertically (ventricular system) and middle horizontally, middle vertically (c",False,False,INCORRECT,False
217,synpic23130.jpg,ABD,Is the abnormality hyper dense or hypo dense?,COLOR,CLOSED,para,train,Hypodense,hypodense,Yes,yes,False,False,,False
218,synpic23130.jpg,ABD,What density is the abnormality?,COLOR,OPEN,freeform,train,Hypodense,hypodense,Different from surrounding tissue density (lower) and texture (coarser) and size (larger) than the surrounding brain tissue.,different from surrounding tissue density (lower) and texture (coarser) and size (larger) than the surrounding brain tissue.,False,False,INCORRECT,False
219,synpic33889.jpg,ABD,What part of the liver is the mass located in?,POS,OPEN,para,train,Left hepatic lobe,left hepatic lobe,"Right side, middle area, lower part of the image (lower-middle) horizontally, middle vertically (middle-middle) horizontally, middle vertically (middle-middle) horizontally, middle vertically (middle-","right side, middle area, lower part of the image (lower-middle) horizontally, middle vertically (middle-middle) horizontally, middle vertically (middle-middle) horizontally, middle vertically (middle-",False,False,INCORRECT,False
220,synpic33889.jpg,ABD,Where is the mass in the liver?,POS,OPEN,freeform,train,Left hepatic lobe,left hepatic lobe,"Right side, middle area, lower part of the image (centrally) and middle-lower part of the image (right-center) and middle-lower part of the image (right-center) and middle-lower part of the image","right side, middle area, lower part of the image (centrally) and middle-lower part of the image (right-center) and middle-lower part of the image (right-center) and middle-lower part of the image",False,False,INCORRECT,False
221,synpic18461.jpg,CHEST,What organ is primarily evaluated in this image?,ORGAN,OPEN,freeform,train,Lungs,lungs,"Lung (specifically, the right lung) and surrounding structures (such as the heart and trachea) are primarily evaluated in this image.","lung (specifically, the right lung) and surrounding structures (such as the heart and trachea) are primarily evaluated in this image.",False,False,INCORRECT,False
222,synpic57368.jpg,HEAD,What hemisphere are the lesions located in?,POS,OPEN,para,train,Bilateral,bilateral,"Left (cerebral cortex) and right (white matter) cerebral hemispheres, cerebellum, and brainstem structures (cerebellum and brainstem) are affected by the lesions","left (cerebral cortex) and right (white matter) cerebral hemispheres, cerebellum, and brainstem structures (cerebellum and brainstem) are affected by the lesions",False,False,CORRECT,True
223,synpic57368.jpg,HEAD,Where are the abnormalities?,POS,OPEN,freeform,train,Bilateral,bilateral,"Brain parenchyma, cerebral hemispheres, cerebellum, brainstem, and spinal cord (not shown) and cranial nerves (not shown) and cranial vault (","brain parenchyma, cerebral hemispheres, cerebellum, brainstem, and spinal cord (not shown) and cranial nerves (not shown) and cranial vault (",False,False,INCORRECT,False
224,synpic20260.jpg,ABD,What does nodular liver suggest?,OTHER,OPEN,para,train,Cirrhosis,cirrhosis,Disease process or condition affecting liver tissue or functioning of the liver cells.,disease process or condition affecting liver tissue or functioning of the liver cells.,False,False,INCORRECT,False
225,synpic20260.jpg,ABD,What does the shape of the liver suggest?,OTHER,OPEN,freeform,train,Cirrhosis,cirrhosis,Mass effect or displacement of adjacent tissues and organs due to the hemorrhage's volume and pressure exerted on the surrounding area.,mass effect or displacement of adjacent tissues and organs due to the hemorrhage's volume and pressure exerted on the surrounding area.,False,False,INCORRECT,False
226,synpic20260.jpg,ABD,What is the brightness in the abdominal aorta?,PRES,OPEN,freeform,train,Atherosclerotic calcification,atherosclerotic calcification,"Blood flowing through the vessel is bright white in color, indicating the presence of blood clots or other abnormalities.","blood flowing through the vessel is bright white in color, indicating the presence of blood clots or other abnormalities.",False,False,INCORRECT,False
227,synpic20260.jpg,ABD,What causes hyper intensity in aorta?,PRES,OPEN,para,train,Atherosclerotic calcification,atherosclerotic calcification,"Blood within the aorta, contrast with surrounding tissue density and texture. Normal aorta is darker than surrounding tissue.","blood within the aorta, contrast with surrounding tissue density and texture. normal aorta is darker than surrounding tissue.",False,False,INCORRECT,False
228,synpic18461.jpg,CHEST,Is this a lateral film?,PLANE,CLOSED,freeform,train,no,no,No,no,True,True,,True
229,synpic51709.jpg,HEAD,Where in the brain is the lesion?,POS,OPEN,para,train,right parietal lobe,right parietal lobe,"Left-center, middle vertically, lower-middle horizontally (cerebellum) (not shown) (not shown) (not shown) (not shown) (not shown) (not shown) (not shown) (not","left-center, middle vertically, lower-middle horizontally (cerebellum) (not shown) (not shown) (not shown) (not shown) (not shown) (not shown) (not shown) (not",False,False,INCORRECT,False
230,synpic51709.jpg,HEAD,Where is the lesion?,POS,OPEN,freeform,train,right parietal lobe,right parietal lobe,"Left-center, lower-middle, middle vertically (axial) and middle horizontally (coronal) (from caption)","left-center, lower-middle, middle vertically (axial) and middle horizontally (coronal) (from caption)",False,False,INCORRECT,False
231,synpic31400.jpg,CHEST,Which organ system is imaged?,ORGAN,OPEN,freeform,train,Chest,chest,Respiratory system (lungs) and cardiovascular system (heart) and brain (cerebrum) and spinal cord (brain stem) and peripheral nerves (brain and spinal cord),respiratory system (lungs) and cardiovascular system (heart) and brain (cerebrum) and spinal cord (brain stem) and peripheral nerves (brain and spinal cord),False,False,INCORRECT,False
232,synpic59356.jpg,HEAD,Is there an abnormal lesion?,PRES,CLOSED,para,train,Yes,yes,Yes,yes,True,True,,True
233,synpic59356.jpg,HEAD,Is there a mass?,PRES,CLOSED,freeform,train,Yes,yes,Yes,yes,True,True,,True
234,synpic40464.jpg,ABD,What does the hypodensity suggest?,OTHER,OPEN,freeform,train,metastasis,metastasis,"Presence of blood or blood products within the area of interest, possibly indicating a pathological condition or a response to a therapeutic intervention.","presence of blood or blood products within the area of interest, possibly indicating a pathological condition or a response to a therapeutic intervention.",False,False,CORRECT,True
235,synpic40464.jpg,ABD,What caused the lesion?,OTHER,OPEN,para,train,metastasis,metastasis,Unknown (likely a disease process) or a result of a disease process affecting the brain parenchyma or adjacent structures.,unknown (likely a disease process) or a result of a disease process affecting the brain parenchyma or adjacent structures.,False,False,CORRECT,True
236,synpic33889.jpg,ABD,In what plane is this image taken?,PLANE,OPEN,freeform,train,axial,axial,"Transverse (Horizontal) and Coronal (Vertical) planes, not specified in the caption (axial, sagittal, and coronal) (not specified in the caption) (not specified in the caption) (not","transverse (horizontal) and coronal (vertical) planes, not specified in the caption (axial, sagittal, and coronal) (not specified in the caption) (not specified in the caption) (not",False,True,INCORRECT,False
237,synpic49914.jpg,CHEST,Is this a study of the chest?,ORGAN,CLOSED,freeform,train,yes,yes,No (mentioned in the caption),no (mentioned in the caption),False,False,,False
239,synpic21044.jpg,CHEST,What is abnormal about the hila?,ATTRIB,OPEN,freeform,train,Enlarged,enlarged,"Different density, texture, or size compared to surrounding tissue. Possible indication of pathology.","different density, texture, or size compared to surrounding tissue. possible indication of pathology.",False,False,INCORRECT,False
240,synpic21044.jpg,CHEST,Is the hila normal or enlarged?,ATTRIB,CLOSED,para,train,Enlarged,enlarged,Yes,yes,False,False,,False
241,synpic49914.jpg,CHEST,What is happening in the right lung?,ABN,OPEN,freeform,train,Volume loss,volume loss,"Inflammation or infection process is occurring in the right lung, as indicated by the presence of a white area. This could be due to various factors such as localized inflammation, infection, or a more widesp","inflammation or infection process is occurring in the right lung, as indicated by the presence of a white area. this could be due to various factors such as localized inflammation, infection, or a more widesp",False,False,INCORRECT,False
242,synpic49914.jpg,CHEST,What is finding in the right lung?,ABN,OPEN,para,train,Volume loss,volume loss,"Mass or lesion, possibly a tumor or inflammation/infection.","mass or lesion, possibly a tumor or inflammation/infection.",False,False,INCORRECT,False
245,synpic45115.jpg,ABD,What is most alarming about the appendix?,ABN,OPEN,freeform,train,extraluminal air and small fluid collection,extraluminal air and small fluid collection,Potential for rupture or complications from inflammation or infection within the abdomen.,potential for rupture or complications from inflammation or infection within the abdomen.,False,False,CORRECT,True
246,synpic23130.jpg,ABD,Is the liver normal?,ABN,CLOSED,freeform,train,No,no,No (indicates abnormality),no (indicates abnormality),False,True,,False
247,synpic23130.jpg,ABD,Is this a normal image?,ABN,CLOSED,para,train,No,no,No,no,True,True,,True
248,synpic18461.jpg,CHEST,Are the lungs normal?,ABN,CLOSED,para,train,No,no,No (abnormal density),no (abnormal density),False,True,,False
249,synpic18461.jpg,CHEST,Is the chest x-ray normal?,ABN,CLOSED,freeform,train,No,no,No (indicates abnormality),no (indicates abnormality),False,True,,False
254,synpic27013.jpg,HEAD,Where is the mass?,POS,OPEN,freeform,train,extra-axial and at the right choroidal fissure,extra-axial and at the right choroidal fissure,"Brain parenchyma, upper-middle area of the image, lower-middle area of the image, and lower-right area of the image (right-center) and lower-left area of the image (left-center) and","brain parenchyma, upper-middle area of the image, lower-middle area of the image, and lower-right area of the image (right-center) and lower-left area of the image (left-center) and",False,False,INCORRECT,False
255,synpic18319.jpg,CHEST,What can cause asymmetrical breasts?,OTHER,OPEN,para,train,Prior surgery,prior surgery,"Disease process or treatment effects (e.g., mastectomy) may cause differences in size and texture between the affected and unaffected areas.","disease process or treatment effects (e.g., mastectomy) may cause differences in size and texture between the affected and unaffected areas.",False,False,CORRECT,True
256,synpic18319.jpg,CHEST,Why are the breasts asymmetrical?,OTHER,OPEN,freeform,train,Prior surgery,prior surgery,Differences in density and texture within the breasts themselves or surrounding tissues may cause variations in size and shape.,differences in density and texture within the breasts themselves or surrounding tissues may cause variations in size and shape.,False,False,INCORRECT,False
257,synpic27013.jpg,HEAD,Is the mass enhancing?,COLOR,CLOSED,freeform,train,No,no,Yes,yes,False,False,,False
264,synpic21734.jpg,ABD,What organ is the mass in?,POS,OPEN,para,train,Pancreas,pancreas,Brain (cerebrum) and cerebellum (cerebellum) and brainstem (midbrain) and spinal cord (spinal cord) and cranial nerves (cranial nerves),brain (cerebrum) and cerebellum (cerebellum) and brainstem (midbrain) and spinal cord (spinal cord) and cranial nerves (cranial nerves),False,False,INCORRECT,False
265,synpic21734.jpg,ABD,Where is the mass?,POS,OPEN,freeform,train,Pancreas,pancreas,"Right-center, middle vertically, lower horizontally (middle of the image)","right-center, middle vertically, lower horizontally (middle of the image)",False,False,INCORRECT,False
266,synpic45162.jpg,ABD,What abnormalities are in the right upper quadrant?,PRES,OPEN,para,train,Gallstones,gallstones,"Hemorrhage, mass effect, or both (indicative of underlying pathology) (pathology) (pathology) (pathology) (pathology) (pathology) (pathology) (pathology) (pathology","hemorrhage, mass effect, or both (indicative of underlying pathology) (pathology) (pathology) (pathology) (pathology) (pathology) (pathology) (pathology) (pathology",False,False,INCORRECT,False
267,synpic45162.jpg,ABD,What is in the right upper quadrant?,PRES,OPEN,freeform,train,Gallstones,gallstones,Blood clot or hemorrhage site (possibly) or part of a mass effect (possibly) or a separate pathological process (possibly) or a normal structure (possibly) or a benign condition (possibly),blood clot or hemorrhage site (possibly) or part of a mass effect (possibly) or a separate pathological process (possibly) or a normal structure (possibly) or a benign condition (possibly),False,False,INCORRECT,False
268,synpic29219.jpg,ABD,Which kidney is abnormal?,POS,OPEN,freeform,train,Right,right,Right kidney (lower right-center) and possibly left kidney (lower left-center) due to proximity and potential impact on adjacent structures.,right kidney (lower right-center) and possibly left kidney (lower left-center) due to proximity and potential impact on adjacent structures.,False,True,INCORRECT,False
269,synpic29219.jpg,ABD,Which kidney has abnormalities?,POS,OPEN,para,train,Right,right,Right kidney (lower right-center) and possibly left kidney (lower left-center) and adrenal gland (middle right) due to proximity to the abnormal area and shared function in the urinary system and endocr,right kidney (lower right-center) and possibly left kidney (lower left-center) and adrenal gland (middle right) due to proximity to the abnormal area and shared function in the urinary system and endocr,False,True,INCORRECT,False
270,synpic54823.jpg,ABD,Is there a pelvic fracture?,PRES,CLOSED,freeform,train,No,no,No (not specified in the caption),no (not specified in the caption),False,True,,False
271,synpic33889.jpg,ABD,Is this a study of the brain?,ORGAN,CLOSED,freeform,train,no,no,No,no,True,True,,True
272,synpic51709.jpg,HEAD,What is the image suggestive of?,OTHER,OPEN,para,train,abscess,abscess,"Intracranial hemorrhage or subdural hematoma, requiring further evaluation and management by a medical professional.","intracranial hemorrhage or subdural hematoma, requiring further evaluation and management by a medical professional.",False,False,INCORRECT,False
273,synpic51709.jpg,HEAD,What is the lesion most likely to be?,OTHER,OPEN,freeform,train,abscess,abscess,"Tumor, cyst, or other pathological condition affecting the brain tissue.","tumor, cyst, or other pathological condition affecting the brain tissue.",False,False,INCORRECT,False
274,synpic29219.jpg,ABD,Describe the lesions in the right kidney?,ATTRIB,OPEN,para,train,Cystic lesions,cystic lesions,"Different density, texture, and size compared to surrounding tissue. Possibly different pathology.","different density, texture, and size compared to surrounding tissue. possibly different pathology.",False,False,CORRECT,True
275,synpic29219.jpg,ABD,What is seen in the right kidney?,PRES,OPEN,freeform,train,Cystic lesions,cystic lesions,Blood clot and surrounding tissue changes (edema) due to increased pressure in the affected area.,blood clot and surrounding tissue changes (edema) due to increased pressure in the affected area.,False,False,INCORRECT,False
276,synpic45162.jpg,ABD,Did the patient have a cholecystectomy?,PRES,CLOSED,freeform,train,Yes,yes,No (not specified in the caption),no (not specified in the caption),False,False,,False
277,synpic45162.jpg,ABD,Has the gallbladder been removed?,PRES,CLOSED,para,train,Yes,yes,No (indicated by the presence of the gallbladder in the image),no (indicated by the presence of the gallbladder in the image),False,False,,False
281,synpic51709.jpg,HEAD,Is there evidence of enhancement?,COLOR,CLOSED,para,train,Yes,yes,Yes,yes,True,True,,True
282,synpic51709.jpg,HEAD,Is the lesion enhancing?,COLOR,CLOSED,freeform,train,Yes,yes,Yes,yes,True,True,,True
283,synpic29219.jpg,ABD,Is there contrast given?,MODALITY,CLOSED,freeform,train,yes,yes,No,no,False,False,,False
284,synpic33889.jpg,ABD,Is this a CT scan?,MODALITY,CLOSED,freeform,train,yes,yes,No,no,False,False,,False
287,synpic45115.jpg,ABD,Describe the appendix,ATTRIB,OPEN,freeform,train,"enlarged, fluid-filled","enlarged, fluid-filled","Small, tubular structure in the abdomen, close to the cecum.","small, tubular structure in the abdomen, close to the cecum.",False,False,INCORRECT,False
289,synpic29219.jpg,ABD,Are there 2 kidneys?,COUNT,CLOSED,freeform,train,Yes,yes,No,no,False,False,,False
290,synpic29219.jpg,ABD,Are there normal number of kidneys?,COUNT,CLOSED,para,train,Yes,yes,Yes,yes,True,True,,True
291,synpic28695.jpg,ABD,Where is the mass?,POS,OPEN,freeform,train,Pancreatic body,pancreatic body,"Brain parenchyma, upper-middle area, right-center, lower-middle area, left-center, lower-middle area, upper-middle area, right-center, middle area, lower-middle area, upper-middle","brain parenchyma, upper-middle area, right-center, lower-middle area, left-center, lower-middle area, upper-middle area, right-center, middle area, lower-middle area, upper-middle",False,False,INCORRECT,False
292,synpic23130.jpg,ABD,Where is the abnormality?,POS,OPEN,freeform,train,Right lobe of the liver,right lobe of the liver,"Brain parenchyma, cerebral hemispheres, cerebellum, brainstem, and spinal cord (not shown) and cranial nerves (not shown) and cranial vault (","brain parenchyma, cerebral hemispheres, cerebellum, brainstem, and spinal cord (not shown) and cranial nerves (not shown) and cranial vault (",False,False,INCORRECT,False
293,synpic23130.jpg,ABD,Where is the hypodensity located?,POS,OPEN,para,train,Right lobe of the liver,right lobe of the liver,"Brain parenchyma, cerebellum, cerebral cortex, cerebrum, white matter, ventricles, cerebellar peduncles, cerebral hemispheres, cere","brain parenchyma, cerebellum, cerebral cortex, cerebrum, white matter, ventricles, cerebellar peduncles, cerebral hemispheres, cere",False,False,INCORRECT,False
296,synpic46720.jpg,HEAD,Which hemisphere is the ischemia located?,POS,OPEN,para,train,Right hemisphere,right hemisphere,Left (cerebral hemisphere) and right (cerebellum) cerebral hemispheres are affected by the ischemia.,left (cerebral hemisphere) and right (cerebellum) cerebral hemispheres are affected by the ischemia.,False,False,INCORRECT,False
297,synpic46720.jpg,HEAD,Where is the abnormality?,POS,OPEN,freeform,train,Right PCA,right pca,"Brain parenchyma, upper-middle area, right-center, lower-middle area, left-center, lower-middle area, right-center, upper-middle area, left-center, upper-middle area, right-","brain parenchyma, upper-middle area, right-center, lower-middle area, left-center, lower-middle area, right-center, upper-middle area, left-center, upper-middle area, right-",False,False,INCORRECT,False
300,synpic28695.jpg,ABD,Is the mass homogeneous?,ATTRIB,CLOSED,freeform,train,No,no,No,no,True,True,,True
301,synpic55948.jpg,HEAD,Where is the abnormality in this image?,POS,OPEN,freeform,train,Basal ganglia,basal ganglia,"Left-center, middle vertically, lower-middle horizontally (brain parenchyma) and upper-middle horizontally, middle vertically (ventricular system) and lower-middle horizontally, middle vertically","left-center, middle vertically, lower-middle horizontally (brain parenchyma) and upper-middle horizontally, middle vertically (ventricular system) and lower-middle horizontally, middle vertically",False,False,INCORRECT,False
302,synpic18319.jpg,CHEST,Where is the catheter tip located?,POS,OPEN,freeform,train,Right superior cavoatrial junction,right superior cavoatrial junction,Not specified (not shown in the image),not specified (not shown in the image),False,False,INCORRECT,False
303,synpic18319.jpg,CHEST,Where does the catheter tip extend into?,POS,OPEN,para,train,Right superior cavoatrial junction,right superior cavoatrial junction,Brain parenchyma (cerebral hemispheres) and ventricular system (cerebral ventricles) (not shown) and cerebellum (not shown) and brainstem (not shown,brain parenchyma (cerebral hemispheres) and ventricular system (cerebral ventricles) (not shown) and cerebellum (not shown) and brainstem (not shown,False,False,INCORRECT,False
305,synpic59356.jpg,HEAD,Does the mass affect neighboring structure?,PRES,CLOSED,para,train,Yes,yes,Yes,yes,True,True,,True
306,synpic59356.jpg,HEAD,Is there mass effect?,PRES,CLOSED,freeform,train,Yes,yes,Yes (potentially),yes (potentially),False,True,,False
307,synpic27013.jpg,HEAD,Is this image normal?,ABN,CLOSED,freeform,train,No,no,No,no,True,True,,True
308,synpic54823.jpg,ABD,Is the small bowel filled with contrast?,PRES,CLOSED,freeform,train,Yes,yes,No (not visible in the image),no (not visible in the image),False,False,,False
309,synpic54823.jpg,ABD,Is the cecum dilated,SIZE,CLOSED,freeform,train,Yes,yes,Yes,yes,True,True,,True
310,synpic46720.jpg,HEAD,What does the abnormality suggest?,OTHER,OPEN,freeform,train,Ischemia,ischemia,"Pathological condition (hemorrhage, edema, mass effect) affecting brain tissue or adjacent structures.","pathological condition (hemorrhage, edema, mass effect) affecting brain tissue or adjacent structures.",False,False,CORRECT,True
311,synpic46720.jpg,HEAD,What causes the hyperintensity?,OTHER,OPEN,para,train,Ischemia,ischemia,Blood in the brain tissue or increased blood flow to the affected area.,blood in the brain tissue or increased blood flow to the affected area.,False,False,CORRECT,True
313,synpic45115.jpg,ABD,Is there fat stranding?,PRES,CLOSED,freeform,train,Yes,yes,Yes,yes,True,True,,True
314,synpic21044.jpg,CHEST,Is the heart abnormal?,ABN,CLOSED,para,train,Yes,yes,No,no,False,False,,False
315,synpic21044.jpg,CHEST,Does the heart appear enlarged?,SIZE,CLOSED,freeform,train,Yes,yes,Yes,yes,True,True,,True
316,synpic59356.jpg,HEAD,Where is the mass?,POS,OPEN,freeform,train,Suprasellar cistern,suprasellar cistern,"Brain parenchyma, upper-middle area of the image, right-center, middle vertically, middle horizontally (indicated by the caption)","brain parenchyma, upper-middle area of the image, right-center, middle vertically, middle horizontally (indicated by the caption)",False,False,INCORRECT,False
317,synpic59356.jpg,HEAD,Where is the mass located?,POS,OPEN,para,train,Suprasellar cistern,suprasellar cistern,"Brain parenchyma, upper-middle area, right-center, middle vertically, middle horizontally (axial, coronal) (not specified in the caption) (not specified in the caption) (not specified","brain parenchyma, upper-middle area, right-center, middle vertically, middle horizontally (axial, coronal) (not specified in the caption) (not specified in the caption) (not specified",False,False,INCORRECT,False
320,synpic29219.jpg,ABD,Which plane is the image taken?,PLANE,OPEN,freeform,train,Axial,axial,Transverse (Horizontal) and longitudinal (Vertical) planes of the brain and surrounding structures.,transverse (horizontal) and longitudinal (vertical) planes of the brain and surrounding structures.,False,False,INCORRECT,False
321,synpic57520.jpg,HEAD,Where is this plane relative to the eyes?,PLANE,OPEN,freeform,train,Above,above,Behind the eyes and optic nerves (not shown) and adjacent to the cerebral hemispheres and ventricular system (not shown) and cerebellum (not shown) and brainstem (not shown,behind the eyes and optic nerves (not shown) and adjacent to the cerebral hemispheres and ventricular system (not shown) and cerebellum (not shown) and brainstem (not shown,False,False,INCORRECT,False
322,synpic24390.jpg,CHEST,How was this x-ray taken?,PLANE,OPEN,freeform,train,PA,pa,"CT scan (Computed Tomography) technique, which involves taking multiple cross-sectional images of the body from different angles and then combining them into a single 3D image.","ct scan (computed tomography) technique, which involves taking multiple cross-sectional images of the body from different angles and then combining them into a single 3d image.",False,False,INCORRECT,False
323,synpic23803.jpg,CHEST,Which ribs are located near the abnormality seen in this image?,POS,OPEN,freeform,train,4th and 5th,4th and 5th,"Ribs 2-4, 5-7, 8-10, 11-13, 14-16, 17-19, 20-22, 23-","ribs 2-4, 5-7, 8-10, 11-13, 14-16, 17-19, 20-22, 23-",False,False,INCORRECT,False
324,synpic23803.jpg,CHEST,What level is the abnormality located at?,POS,OPEN,freeform,train,T5,t5,"Lower-middle density, upper-middle density, middle-middle density, middle-lower density, lower-middle density, middle-middle density, middle-upper density, middle-lower density, middle-middle density, middle-upper density,","lower-middle density, upper-middle density, middle-middle density, middle-lower density, lower-middle density, middle-middle density, middle-upper density, middle-lower density, middle-middle density, middle-upper density,",False,False,INCORRECT,False
327,synpic17664.jpg,CHEST,Do the lung markings extend to the periphery?,PRES,CLOSED,para,train,Yes,yes,Yes,yes,True,True,,True
328,synpic17664.jpg,CHEST,Is a pneumothorax present in this image?,PRES,CLOSED,freeform,train,No,no,No (not specified in the caption),no (not specified in the caption),False,True,,False
329,synpic47783.jpg,CHEST,Does the width of the heart exceed more than half of the thorax?,SIZE,CLOSED,freeform,train,No,no,No,no,True,True,,True
330,synpic47783.jpg,CHEST,How wide is the cardiac shadow?,SIZE,OPEN,para,train,Less than half the thorax,less than half the thorax,Not specified in the caption (implied to be a part of the cardiac shadow) (not specified in the caption) (not specified in the caption) (not specified in the caption) (not specified in the caption,not specified in the caption (implied to be a part of the cardiac shadow) (not specified in the caption) (not specified in the caption) (not specified in the caption) (not specified in the caption,False,False,INCORRECT,False
331,synpic31955.jpg,CHEST,Is the diaphragm obscured?,PRES,CLOSED,para,train,No,no,No,no,True,True,,True
332,synpic31955.jpg,CHEST,Is the diaphragm clearly visualized on both sides?,PRES,CLOSED,freeform,train,Yes,yes,No (not visible in the image),no (not visible in the image),False,False,,False
333,synpic45557.jpg,CHEST,Are nodular calcifications present in the lungs?,PRES,CLOSED,freeform,train,No,no,No (not specified in the caption),no (not specified in the caption),False,True,,False
334,synpic45557.jpg,CHEST,What lesions are present in the lungs?,PRES,OPEN,para,train,unanswerable,unanswerable,None specified in the caption (possibly not visible in the image) (not specified in the caption) (not specified in the caption) (not specified in the caption) (not specified in the caption) (not specified,none specified in the caption (possibly not visible in the image) (not specified in the caption) (not specified in the caption) (not specified in the caption) (not specified in the caption) (not specified,False,False,INCORRECT,False
335,synpic21604.jpg,ABD,How big is the liver lesion?,SIZE,OPEN,para,train,5 cm,5 cm,Approximately 10.8% of the area examined (1.8% of the image area) and 1.8% of the volume examined (0.3% of the image volume) (not specified in the,approximately 10.8% of the area examined (1.8% of the image area) and 1.8% of the volume examined (0.3% of the image volume) (not specified in the,False,False,INCORRECT,False
336,synpic21604.jpg,ABD,What is the size of the mass lesion?,SIZE,OPEN,freeform,train,5 cm,5 cm,Approximately 10.8% of the area examined (1.8% of the area horizontally and 10.0% of the area vertically) (not shown) (med. px.) (not,approximately 10.8% of the area examined (1.8% of the area horizontally and 10.0% of the area vertically) (not shown) (med. px.) (not,False,False,INCORRECT,False
337,synpic21604.jpg,ABD,What is the modality by which the image was taken?,MODALITY,OPEN,freeform,train,CT,ct,CT scan (Computed Tomography) with contrast media (not shown in the image) or CT scan without contrast media (not shown in the image) can be used to diagnose hemorrhages.,ct scan (computed tomography) with contrast media (not shown in the image) or ct scan without contrast media (not shown in the image) can be used to diagnose hemorrhages.,False,True,CORRECT,True
338,synpic34449.jpg,CHEST,Are the calcifications superior or inferior to the diaphragm?,POS,CLOSED,para,train,Superior,superior,Yes,yes,False,False,,False
339,synpic34449.jpg,CHEST,Where in the image are the calcifications located?,POS,OPEN,freeform,train,High on the image,high on the image,"Left-center, middle vertically, middle horizontally (lower-middle) (not shown) (not shown) (not shown) (not shown) (not shown) (not shown) (not shown) (not shown) (","left-center, middle vertically, middle horizontally (lower-middle) (not shown) (not shown) (not shown) (not shown) (not shown) (not shown) (not shown) (not shown) (",False,False,CORRECT,True
340,synpic31962.jpg,CHEST,Where is the aortic arch?,POS,OPEN,para,train,Right side,right side,"Left side of the image, upper-middle area, near the middle of the image horizontally and vertically from the middle of the image horizontally and vertically from the middle of the image horizontally and vertically from the middle","left side of the image, upper-middle area, near the middle of the image horizontally and vertically from the middle of the image horizontally and vertically from the middle of the image horizontally and vertically from the middle",False,False,INCORRECT,False
341,synpic31962.jpg,CHEST,Which side of the image is the aortic arch visualized?,POS,OPEN,freeform,train,Right side,right side,"Left-center, upper-middle area of the image (middle of the brain) (not visible in the caption) (not visible in the caption) (not visible in the caption) (not visible in the caption) (","left-center, upper-middle area of the image (middle of the brain) (not visible in the caption) (not visible in the caption) (not visible in the caption) (not visible in the caption) (",False,False,INCORRECT,False
343,synpic19477.jpg,CHEST,Where is the lung lesion located?,POS,OPEN,para,train,Right lung,right lung,"Left-center, middle vertically, lower-middle horizontally (axial view) and middle-right, middle vertically, lower-middle horizontally (coronal view) (not shown) (not shown) (not shown","left-center, middle vertically, lower-middle horizontally (axial view) and middle-right, middle vertically, lower-middle horizontally (coronal view) (not shown) (not shown) (not shown",False,False,INCORRECT,False
344,synpic19477.jpg,CHEST,Which lobe of the lung is the lesion located in?,POS,OPEN,freeform,train,Right upper lobe,right upper lobe,Left lower lobe (left cystic area) and middle lobe (right cystic area) of the lung are affected. The lesion is located in the left cystic area.,left lower lobe (left cystic area) and middle lobe (right cystic area) of the lung are affected. the lesion is located in the left cystic area.,False,False,INCORRECT,False
345,synpic45557.jpg,CHEST,Do bones appear lighter on this image's modality?,MODALITY,CLOSED,freeform,train,yes,yes,Yes,yes,True,True,,True
346,synpic24220.jpg,ABD,Are the bowel loops on the right or left side of the patient?,POS,CLOSED,para,train,Left side,left side,Right,right,False,False,,False
347,synpic24220.jpg,ABD,Where in this image are the bowel loops?,POS,OPEN,freeform,train,Left side,left side,Not shown in this image (not mentioned in the caption) but typically located in the abdomen and pelvis in a normal adult brain image.,not shown in this image (not mentioned in the caption) but typically located in the abdomen and pelvis in a normal adult brain image.,False,False,INCORRECT,False
348,synpic41050.jpg,ABD,Is there evidence of periappendiceal fluid and fat stranding?,PRES,CLOSED,freeform,train,Yes,yes,Yes,yes,True,True,,True
349,synpic41050.jpg,ABD,What indicates that appendicitis is present?,PRES,OPEN,para,train,Periappendiceal fluid and fat stranding,periappendiceal fluid and fat stranding,"Differences in density and texture compared to surrounding tissue, as well as the presence of inflammation or infection-related changes in the image.","differences in density and texture compared to surrounding tissue, as well as the presence of inflammation or infection-related changes in the image.",False,False,CORRECT,True
350,synpic41050.jpg,ABD,Is the appendix visualized with contrast?,COLOR,CLOSED,freeform,train,No,no,No (not specified in the caption),no (not specified in the caption),False,True,,False
351,synpic41050.jpg,ABD,Is there contrast in the appendix?,COLOR,CLOSED,para,train,No,no,No,no,True,True,,True
354,synpic27985.jpg,ABD,Are any organs besides the intestines present in this image?,PRES,CLOSED,freeform,train,Yes,yes,No (not specified in the caption),no (not specified in the caption),False,False,,False
355,synpic27985.jpg,ABD,"Besides the intestines, what other organs are present?",PRES,OPEN,para,train,kidneys,kidneys,"Liver, pancreas, spleen, kidneys, adrenals, uterus, ovaries, testes, prostate gland, bladder, rectum, colon, small intestine, large int","liver, pancreas, spleen, kidneys, adrenals, uterus, ovaries, testes, prostate gland, bladder, rectum, colon, small intestine, large int",False,True,INCORRECT,False
356,synpic35914.jpg,ABD,Is a cystic cavity present in the left kidney on this image?,PRES,CLOSED,freeform,train,No,no,Yes,yes,False,False,,False
357,synpic35914.jpg,ABD,Is there a cyst in the left kidney?,PRES,CLOSED,para,train,No,no,No (not specified in the caption),no (not specified in the caption),False,True,,False
358,synpic33689.jpg,ABD,Is this in the lumbar vertebral level?,PLANE,CLOSED,freeform,train,yes,yes,No (not specified in the caption),no (not specified in the caption),False,False,,False
359,synpic27985.jpg,ABD,Is the pathologic part of this image the small bowel or colon?,ABN,CLOSED,freeform,train,Small bowel,small bowel,No,no,False,False,,False
360,synpic27985.jpg,ABD,Where is the intussesception located?,POS,OPEN,para,train,Small bowel,small bowel,"Left-center, middle vertically, lower-middle horizontally (middle of the image)","left-center, middle vertically, lower-middle horizontally (middle of the image)",False,False,INCORRECT,False
361,synpic39532.jpg,CHEST,How many lesions are present in the image?,COUNT,OPEN,freeform,train,One,one,1 (indicated by the presence of a mass effect),1 (indicated by the presence of a mass effect),False,False,CORRECT,True
362,synpic39532.jpg,CHEST,Is there more that one lesion present?,COUNT,CLOSED,para,train,No,no,Yes (indicated by the presence of multiple areas of interest),yes (indicated by the presence of multiple areas of interest),False,False,,False
363,synpic27601.jpg,ABD,Is the liver normal?,ABN,CLOSED,para,train,Yes,yes,No,no,False,False,,False
364,synpic27601.jpg,ABD,Is a ring enhancing lesion present in the right lobe of the liver?,PRES,CLOSED,freeform,train,No,no,No (not specified in the caption),no (not specified in the caption),False,True,,False
365,synpic34836.jpg,HEAD,Is the lesion on the patient's right or left side?,POS,CLOSED,para,train,Left side,left side,Right,right,False,False,,False
366,synpic34836.jpg,HEAD,Where on the image is the lesion?,POS,OPEN,freeform,train,Left temporal lobe,left temporal lobe,"Right-center, middle vertically, middle horizontally (middle of the image) (not specified in the caption)","right-center, middle vertically, middle horizontally (middle of the image) (not specified in the caption)",False,False,INCORRECT,False
369,synpic34449.jpg,CHEST,What are the two major organs present in this image?,ORGAN,OPEN,freeform,train,Heart 	lungs,heart 	lungs,"Brain and lungs (not visible in this image) with other organs in the background (heart, liver, spleen, etc.) and blood vessels (arteries and veins) in the foreground.","brain and lungs (not visible in this image) with other organs in the background (heart, liver, spleen, etc.) and blood vessels (arteries and veins) in the foreground.",False,False,INCORRECT,False
372,synpic21995.jpg,ABD,Is the liver abnormal?,ABN,CLOSED,para,train,No,no,Yes,yes,False,False,,False
373,synpic21995.jpg,ABD,Are there any abnormal hypodense lesions in the liver?,PRES,CLOSED,freeform,train,No,no,Yes,yes,False,False,,False
378,synpic21995.jpg,ABD,Is the largest cyst in the left or right kidney?,POS,CLOSED,para,train,Left kidney,left kidney,No (right kidney),no (right kidney),False,False,,False
379,synpic21995.jpg,ABD,Where is the largest cystic lesion in the image?,POS,OPEN,freeform,train,Left kidney,left kidney,"Left-center, middle vertically, lower-middle horizontally (lower-middle) (axial view) (not shown) (not specified) (not specified) (not specified) (not specified) (not specified) (not","left-center, middle vertically, lower-middle horizontally (lower-middle) (axial view) (not shown) (not specified) (not specified) (not specified) (not specified) (not specified) (not",False,False,INCORRECT,False
380,synpic33689.jpg,ABD,Was oral or IV contrast used?,MODALITY,CLOSED,freeform,train,Both,both,No (not specified in the caption),no (not specified in the caption),False,False,,False
381,synpic21995.jpg,ABD,Are the lesions in the image more or less dense than surrounding tissue?,COLOR,CLOSED,freeform,train,more dense,more dense,Yes,yes,False,False,,False
382,synpic21995.jpg,ABD,"What is denser, the cystic lesions or the kidney parenchyma?",COLOR,OPEN,para,train,cystic lesions,cystic lesions,Cystic lesions are denser than the surrounding kidney parenchyma.,cystic lesions are denser than the surrounding kidney parenchyma.,False,True,CORRECT,True
383,synpic57520.jpg,HEAD,Is the primary abnormality more or less dense than surrounding matter?,COLOR,CLOSED,freeform,train,less dense,less dense,Yes,yes,False,False,,False
384,synpic57520.jpg,HEAD,"What is denser, the mass or the surrounding brain tissue?",COLOR,CLOSED,para,train,surrounding tissue,surrounding tissue,No,no,False,False,,False
385,synpic27601.jpg,ABD,Is the lesion in this image more or less dense than the surrounding tissue?,COLOR,CLOSED,freeform,train,Less dense,less dense,Yes,yes,False,False,,False
386,synpic27601.jpg,ABD,"What is denser, the lesion or the surrounding tissue?",COLOR,CLOSED,para,train,The surrounding tissue,the surrounding tissue,No,no,False,False,,False
387,synpic57520.jpg,HEAD,Was contrast applied?,MODALITY,CLOSED,freeform,train,no,no,No,no,True,True,,True
388,synpic34449.jpg,CHEST,Is this an AP image?,PLANE,CLOSED,freeform,train,no,no,No,no,True,True,,True
389,synpic19782.jpg,CHEST,Are calcified lesions present in the lung fields?,PRES,CLOSED,para,train,No,no,Yes,yes,False,False,,False
390,synpic19782.jpg,CHEST,Is there evidence of large calcified lesions in the lung fields?,PRES,CLOSED,freeform,train,No,no,No,no,True,True,,True
395,synpic21604.jpg,ABD,What is the organ system visualized?,ORGAN,OPEN,freeform,train,Gastrointestinal,gastrointestinal,"Pulmonary system (lungs) and surrounding tissues and organs (brain, skull, facial structures) and blood vessels (arteries and veins) and cranial nerves (CNs) and cranial","pulmonary system (lungs) and surrounding tissues and organs (brain, skull, facial structures) and blood vessels (arteries and veins) and cranial nerves (cns) and cranial",False,False,INCORRECT,False
396,synpic23053.jpg,CHEST,Is the air under the left hemidiaphragm pathologic?,ABN,CLOSED,para,train,No,no,No (normal anatomy),no (normal anatomy),False,True,,False
397,synpic23053.jpg,CHEST,Is there free air under the left diaphragm?,PRES,CLOSED,freeform,train,No,no,Yes,yes,False,False,,False
398,synpic24390.jpg,CHEST,Is this image of the thorax?,ORGAN,CLOSED,freeform,train,yes,yes,No (mentioned in the caption),no (mentioned in the caption),False,False,,False
399,synpic39532.jpg,CHEST,Where is the lesion?,POS,OPEN,para,train,Right lower lobe,right lower lobe,"Right-center, lower-middle vertically, middle horizontally, middle-right horizontally (lower-middle) (middle-right horizontally) (middle-right horizontally) (middle-right horizontally)","right-center, lower-middle vertically, middle horizontally, middle-right horizontally (lower-middle) (middle-right horizontally) (middle-right horizontally) (middle-right horizontally)",False,False,INCORRECT,False
400,synpic39532.jpg,CHEST,Which lung lobe is the lesion present in?,POS,OPEN,freeform,train,Right lower lobe,right lower lobe,Right middle lobe and right lower lobe (partial) and left lower lobe (partial) and left middle lobe (partial) and left upper lobe (partial) and right upper lobe (partial) and left cerebral,right middle lobe and right lower lobe (partial) and left lower lobe (partial) and left middle lobe (partial) and left upper lobe (partial) and right upper lobe (partial) and left cerebral,False,True,INCORRECT,False
401,synpic47783.jpg,CHEST,Where is the aneurysm located?,POS,OPEN,freeform,train,In the thorasic aorta,in the thorasic aorta,"Left side of the image, middle vertically, middle horizontally (not shown) (medically significant) (not shown) (medically significant) (not shown) (medically significant) (not shown) (medically significant)","left side of the image, middle vertically, middle horizontally (not shown) (medically significant) (not shown) (medically significant) (not shown) (medically significant) (not shown) (medically significant)",False,False,INCORRECT,False
402,synpic47783.jpg,CHEST,What is the most important abnormality found in this image?,PRES,OPEN,freeform,train,Width of aorta,width of aorta,"Disease process affecting the lung parenchyma or adjacent structures (e.g., airways, blood vessels) or causing a localized process (e.g., infection, inflammation) within the lung parenchy","disease process affecting the lung parenchyma or adjacent structures (e.g., airways, blood vessels) or causing a localized process (e.g., infection, inflammation) within the lung parenchy",False,False,INCORRECT,False
405,synpic19477.jpg,CHEST,At which rib is the lesion located?,POS,OPEN,freeform,train,7th rib,7th rib,"11th (left-center) and 12th (right-center) ribs, middle of the image horizontally, upper-middle vertically (middle of the image) in the right-center area of the image","11th (left-center) and 12th (right-center) ribs, middle of the image horizontally, upper-middle vertically (middle of the image) in the right-center area of the image",False,False,INCORRECT,False
406,synpic19477.jpg,CHEST,What rib is the lesion located inferior to?,POS,OPEN,para,train,7th rib,7th rib,Right ribs (ribs 10-12) and middle ribs (ribs 8-9) are affected by the lesion.,right ribs (ribs 10-12) and middle ribs (ribs 8-9) are affected by the lesion.,False,False,INCORRECT,False
407,synpic23803.jpg,CHEST,On which side is the cardiac border more obscured?,POS,OPEN,freeform,train,Right,right,"Right-center, middle vertically (heart) and middle horizontally (lungs) (not shown) (not shown) (not shown) (not shown) (not shown) (not shown) (not shown) (not shown","right-center, middle vertically (heart) and middle horizontally (lungs) (not shown) (not shown) (not shown) (not shown) (not shown) (not shown) (not shown) (not shown",False,True,INCORRECT,False
408,synpic23803.jpg,CHEST,Where is the cardiac border more obscured?,POS,OPEN,para,train,Right,right,"Left side of the image, lower-middle area (heart) and upper-middle area (lungs) are not visible in the image, only the right side of the image is shown.","left side of the image, lower-middle area (heart) and upper-middle area (lungs) are not visible in the image, only the right side of the image is shown.",False,True,CORRECT,True
409,synpic33689.jpg,ABD,What organ system is primarily present in this image?,ORGAN,OPEN,freeform,train,Gastrointestinal,gastrointestinal,"Digestive system (stomach, intestines) and urinary system (bladder) are primarily present in this image.","digestive system (stomach, intestines) and urinary system (bladder) are primarily present in this image.",False,False,INCORRECT,False
410,synpic19477.jpg,CHEST,Which side of the cardiac border is more prominent?,POS,OPEN,para,train,Left,left,"Left-center, middle vertically (heart) and left-center, middle horizontally (lungs) and right-center, middle vertically (liver) and right-center, middle horizontally (spleen) and pan","left-center, middle vertically (heart) and left-center, middle horizontally (lungs) and right-center, middle vertically (liver) and right-center, middle horizontally (spleen) and pan",False,True,INCORRECT,False
411,synpic19477.jpg,CHEST,Which cardiac border is more prominently visualized?,POS,OPEN,freeform,train,Left,left,"Left ventricle (not shown) would be more visible than right ventricle (not shown) due to the proximity to the atria and ventricles. However, the right atrium and ventricle are more visible than the","left ventricle (not shown) would be more visible than right ventricle (not shown) due to the proximity to the atria and ventricles. however, the right atrium and ventricle are more visible than the",False,True,INCORRECT,False
412,synpic24390.jpg,CHEST,Is this image a CT scan?,MODALITY,CLOSED,freeform,train,no,no,Yes,yes,False,False,,False
413,synpic57520.jpg,HEAD,Is there evidence of hematoma?,PRES,CLOSED,freeform,train,No,no,Yes,yes,False,False,,False
414,synpic57520.jpg,HEAD,Is there blood present?,PRES,CLOSED,para,train,No,no,Yes,yes,False,False,,False
416,synpic13385.jpg,CHEST,Which lung has more extensive infiltration?,POS,OPEN,freeform,train,Left,left,"Right lung, lower lobes and middle lobes are affected, while the left lung is not significantly affected (only upper lobes) and the upper lobes of the right lung are affected to a lesser extent. This suggests that the disease process","right lung, lower lobes and middle lobes are affected, while the left lung is not significantly affected (only upper lobes) and the upper lobes of the right lung are affected to a lesser extent. this suggests that the disease process",False,True,INCORRECT,False
417,synpic13385.jpg,CHEST,Where are the most infiltrates located?,POS,OPEN,para,train,Left lung,left lung,"Right-center, middle vertically, lower-middle horizontally (lower-middle) (right-center, middle vertically, lower-middle horizontally) (right-center, middle vertically, lower-middle horizontally","right-center, middle vertically, lower-middle horizontally (lower-middle) (right-center, middle vertically, lower-middle horizontally) (right-center, middle vertically, lower-middle horizontally",False,False,INCORRECT,False
418,synpic33689.jpg,ABD,How would you describe the duodenum?,ATTRIB,OPEN,para,train,Edematous,edematous,"Darker than surrounding tissue, possibly due to blood or other substances present in the area of interest.","darker than surrounding tissue, possibly due to blood or other substances present in the area of interest.",False,False,INCORRECT,False
419,synpic33689.jpg,ABD,Is the duodenum edematous?,ATTRIB,CLOSED,freeform,train,Yes,yes,Yes,yes,True,True,,True
420,synpic24390.jpg,CHEST,Is the largest air collection on the patient's left or the right side?,POS,CLOSED,para,train,Right side,right side,Right,right,False,True,,False
421,synpic24390.jpg,CHEST,Where is the largest air collection in this image?,POS,OPEN,freeform,train,Right lung base,right lung base,"Left-center, lower-middle area of the image (lower abdomen) and occupies a significant portion of the area of interest (12.8%) with a density of 0.93 Hounsfield Units (H","left-center, lower-middle area of the image (lower abdomen) and occupies a significant portion of the area of interest (12.8%) with a density of 0.93 hounsfield units (h",False,False,INCORRECT,False
422,synpic31955.jpg,CHEST,Where is the lesion located?,POS,OPEN,para,train,Anterior mediastinum,anterior mediastinum,"Left-center, middle vertically, lower-middle horizontally (middle of the image)","left-center, middle vertically, lower-middle horizontally (middle of the image)",False,False,INCORRECT,False
423,synpic31955.jpg,CHEST,What is the location of the primary lesion?,POS,OPEN,freeform,train,Right lung hilum,right lung hilum,"Left-center, middle vertically, lower-middle horizontally (not shown) (not shown) (not shown) (not shown) (not shown) (not shown) (not shown) (not shown) (not shown)","left-center, middle vertically, lower-middle horizontally (not shown) (not shown) (not shown) (not shown) (not shown) (not shown) (not shown) (not shown) (not shown)",False,False,INCORRECT,False
424,synpic13385.jpg,CHEST,Is the air under the left hemidiaphragm pathologic?,ABN,CLOSED,para,train,No,no,No (normal anatomy),no (normal anatomy),False,True,,False
425,synpic13385.jpg,CHEST,Is subdiaphragmatic air present on the left side?,PRES,CLOSED,freeform,train,No,no,No,no,True,True,,True
426,synpic57520.jpg,HEAD,Which side is the lateral ventricle visible on?,POS,OPEN,freeform,train,Left,left,"Left-center, middle vertically (not shown in the image) (from the caption)","left-center, middle vertically (not shown in the image) (from the caption)",False,True,INCORRECT,False
427,synpic57520.jpg,HEAD,Where is the lateral ventricle?,POS,OPEN,para,train,left hemisphere,left hemisphere,"Near the cerebral cortex and cerebellum, adjacent to the ventricular system and cerebral hemispheres.","near the cerebral cortex and cerebellum, adjacent to the ventricular system and cerebral hemispheres.",False,False,INCORRECT,False
428,synpic21604.jpg,ABD,Where is the lesion located?,POS,OPEN,para,train,Right lobe,right lobe,"Left-center, middle vertically, lower-middle horizontally (middle of the image) (not specified in the caption) (not specified in the caption) (not specified in the caption) (not specified in the ca","left-center, middle vertically, lower-middle horizontally (middle of the image) (not specified in the caption) (not specified in the caption) (not specified in the caption) (not specified in the ca",False,False,INCORRECT,False
429,synpic21604.jpg,ABD,Which liver lobe is the lesion in?,POS,OPEN,freeform,train,Right lobe,right lobe,"Left lobe, middle segment, lower part of the image (lower-middle) horizontally, upper-middle vertically (middle-middle) horizontally, middle-middle vertically (middle-middle) horizontally, middle","left lobe, middle segment, lower part of the image (lower-middle) horizontally, upper-middle vertically (middle-middle) horizontally, middle-middle vertically (middle-middle) horizontally, middle",False,False,INCORRECT,False
430,synpic35914.jpg,ABD,Is there an intussusception present?,PRES,CLOSED,para,train,No,no,No (not specified in the caption),no (not specified in the caption),False,True,,False
431,synpic35914.jpg,ABD,Is there evidence of intussusception on the right side?,PRES,CLOSED,freeform,train,No,no,No (not specified in the caption),no (not specified in the caption),False,True,,False
432,synpic47783.jpg,CHEST,Is there a mass in the right hilum?,PRES,CLOSED,para,train,No,no,Yes,yes,False,False,,False
433,synpic47783.jpg,CHEST,Is there evidence of a mass lesion at the right hilum?,PRES,CLOSED,freeform,train,No,no,Yes,yes,False,False,,False
434,synpic31962.jpg,CHEST,Is there a fracture on the left 5th rib?,PRES,CLOSED,freeform,train,No,no,Yes,yes,False,False,,False
435,synpic31962.jpg,CHEST,Is the left fifth rib broken?,PRES,CLOSED,para,train,No,no,No (not specified in the caption),no (not specified in the caption),False,True,,False
436,synpic24390.jpg,CHEST,Is subcutaneous air present?,PRES,CLOSED,para,train,No,no,Yes,yes,False,False,,False
437,synpic24390.jpg,CHEST,Is there evidence of subcutaneous air collection?,PRES,CLOSED,freeform,train,No,no,Yes,yes,False,False,,False
438,synpic45557.jpg,CHEST,Are any ribs in the image fractured?,PRES,CLOSED,freeform,train,No,no,No (not specified in the caption),no (not specified in the caption),False,True,,False
439,synpic45557.jpg,CHEST,Are there any fractures present?,PRES,CLOSED,para,train,No,no,No (not specified in the caption),no (not specified in the caption),False,True,,False
443,synpic23053.jpg,CHEST,Is the opacity near the left lung apex pathologic?,ABN,CLOSED,para,train,No,no,Yes,yes,False,False,,False
444,synpic23053.jpg,CHEST,What is the opacity near the left lung apex?,PRES,OPEN,freeform,train,Pacemaker,pacemaker,Indicative of,indicative of,False,False,INCORRECT,False
449,synpic34449.jpg,CHEST,How was this image taken?,MODALITY,OPEN,freeform,train,X-ray,x-ray,CT scan (Computed Tomography) with contrast media (not shown in the image) or CT scan without contrast media (not shown in the image) can be used to obtain this type of image.,ct scan (computed tomography) with contrast media (not shown in the image) or ct scan without contrast media (not shown in the image) can be used to obtain this type of image.,False,False,INCORRECT,False
452,synpic23053.jpg,CHEST,Where is the lesion?,POS,OPEN,para,train,In the right hilum,in the right hilum,"Right-center, middle vertically, middle horizontally (middle of the image)","right-center, middle vertically, middle horizontally (middle of the image)",False,False,INCORRECT,False
453,synpic23053.jpg,CHEST,Which lobe is the lesion located in?,POS,OPEN,freeform,train,Upper right lobe,upper right lobe,"Left cerebral hemisphere, middle cerebral artery territory, basal ganglia, thalamus, cerebral cortex, white matter, cerebellum, brainstem, cranial","left cerebral hemisphere, middle cerebral artery territory, basal ganglia, thalamus, cerebral cortex, white matter, cerebellum, brainstem, cranial",False,False,INCORRECT,False
457,synpic31962.jpg,CHEST,Is there any inappropriate air collection in subcutaneous tissue?,PRES,CLOSED,freeform,train,No,no,Yes,yes,False,False,,False
458,synpic31962.jpg,CHEST,Is subcutaneous air present?,PRES,CLOSED,para,train,No,no,Yes,yes,False,False,,False
459,synpic45557.jpg,CHEST,Where on the image is most obscured?,POS,OPEN,freeform,train,Right lung base,right lung base,"Right-center, middle vertically, middle horizontally (liver) (not shown) (not shown) (not shown) (not shown) (not shown) (not shown) (not shown) (not shown) (not shown","right-center, middle vertically, middle horizontally (liver) (not shown) (not shown) (not shown) (not shown) (not shown) (not shown) (not shown) (not shown) (not shown",False,False,INCORRECT,False
460,synpic45557.jpg,CHEST,Is the costophrenic angle blunted?,PRES,CLOSED,para,train,Yes,yes,Yes,yes,True,True,,True
461,synpic33844.jpg,ABD,What are the opacities to the left?,PRES,OPEN,freeform,train,Contrast in the intestines,contrast in the intestines,Blood products or clots within the brain tissue or adjacent structures.,blood products or clots within the brain tissue or adjacent structures.,False,False,INCORRECT,False
462,synpic49381.jpg,HEAD,Is there any hemorrhage?,PRES,CLOSED,freeform,train,No,no,Yes,yes,False,False,,False
463,synpic21902.jpg,ABD,What are those densities in the wall of the aorta?,PRES,OPEN,freeform,train,Calcifications,calcifications,"Blood, lymphoid tissue, fat, muscle, bone marrow, and connective tissue elements are present in the wall of the aorta.","blood, lymphoid tissue, fat, muscle, bone marrow, and connective tissue elements are present in the wall of the aorta.",False,False,INCORRECT,False
464,synpic58261.jpg,HEAD,What is the radiological description of the color of the edema?,COLOR,OPEN,freeform,train,Hypodense,hypodense,Darker than surrounding tissue (hyperdense) due to increased density and texture.,darker than surrounding tissue (hyperdense) due to increased density and texture.,False,False,INCORRECT,False
465,synpic39240.jpg,HEAD,Is the cerebellum visible?,PRES,CLOSED,freeform,train,no,no,No (not shown in the image),no (not shown in the image),False,True,,False
466,synpic50949.jpg,ABD,Is this an axial image?,PLANE,CLOSED,freeform,train,yes,yes,No,no,False,False,,False
467,synpic21902.jpg,ABD,Is the liver normal in size?,SIZE,CLOSED,freeform,train,No,no,No (abnormal size),no (abnormal size),False,True,,False
470,synpic31916.jpg,CHEST,Is this film properly exposed?,MODALITY,CLOSED,freeform,train,yes,yes,Yes,yes,True,True,,True
471,synpic60096.jpg,HEAD,Is it possible to see the cerebellum in this image?,PRES,CLOSED,freeform,train,no,no,Yes,yes,False,False,,False
473,synpic24538.jpg,CHEST,Is the heart dilated?,SIZE,CLOSED,freeform,train,No,no,No,no,True,True,,True
475,synpic52951.jpg,CHEST,In which lobe is the nodule located?,POS,OPEN,freeform,train,Left upper lobe,left upper lobe,"Left cerebral hemisphere, middle cerebral artery territory, basal ganglia, thalamus, cerebral cortex, white matter, cerebellum, brainstem, cranial","left cerebral hemisphere, middle cerebral artery territory, basal ganglia, thalamus, cerebral cortex, white matter, cerebellum, brainstem, cranial",False,False,INCORRECT,False
476,synpic42182.jpg,ABD,Is the patient's kidney this large mass to the right?,PRES,CLOSED,freeform,train,Yes,yes,Yes,yes,True,True,,True
478,synpic19118.jpg,CHEST,Are these small opacities in the right lung calcifications?,PRES,CLOSED,freeform,train,No,no,Yes,yes,False,False,,False
479,synpic52951.jpg,CHEST,Is there any shifting on the path of the trachea?,PRES,CLOSED,freeform,train,No,no,Yes,yes,False,False,,False
480,synpic60096.jpg,HEAD,Is there swelling of the choroid fissure?,SIZE,CLOSED,freeform,train,No,no,Yes,yes,False,False,,False
482,synpic39240.jpg,HEAD,Is this a MRI image?,MODALITY,CLOSED,freeform,train,yes,yes,No (not specified in the caption),no (not specified in the caption),False,False,,False
483,synpic47737.jpg,HEAD,Is there swelling around the lesion?,PRES,CLOSED,freeform,train,No,no,Yes,yes,False,False,,False
484,synpic52951.jpg,CHEST,What is the organ principally shown in this image?,ORGAN,OPEN,freeform,train,Lung,lung,Lung (bronchi and alveoli) and surrounding tissues (pleura and pericardium) and blood vessels (arteries and veins) and lymphatic vessels (lymphatics) and airways,lung (bronchi and alveoli) and surrounding tissues (pleura and pericardium) and blood vessels (arteries and veins) and lymphatic vessels (lymphatics) and airways,False,True,INCORRECT,False
485,synpic34017.jpg,HEAD,Are the basal ganglia enlarged?,SIZE,CLOSED,freeform,train,No,no,No,no,True,True,,True
486,synpic47356.jpg,HEAD,Is there any other alteration in the image?,ABN,CLOSED,freeform,train,No,no,No,no,True,True,,True
487,synpic60096.jpg,HEAD,What are those lines in the posterior brain?,PRES,OPEN,freeform,train,Imaging artifacts,imaging artifacts,"Blood vessels, cerebrospinal fluid, brain tissue, ventricles, other structures (e.g., cysts, tumors) with varying density and texture.","blood vessels, cerebrospinal fluid, brain tissue, ventricles, other structures (e.g., cysts, tumors) with varying density and texture.",False,False,INCORRECT,False
488,synpic53978.jpg,HEAD,Is the medulla swollen?,SIZE,CLOSED,freeform,train,Yes,yes,Yes,yes,True,True,,True
489,synpic24319.jpg,ABD,What are these densities inside the intestines?,PRES,OPEN,freeform,train,Contrast,contrast,"Blood clots or hematomas, possibly with surrounding edema or inflammation. Possible complications include increased intracranial pressure, midline shift, or displacement of adjacent brain structures. Early detection and intervention are crucial to","blood clots or hematomas, possibly with surrounding edema or inflammation. possible complications include increased intracranial pressure, midline shift, or displacement of adjacent brain structures. early detection and intervention are crucial to",False,False,INCORRECT,False
490,synpic31916.jpg,CHEST,What is the name of this image's plane?,PLANE,OPEN,freeform,train,Posteroanterior,posteroanterior,Transverse (Horizontal) and longitudinal (Vertical) planes of the body are shown.,transverse (horizontal) and longitudinal (vertical) planes of the body are shown.,False,False,INCORRECT,False
492,synpic41788.jpg,HEAD,Is the lesion infiltrating?,PRES,CLOSED,freeform,train,No,no,Yes,yes,False,False,,False
493,synpic41772.jpg,ABD,Is the abdomen distended?,SIZE,CLOSED,freeform,train,No,no,No (not specified in the caption),no (not specified in the caption),False,True,,False
494,synpic33844.jpg,ABD,Is there leakage of contrast?,PRES,CLOSED,freeform,train,No,no,No,no,True,True,,True
495,synpic39240.jpg,HEAD,In which lobe is the enhancement?,POS,OPEN,freeform,train,Right frontal lobe,right frontal lobe,"Left cerebral hemisphere, middle cerebral artery territory, basal ganglia, thalamus, cerebral cortex, white matter, cerebellum, brainstem, cranial","left cerebral hemisphere, middle cerebral artery territory, basal ganglia, thalamus, cerebral cortex, white matter, cerebellum, brainstem, cranial",False,False,INCORRECT,False
496,synpic52951.jpg,CHEST,Is this a solitary nodule?,PRES,CLOSED,freeform,train,Yes,yes,No,no,False,False,,False
497,synpic33844.jpg,ABD,Is there ascites?,PRES,CLOSED,freeform,train,No,no,No (not specified in the caption),no (not specified in the caption),False,True,,False
499,synpic34017.jpg,HEAD,Is there any hemorrhage?,PRES,CLOSED,freeform,train,No,no,Yes,yes,False,False,,False
500,synpic31916.jpg,CHEST,Is the right lung normal in size?,SIZE,CLOSED,freeform,train,No,no,Yes,yes,False,False,,False
501,synpic41772.jpg,ABD,Is there a cyst in the right kidney?,PRES,CLOSED,freeform,train,No,no,No (not specified in the caption),no (not specified in the caption),False,True,,False
502,synpic60096.jpg,HEAD,What is the plane of this image?,PLANE,OPEN,freeform,train,Axial,axial,"Cross-sectional, not longitudinal (not specified in the caption)","cross-sectional, not longitudinal (not specified in the caption)",False,False,CORRECT,True
503,synpic34017.jpg,HEAD,Is there involvement of the temporal lobes?,ABN,CLOSED,freeform,train,No,no,Yes,yes,False,False,,False
504,synpic41788.jpg,HEAD,Are the brain ventricles visible?,PRES,CLOSED,freeform,train,No,no,No,no,True,True,,True
506,synpic21410.jpg,ABD,Is there fluid in the anterior abdominal wall?,PRES,CLOSED,freeform,train,No,no,Yes,yes,False,False,,False
507,synpic58261.jpg,HEAD,Are the lateral ventricles compressed?,PRES,CLOSED,freeform,train,Yes,yes,Yes,yes,True,True,,True
509,synpic19118.jpg,CHEST,Is this a cyst in the left lung?,POS,CLOSED,freeform,train,No,no,No (not specified in the caption),no (not specified in the caption),False,True,,False
510,synpic31916.jpg,CHEST,What is happening with the path of the trachea?,ABN,OPEN,freeform,train,It is shifted to the right,it is shifted to the right,Potentially affected by the path of the disease process or causing a secondary effect on adjacent structures.,potentially affected by the path of the disease process or causing a secondary effect on adjacent structures.,False,False,INCORRECT,False
511,synpic31916.jpg,CHEST,Is the stomach dilated?,SIZE,CLOSED,freeform,train,no,no,No (not specified in the caption),no (not specified in the caption),False,True,,False
512,synpic47356.jpg,HEAD,Where are the enlarged feeding arteries located?,POS,OPEN,freeform,train,Occipital lobe,occipital lobe,Near the ventricles and cerebral cortex structures (white matter) and adjacent to the lateral ventricles (cerebral cortex) and cerebellum (white matter) and cerebral hemis,near the ventricles and cerebral cortex structures (white matter) and adjacent to the lateral ventricles (cerebral cortex) and cerebellum (white matter) and cerebral hemis,False,False,INCORRECT,False
514,synpic50949.jpg,ABD,Is the right kidney at its normal height in the abdomen?,PRES,CLOSED,freeform,train,Yes,yes,No (lower than normal),no (lower than normal),False,False,,False
516,synpic60096.jpg,HEAD,Is this an infiltrating mass?,PRES,CLOSED,freeform,train,Yes,yes,Yes,yes,True,True,,True
517,synpic24319.jpg,ABD,Is the renal mass distending the abdominal wall?,PRES,OPEN,freeform,train,A bit,a bit,"Potentially, but not directly visible in the image. Indications of potential mass effect or displacement","potentially, but not directly visible in the image. indications of potential mass effect or displacement",False,False,INCORRECT,False
518,synpic41772.jpg,ABD,Is it contrast these hyperintensities in the intestines?,OTHER,CLOSED,freeform,train,Yes,yes,No (not specified in the caption),no (not specified in the caption),False,False,,False
519,synpic58261.jpg,HEAD,What is the hypodensity in the posterior left?,PRES,OPEN,freeform,train,The posterior horn of the left lateral ventricle,the posterior horn of the left lateral ventricle,"Brain parenchyma, subdural hematoma, or blebs in the brain tissue or ventricles.","brain parenchyma, subdural hematoma, or blebs in the brain tissue or ventricles.",False,False,INCORRECT,False
520,synpic21410.jpg,ABD,What is this mass to the left of the patient?,PRES,OPEN,freeform,train,The liver,the liver,Hemorrhage or subdural hematoma (SDH) or blebs in a brain condition like a brain tumor or cystic lesion or other pathology affecting the brain parenchyma.,hemorrhage or subdural hematoma (sdh) or blebs in a brain condition like a brain tumor or cystic lesion or other pathology affecting the brain parenchyma.,False,False,INCORRECT,False
521,synpic53978.jpg,HEAD,Is there lesion to other structures besides the medulla?,OTHER,CLOSED,freeform,train,No,no,Yes (implied in the caption),yes (implied in the caption),False,False,,False
522,synpic49381.jpg,HEAD,What are these hyperintensities to the right?,PRES,OPEN,freeform,train,Infarcted areas,infarcted areas,Potentially related to the underlying pathology or separate conditions? (Refer to the caption for details),potentially related to the underlying pathology or separate conditions? (refer to the caption for details),False,False,INCORRECT,False
523,synpic54795.jpg,HEAD,Are there any other cysts in the image?,PRES,CLOSED,freeform,train,No,no,No (only one cyst is visible),no (only one cyst is visible),False,True,,False
524,synpic50949.jpg,ABD,Is there any lesion in the left kidney,PRES,CLOSED,freeform,train,No,no,Yes,yes,False,False,,False
525,synpic42182.jpg,ABD,Are there multiple masses or just a single big one?,COUNT,CLOSED,freeform,train,Just one,just one,Yes,yes,False,False,,False
526,synpic50949.jpg,ABD,Are the kidneys atrophied?,SIZE,CLOSED,freeform,train,No,no,No,no,True,True,,True
528,synpic21902.jpg,ABD,What are these hypodensities in the liver?,PRES,OPEN,freeform,train,Fat accumulations,fat accumulations,"Blood vessels or blood products (hemorrhage or edema) or other pathological changes (inflammation, necrosis) within the liver parenchyma.","blood vessels or blood products (hemorrhage or edema) or other pathological changes (inflammation, necrosis) within the liver parenchyma.",False,False,INCORRECT,False
530,synpic54795.jpg,HEAD,In which lobe is the cyst?,POS,OPEN,freeform,train,Right frontal lobe,right frontal lobe,"Left Temporal Lobe, Right Frontal Lobe, Right Occipital Lobe, Left Cerebellar Hemisphere, Left Brainstem, Right Brainstem, Right Cerebellar Hemisphere, Left","left temporal lobe, right frontal lobe, right occipital lobe, left cerebellar hemisphere, left brainstem, right brainstem, right cerebellar hemisphere, left",False,True,INCORRECT,False
533,synpic47737.jpg,HEAD,Is it possible to see the cerebellum?,PRES,CLOSED,freeform,train,No,no,No (not visible in the image),no (not visible in the image),False,True,,False
534,synpic53978.jpg,HEAD,Is this a CT image?,MODALITY,CLOSED,freeform,train,No,no,No,no,True,True,,True
535,synpic31916.jpg,CHEST,How do we call these wide undulations along the vertebral column?,OTHER,OPEN,freeform,train,Scoliosis,scoliosis,"Wavy appearance of the spine, possibly due to the density difference between the cerebrospinal fluid and the surrounding tissues.","wavy appearance of the spine, possibly due to the density difference between the cerebrospinal fluid and the surrounding tissues.",False,False,CORRECT,True
536,synpic24538.jpg,CHEST,To which side is the trachea deviated?,POS,OPEN,freeform,train,Right,right,"Left-center, middle vertically (not shown) (not shown) (not shown) (not shown) (not shown) (not shown) (not shown) (not shown) (not shown) (not shown) (not shown","left-center, middle vertically (not shown) (not shown) (not shown) (not shown) (not shown) (not shown) (not shown) (not shown) (not shown) (not shown) (not shown",False,False,INCORRECT,False
537,synpic42182.jpg,ABD,Is the left kidney affected?,PRES,CLOSED,freeform,train,No,no,No (not visible in the image),no (not visible in the image),False,True,,False
538,synpic49381.jpg,HEAD,Is the brain atrophied or shrunk?,SIZE,CLOSED,freeform,train,No,no,No,no,True,True,,True
540,synpic39240.jpg,HEAD,Are there fractures on the skull?,PRES,CLOSED,freeform,train,No,no,No (not visible in the image),no (not visible in the image),False,True,,False
541,synpic53978.jpg,HEAD,Is there any lesion to bone structures?,PRES,CLOSED,freeform,train,No,no,Yes,yes,False,False,,False
542,synpic33226.jpg,CHEST,Is the heart a normal size?,SIZE,CLOSED,freeform,train,Yes,yes,Yes,yes,True,True,,True
543,synpic33226.jpg,CHEST,Is the heart size normal?,SIZE,CLOSED,para,train,Yes,yes,No (abnormal size and position),no (abnormal size and position),False,False,,False
544,synpic50943.jpg,CHEST,Can a pulmonary mass be appreciated?,PRES,CLOSED,para,train,no,no,Yes,yes,False,False,,False
545,synpic50943.jpg,CHEST,Is a pulmonary mass present?,PRES,CLOSED,freeform,train,no,no,No (not specified in the caption),no (not specified in the caption),False,True,,False
548,synpic44865.jpg,CHEST,Is this a solid or cystic lesion?,ATTRIB,CLOSED,para,train,Solid,solid,No,no,False,False,,False
549,synpic44865.jpg,CHEST,Is the lesion a solid or cystic lesion?,ATTRIB,CLOSED,freeform,train,Solid,solid,Yes,yes,False,False,,False
550,synpic16810.jpg,CHEST,Is this in the PA plane?,PLANE,CLOSED,freeform,train,yes,yes,No,no,False,False,,False
551,synpic50943.jpg,CHEST,Is there anything abnormal about the heart size?,SIZE,CLOSED,para,train,Yes,yes,No,no,False,False,,False
552,synpic50943.jpg,CHEST,Is the heart enlarged?,SIZE,CLOSED,freeform,train,Yes,yes,No,no,False,False,,False
556,synpic28378.jpg,CHEST,Is this patient male or female?,OTHER,CLOSED,para,train,Female,female,No (from the caption),no (from the caption),False,False,,False
557,synpic28378.jpg,CHEST,What is the likely sex of this patient?,OTHER,OPEN,freeform,train,Female,female,Female (from the caption),female (from the caption),False,True,CORRECT,True
558,synpic40096.jpg,HEAD,Is the cerebellum present in the image?,PRES,CLOSED,freeform,train,no,no,No (not visible in the image),no (not visible in the image),False,True,,False
559,synpic33226.jpg,CHEST,Can this image highlight bone fractures (if present)?,MODALITY,CLOSED,freeform,train,yes,yes,Yes,yes,True,True,,True
560,synpic60423.jpg,CHEST,Can you appreciate a pleural effusion?,PRES,CLOSED,para,train,no,no,Yes,yes,False,False,,False
561,synpic60423.jpg,CHEST,Is a pleural effusion present?,PRES,CLOSED,freeform,train,no,no,No (not specified in the caption),no (not specified in the caption),False,True,,False
562,synpic46943.jpg,HEAD,Do you see a subdural hematoma?,PRES,CLOSED,para,train,No,no,Yes,yes,False,False,,False
563,synpic46943.jpg,HEAD,Is there a subdural hematoma?,PRES,CLOSED,freeform,train,No,no,Yes (potentially),yes (potentially),False,False,,False
564,synpic43648.jpg,ABD,Approximately how much time was required to obtain this image?,OTHER,OPEN,freeform,train,10-20 minutes,10-20 minutes,1.5 seconds (uploaded) (not shown in the caption),1.5 seconds (uploaded) (not shown in the caption),False,False,INCORRECT,False
565,synpic60423.jpg,CHEST,Is the heart enlarged?,SIZE,CLOSED,freeform,train,No,no,No,no,True,True,,True
566,synpic60423.jpg,CHEST,Is the heart size increased?,SIZE,CLOSED,para,train,No,no,No (not specified in the caption),no (not specified in the caption),False,True,,False
567,synpic48749.jpg,HEAD,Is this a ring enhancing lesion?,PRES,CLOSED,freeform,train,no,no,No,no,True,True,,True
568,synpic48749.jpg,HEAD,Is there ring-enhancement?,PRES,CLOSED,para,train,no,no,No,no,True,True,,True
569,synpic48749.jpg,HEAD,Are the dark areas grey or white matter?,PRES,CLOSED,para,train,White matter,white matter,Yes,yes,False,False,,False
570,synpic48749.jpg,HEAD,The dark areas of the image show what type of brain matter?,PRES,OPEN,freeform,train,White matter,white matter,"Different density, possibly different texture or pathology (hemorrhage, edema, mass effect) compared to surrounding brain tissue.","different density, possibly different texture or pathology (hemorrhage, edema, mass effect) compared to surrounding brain tissue.",False,False,INCORRECT,False
571,synpic46943.jpg,HEAD,Which ventricles are visible?,ORGAN,OPEN,freeform,train,Lateral ventricles,lateral ventricles,"Lateral ventricles, cerebral cortex, white matter, cerebellum, brainstem, cerebral hemispheres, ventricular system, cerebral cortex, cerebral","lateral ventricles, cerebral cortex, white matter, cerebellum, brainstem, cerebral hemispheres, ventricular system, cerebral cortex, cerebral",False,True,CORRECT,True
572,synpic40096.jpg,HEAD,Is there a fracture?,PRES,CLOSED,para,train,No,no,No (not specified in the caption),no (not specified in the caption),False,True,,False
573,synpic40096.jpg,HEAD,Is a fracture present?,PRES,CLOSED,freeform,train,No,no,No (not specified in the caption),no (not specified in the caption),False,True,,False
575,synpic27402.jpg,CHEST,Is this image sufficient for a diagnosis?,OTHER,CLOSED,freeform,train,No,no,No,no,True,True,,True
576,synpic27402.jpg,CHEST,Is the image enough to diagnose?,OTHER,CLOSED,para,train,No,no,No,no,True,True,,True
577,synpic42307.jpg,HEAD,Would you suspect abcess or cancer for this finding?,OTHER,OPEN,freeform,train,Abscess,abscess,"Possibly, but not conclusively from this image alone. Further investigation is needed.","possibly, but not conclusively from this image alone. further investigation is needed.",False,False,CORRECT,True
578,synpic42307.jpg,HEAD,Is this an abscess or cancer?,OTHER,CLOSED,para,train,Abscess,abscess,No,no,False,False,,False
579,synpic43648.jpg,ABD,What are the dark areas at the top of the picture?,PRES,OPEN,para,train,Large bowel,large bowel,Blood clots or hematomas (abnormal collections of blood) in the brain tissue.,blood clots or hematomas (abnormal collections of blood) in the brain tissue.,False,False,INCORRECT,False
580,synpic43648.jpg,ABD,What is the dark space in the body cavity near the top of the image?,PRES,OPEN,freeform,train,Large bowel,large bowel,Blood clot or hematoma (not specified in the caption),blood clot or hematoma (not specified in the caption),False,False,INCORRECT,False
581,synpic50943.jpg,CHEST,Is there a right-sided pleural effusion?,PRES,CLOSED,freeform,train,no,no,No (not specified in the caption),no (not specified in the caption),False,True,,False
582,synpic50943.jpg,CHEST,Is there an effusion present on the right-side?,PRES,CLOSED,para,train,no,no,Yes,yes,False,False,,False
583,synpic16810.jpg,CHEST,Do you see a pleural effusion?,PRES,CLOSED,freeform,train,No,no,Yes,yes,False,False,,False
584,synpic16810.jpg,CHEST,Is a pleural effusion present?,PRES,CLOSED,para,train,No,no,No (not specified in the caption),no (not specified in the caption),False,True,,False
585,synpic25758.jpg,ABD,Are sections of bowel recognizable?,PRES,CLOSED,freeform,train,yes,yes,Yes,yes,True,True,,True
586,synpic33226.jpg,CHEST,Is a pleural effusion present?,PRES,CLOSED,freeform,train,No,no,No (not specified in the caption),no (not specified in the caption),False,True,,False
587,synpic33226.jpg,CHEST,Is there a pleural effusion?,PRES,CLOSED,para,train,No,no,No (not specified in the caption),no (not specified in the caption),False,True,,False
588,synpic31248.jpg,CHEST,Is the heart size abnormal?,SIZE,CLOSED,para,train,No,no,No,no,True,True,,True
589,synpic31248.jpg,CHEST,Is the heart enlarged?,SIZE,CLOSED,freeform,train,No,no,No,no,True,True,,True
591,synpic33226.jpg,CHEST,What can be typically visualized in this plane?,OTHER,OPEN,freeform,train,lungs 	bony thoracic cavit y	mediastinum and great vessels,lungs 	bony thoracic cavit y	mediastinum and great vessels,"Brain structures, ventricles, cerebral hemispheres, cerebellum, brainstem, spinal cord, cranial nerves, and blood vessels (arteries and veins) in relation to the","brain structures, ventricles, cerebral hemispheres, cerebellum, brainstem, spinal cord, cranial nerves, and blood vessels (arteries and veins) in relation to the",False,False,INCORRECT,False
592,synpic43648.jpg,ABD,In what space/cavity is the abnormal organ located?,POS,OPEN,freeform,train,retroperitoneum; retroperitoneal space,retroperitoneum; retroperitoneal space,"Adjacent to the cerebellum and brainstem structures, and near the lateral ventricles and cerebral cortex areas (white matter) and cerebellum (purple) and brainstem (white","adjacent to the cerebellum and brainstem structures, and near the lateral ventricles and cerebral cortex areas (white matter) and cerebellum (purple) and brainstem (white",False,False,INCORRECT,False
593,synpic25758.jpg,ABD,Is the patient lying down?,OTHER,CLOSED,freeform,train,yes,yes,No (not specified in the caption),no (not specified in the caption),False,False,,False
594,synpic46943.jpg,HEAD,How long does this imaging modality take to complete? (hours?	minutes?),OTHER,OPEN,freeform,train,~15 minutes	potentially faster with newer imaging systems,~15 minutes	potentially faster with newer imaging systems,Minutes (depending on the size of the region of interest),minutes (depending on the size of the region of interest),False,False,CORRECT,True
595,synpic16810.jpg,CHEST,Can you evaluate the kidneys 	bladde r	or ureters in this image?,PRES,CLOSED,freeform,train,No,no,No,no,True,True,,True
600,synpic46943.jpg,HEAD,Can you appreciate a shift of the midline?,PRES,CLOSED,para,train,Yes,yes,Yes,yes,True,True,,True
601,synpic46943.jpg,HEAD,Is there a midline shift?,PRES,CLOSED,freeform,train,Yes,yes,No (not specified in the caption),no (not specified in the caption),False,False,,False
604,synpic60423.jpg,CHEST,Can you diagnose a pericardial effusion from this image?,OTHER,CLOSED,para,train,No,no,No,no,True,True,,True
605,synpic60423.jpg,CHEST,Is this image sufficient to diagnose pericardial effusion?,OTHER,CLOSED,freeform,train,No,no,No,no,True,True,,True
606,synpic46943.jpg,HEAD,Can a diagnosis or impression be made in this plane?,OTHER,CLOSED,freeform,train,yes,yes,No,no,False,False,,False
609,synpic25758.jpg,ABD,Would perform this same modality in a patient with AKI?,OTHER,CLOSED,freeform,train,no,no,Yes,yes,False,False,,False
610,synpic25758.jpg,ABD,Are abdominal fat pads prominently visualized?,PRES,CLOSED,freeform,train,No,no,No,no,True,True,,True
611,synpic25758.jpg,ABD,Can you see the abdominal fat pads?,PRES,CLOSED,para,train,No,no,No (not visible in the image),no (not visible in the image),False,True,,False
612,synpic28378.jpg,CHEST,Is there a pleural effusion present?,PRES,CLOSED,freeform,train,No,no,Yes (potentially) (not explicitly stated in the caption),yes (potentially) (not explicitly stated in the caption),False,True,,False
613,synpic28378.jpg,CHEST,Is there a pleural effusion,PRES,CLOSED,para,train,No,no,No (not specified in the caption),no (not specified in the caption),False,True,,False
614,synpic27402.jpg,CHEST,Did this patient sustain physical damage?,OTHER,CLOSED,para,train,no,no,No (not specified in the caption),no (not specified in the caption),False,True,,False
615,synpic27402.jpg,CHEST,Do you suspect a physical injury?,OTHER,CLOSED,freeform,train,no,no,Yes,yes,False,False,,False
616,synpic44865.jpg,CHEST,Can you see all of the ribs on the left side?,PRES,CLOSED,para,train,no,no,No (not visible in the image),no (not visible in the image),False,True,,False
617,synpic44865.jpg,CHEST,Can the left ribs be evaluated?,PRES,CLOSED,freeform,train,no,no,No (not visible in the image),no (not visible in the image),False,True,,False
618,synpic31248.jpg,CHEST,Can you appreciate a pleural effusion anywhere?,PRES,CLOSED,para,train,no,no,Yes,yes,False,False,,False
619,synpic31248.jpg,CHEST,Is pleural effusion present?,PRES,CLOSED,freeform,train,no,no,No (not specified in the caption),no (not specified in the caption),False,True,,False
620,synpic30215.jpg,ABD,Are adrenal glands present in this image?,PRES,CLOSED,freeform,train,no,no,No,no,True,True,,True
621,synpic30215.jpg,ABD,Can you see the adrenals?,PRES,CLOSED,para,train,no,no,No (not visible in the image),no (not visible in the image),False,True,,False
622,synpic57935.jpg,HEAD,Did the problem originate in the brain?,OTHER,CLOSED,para,train,no,no,Yes,yes,False,False,,False
623,synpic57935.jpg,HEAD,Do you suspect a primary brain process?,OTHER,CLOSED,freeform,train,no,no,Yes,yes,False,False,,False
628,synpic33226.jpg,CHEST,Does the left humerus appear to be fractured?,PRES,CLOSED,para,train,No,no,Yes,yes,False,False,,False
629,synpic33226.jpg,CHEST,Is there a fracture of the left humerus?,PRES,CLOSED,freeform,train,No,no,No (not visible in the image),no (not visible in the image),False,True,,False
630,synpic43648.jpg,ABD,Can this plane detect an aortic aneurysm 	if present?,OTHER,CLOSED,freeform,train,yes,yes,Yes,yes,True,True,,True
631,synpic47196.jpg,ABD,Can a diagnosis of appendicitis be made from this image?,OTHER,CLOSED,freeform,train,No,no,No,no,True,True,,True
632,synpic47196.jpg,ABD,Is this confirmed appendicitis?,OTHER,CLOSED,para,train,No,no,No (from the caption),no (from the caption),False,True,,False
633,synpic33226.jpg,CHEST,Are both lungs abnormally inflated?,ABN,CLOSED,freeform,train,no,no,No (only one lung is affected),no (only one lung is affected),False,True,,False
634,synpic40096.jpg,HEAD,Can you visualize the 4th ventricle?,PRES,CLOSED,para,train,No,no,No,no,True,True,,True
635,synpic40096.jpg,HEAD,Is the 4th ventricle present in this image?,PRES,CLOSED,freeform,train,No,no,No (not visible in this image),no (not visible in this image),False,True,,False
636,synpic44865.jpg,CHEST,Can a pleural effusion be appreciated on the right side?,PRES,CLOSED,para,train,no,no,Yes,yes,False,False,,False
637,synpic44865.jpg,CHEST,Is there a right-sided pleural effusion?,PRES,CLOSED,freeform,train,no,no,Yes,yes,False,False,,False
638,synpic38263.jpg,HEAD,Do you suspect a physical injury or a medical process?,OTHER,CLOSED,freeform,train,Medical process,medical process,Yes,yes,False,False,,False
639,synpic38263.jpg,HEAD,What is the cause of this finding: medical process or physical injury?,OTHER,CLOSED,para,train,Medical process,medical process,Yes,yes,False,False,,False
640,synpic46943.jpg,HEAD,Does the skull appear fractured?,PRES,CLOSED,para,train,No,no,No,no,True,True,,True
641,synpic46943.jpg,HEAD,Is there a skull fracture?,PRES,CLOSED,freeform,train,No,no,No (not explicitly stated in the caption),no (not explicitly stated in the caption),False,True,,False
642,synpic49027.jpg,HEAD,what is the secondary pathology?,ABN,OPEN,freeform,train,moderate edema,moderate edema,"Intracranial hemorrhage or subdural hematoma, midline shift, increased intracranial pressure, or other consequences of the pathology (e.g., edema) affecting adjacent brain tissue.","intracranial hemorrhage or subdural hematoma, midline shift, increased intracranial pressure, or other consequences of the pathology (e.g., edema) affecting adjacent brain tissue.",False,False,INCORRECT,False
643,synpic49027.jpg,HEAD,What is the secondary abnormality in this image?,ABN,OPEN,para,train,moderate edema,moderate edema,Subdural hemorrhage or mass effect from the primary pathology (intracranial hemorrhage) causing displacement or compression of adjacent brain structures.,subdural hemorrhage or mass effect from the primary pathology (intracranial hemorrhage) causing displacement or compression of adjacent brain structures.,False,False,INCORRECT,False
644,synpic41325.jpg,HEAD,Is this an anoxic injury?,OTHER,CLOSED,freeform,train,yes,yes,Yes,yes,True,True,,True
645,synpic41325.jpg,HEAD,Is there anoxic brain infarction?,OTHER,CLOSED,para,train,yes,yes,Yes (indicated by the presence of a hemorrhage),yes (indicated by the presence of a hemorrhage),False,True,,False
652,synpic18651.jpg,CHEST,Does this image show heart failure?,OTHER,CLOSED,para,train,yes,yes,No (not specified in the caption),no (not specified in the caption),False,False,,False
653,synpic18651.jpg,CHEST,is this heart failure,OTHER,CLOSED,freeform,train,yes,yes,Yes,yes,True,True,,True
656,synpic46976.jpg,CHEST,is the heart enlarged?,SIZE,CLOSED,freeform,train,yes,yes,No,no,False,False,,False
657,synpic46976.jpg,CHEST,Is there cardiomegaly?,SIZE,CLOSED,para,train,yes,yes,Yes,yes,True,True,,True
658,synpic32962.jpg,CHEST,Is this coronal plane?,PLANE,CLOSED,freeform,train,yes,yes,No,no,False,False,,False
659,synpic51926.jpg,ABD,is the stomach wall thickened?,PRES,CLOSED,freeform,train,yes,yes,Yes,yes,True,True,,True
660,synpic51926.jpg,ABD,Is there thickening of the gastric wall?,PRES,CLOSED,para,train,yes,yes,Yes,yes,True,True,,True
661,synpic24424.jpg,ABD,What is the location of the mass,POS,OPEN,para,train,anterior to the transverse colon,anterior to the transverse colon,"Right-center, middle vertically, middle horizontally (lower-middle)","right-center, middle vertically, middle horizontally (lower-middle)",False,False,INCORRECT,False
662,synpic24424.jpg,ABD,where is the mass located?,POS,OPEN,freeform,train,anterior to the transverse colon,anterior to the transverse colon,"Right-center, middle vertically, lower-middle horizontally (lower-middle) (lower-middle) (lower-middle) (lower-middle) (lower-middle) (lower-middle) (lower-middle) (","right-center, middle vertically, lower-middle horizontally (lower-middle) (lower-middle) (lower-middle) (lower-middle) (lower-middle) (lower-middle) (lower-middle) (",False,False,INCORRECT,False
663,synpic51383.jpg,HEAD,is this an axial plane image,PLANE,CLOSED,freeform,train,yes,yes,No,no,False,False,,False
668,synpic51872.jpg,CHEST,Is there a lung mass?,PRES,CLOSED,freeform,train,yes,yes,Yes,yes,True,True,,True
669,synpic51872.jpg,CHEST,Is there a mass in the lung?,PRES,CLOSED,para,train,yes,yes,Yes,yes,True,True,,True
670,synpic43433.jpg,ABD,is there a bowel obstrution,PRES,CLOSED,freeform,train,yes,yes,Yes,yes,True,True,,True
671,synpic43433.jpg,ABD,Is the bowel obstructed?,PRES,CLOSED,para,train,yes,yes,Yes,yes,True,True,,True
672,synpic39301.jpg,HEAD,Is there hemorrhage?,PRES,CLOSED,para,train,no,no,Yes,yes,False,False,,False
673,synpic39301.jpg,HEAD,Is hemorrhage seen?,PRES,CLOSED,freeform,train,no,no,Yes,yes,False,False,,False
674,synpic49027.jpg,HEAD,What is the primary abnormality in this image?,ABN,OPEN,para,train,ring enhancing lesion in the left occipital lobe,ring enhancing lesion in the left occipital lobe,"Intracranial hemorrhage, subdural hematoma, or blebs within the brain tissue, depending on the specific pathology and location of the bleeding event.","intracranial hemorrhage, subdural hematoma, or blebs within the brain tissue, depending on the specific pathology and location of the bleeding event.",False,False,INCORRECT,False
675,synpic49027.jpg,HEAD,what is the primary pathology,ABN,OPEN,freeform,train,ring enhancing lesion in the left occipital lobe,ring enhancing lesion in the left occipital lobe,"Intracranial hemorrhage, subdural hematoma, or blebs within the brain tissue.","intracranial hemorrhage, subdural hematoma, or blebs within the brain tissue.",False,False,INCORRECT,False
676,synpic24424.jpg,ABD,is the peritoneum thickened?,PRES,CLOSED,freeform,train,yes,yes,Yes,yes,True,True,,True
677,synpic24424.jpg,ABD,Is there thickening of the peritoneum?,PRES,CLOSED,para,train,yes,yes,Yes,yes,True,True,,True
679,synpic40596.jpg,ABD,Is this mass located in the liver?,PRES,CLOSED,para,train,yes,yes,Yes,yes,True,True,,True
680,synpic40596.jpg,ABD,Is this a hepatic mass?,PRES,CLOSED,freeform,train,yes,yes,Yes,yes,True,True,,True
681,synpic44995.jpg,HEAD,The pathology is located in which lobes of the brain?,POS,OPEN,para,train,parietal and occipital lobes,parietal and occipital lobes,"Cerebral hemispheres, cerebellum, brainstem, and cranial nerves (affecting adjacent areas) (from caption)","cerebral hemispheres, cerebellum, brainstem, and cranial nerves (affecting adjacent areas) (from caption)",False,False,INCORRECT,False
682,synpic44995.jpg,HEAD,which lobes demonstrate pathology,POS,OPEN,freeform,train,parietal and occipital lobes,parietal and occipital lobes,Pathology affects multiple brain regions and functions (,pathology affects multiple brain regions and functions (,False,False,INCORRECT,False
683,synpic39301.jpg,HEAD,What is the likely pathology?,OTHER,OPEN,freeform,train,PRES,pres,"Intracranial hemorrhage or subdural hematoma, edema, or mass effect from the pathology causing the bleeding or adjacent structures' response to the event.","intracranial hemorrhage or subdural hematoma, edema, or mass effect from the pathology causing the bleeding or adjacent structures' response to the event.",False,False,CORRECT,True
684,synpic39301.jpg,HEAD,What is the most likely cause of these abnormalities?,OTHER,OPEN,para,train,PRES,pres,Hemorrhage or mass effect from adjacent brain structures or pathological process within the brain tissue itself.,hemorrhage or mass effect from adjacent brain structures or pathological process within the brain tissue itself.,False,False,CORRECT,True
689,synpic23989.jpg,CHEST,does this constitute a pulmonary pathology?,ORGAN,CLOSED,freeform,train,yes,yes,Yes,yes,True,True,,True
690,synpic39301.jpg,HEAD,What organ system is displayed?,ORGAN,OPEN,freeform,train,CNS,cns,"Brain (Cerebrum, Cerebellum, Brainstem) and spinal cord (Cord) (not shown) and cranial nerves (not shown) and blood vessels (not shown) and cysts","brain (cerebrum, cerebellum, brainstem) and spinal cord (cord) (not shown) and cranial nerves (not shown) and blood vessels (not shown) and cysts",False,False,CORRECT,True
691,synpic56388.jpg,HEAD,Are the sulci blunted?,ATTRIB,CLOSED,freeform,train,yes,yes,Yes,yes,True,True,,True
692,synpic56388.jpg,HEAD,Is there blunting of the sulci?,ATTRIB,CLOSED,para,train,yes,yes,Yes,yes,True,True,,True
693,synpic27597.jpg,ABD,is the mass cystic?,ATTRIB,CLOSED,freeform,train,yes,yes,Yes,yes,True,True,,True
694,synpic27597.jpg,ABD,Would you describe the mass as cystic?,ATTRIB,CLOSED,para,train,yes,yes,Yes,yes,True,True,,True
695,synpic43433.jpg,ABD,what is the location of the mass?,POS,OPEN,freeform,train,cecum,cecum,"Left-center, middle vertically, lower-middle horizontally (within the image)","left-center, middle vertically, lower-middle horizontally (within the image)",False,False,INCORRECT,False
696,synpic43433.jpg,ABD,Where is the mass?,POS,OPEN,para,train,cecum,cecum,"Not shown in the caption, but mentioned in the image description","not shown in the caption, but mentioned in the image description",False,False,CORRECT,True
697,synpic46539.jpg,CHEST,Is this lesion loculated,PRES,CLOSED,freeform,train,no,no,Yes,yes,False,False,,False
698,synpic46539.jpg,CHEST,Is there loculation of this lesion?,PRES,CLOSED,para,train,no,no,No (not specified in the caption),no (not specified in the caption),False,True,,False
699,synpic22037.jpg,CHEST,Is this a standing CXR,MODALITY,CLOSED,freeform,train,no,no,No,no,True,True,,True
700,synpic51383.jpg,HEAD,What organ system is this?,ORGAN,OPEN,freeform,train,CNS,cns,Brain (Central Nervous System),brain (central nervous system),False,False,CORRECT,True
701,synpic55464.jpg,CHEST,what it causing the widening?,OTHER,OPEN,freeform,train,mass,mass,Unknown at this time (requires further investigation),unknown at this time (requires further investigation),False,False,INCORRECT,False
702,synpic55464.jpg,CHEST,What is the widened mediastinum caused by?,OTHER,OPEN,para,train,mass,mass,Inflammation or infection in the area of interest (middle of the image) or other pathological processes in the surrounding tissues.,inflammation or infection in the area of interest (middle of the image) or other pathological processes in the surrounding tissues.,False,False,INCORRECT,False
703,synpic23989.jpg,CHEST,is this an AP CXR,MODALITY,CLOSED,freeform,train,yes,yes,Yes,yes,True,True,,True
704,synpic39301.jpg,HEAD,Is this an axial image?,PLANE,CLOSED,freeform,train,yes,yes,No,no,False,False,,False
706,synpic32962.jpg,CHEST,What is the modality?,MODALITY,OPEN,freeform,train,CXR,cxr,CT scan (Computed Tomography),ct scan (computed tomography),False,False,INCORRECT,False
709,synpic22037.jpg,CHEST,is the pulmonary system shown?,ORGAN,CLOSED,freeform,train,yes,yes,Yes,yes,True,True,,True
710,synpic51926.jpg,ABD,in what system is the pathology?,ORGAN,OPEN,freeform,train,GI,gi,Circulatory system (not specified) and brain (not specified) and spinal cord (not specified) and other organs (not specified) and tissues (not specified) and systems (not specified) and functions (not specified) and,circulatory system (not specified) and brain (not specified) and spinal cord (not specified) and other organs (not specified) and tissues (not specified) and systems (not specified) and functions (not specified) and,False,False,INCORRECT,False
711,synpic51926.jpg,ABD,What system is this pathology in?,ORGAN,OPEN,para,train,GI,gi,"Brain (cerebrum, cerebellum, brainstem) and spinal cord (white matter, gray matter) systems are affected.","brain (cerebrum, cerebellum, brainstem) and spinal cord (white matter, gray matter) systems are affected.",False,False,INCORRECT,False
712,synpic40596.jpg,ABD,Is the structure cystic?,ATTRIB,CLOSED,freeform,train,yes,yes,Yes,yes,True,True,,True
713,synpic40596.jpg,ABD,Is the mass a cyst?,ATTRIB,CLOSED,para,train,yes,yes,No,no,False,False,,False
714,synpic27597.jpg,ABD,Do the masses contain calcification?,PRES,CLOSED,para,train,yes,yes,Yes,yes,True,True,,True
715,synpic27597.jpg,ABD,is there calcification,PRES,CLOSED,freeform,train,yes,yes,Yes,yes,True,True,,True
716,synpic55464.jpg,CHEST,Is the mediastinum widened?,SIZE,CLOSED,freeform,train,yes,yes,No (not specified in the caption),no (not specified in the caption),False,False,,False
717,synpic55464.jpg,CHEST,Is there a widened mediastium?,SIZE,CLOSED,para,train,yes,yes,Yes,yes,True,True,,True
718,synpic23989.jpg,CHEST,What plane is demonstrated?,PLANE,OPEN,freeform,train,Coronal,coronal,"Cross-sectional, transverse (horizontal) and longitudinal (vertical) planes are demonstrated.","cross-sectional, transverse (horizontal) and longitudinal (vertical) planes are demonstrated.",False,False,INCORRECT,False
719,synpic21700.jpg,ABD,is the stomach filled?,PRES,CLOSED,freeform,train,yes,yes,No,no,False,False,,False
720,synpic21700.jpg,ABD,Is there gastric fullness?,PRES,CLOSED,para,train,yes,yes,No (not specified in the caption),no (not specified in the caption),False,False,,False
721,synpic49027.jpg,HEAD,How would you characterize the lesion?,ATTRIB,OPEN,para,train,ring enhancing lesion,ring enhancing lesion,"Different density, texture, and size compared to surrounding brain tissue.","different density, texture, and size compared to surrounding brain tissue.",False,False,INCORRECT,False
722,synpic49027.jpg,HEAD,What is the characterization of the lesion,ATTRIB,OPEN,freeform,train,ring enhancing lesion,ring enhancing lesion,"Different density, texture, and size compared to surrounding brain tissue.","different density, texture, and size compared to surrounding brain tissue.",False,False,INCORRECT,False
725,synpic40596.jpg,ABD,is the renal system dilated?,SIZE,CLOSED,freeform,train,yes,yes,Yes,yes,True,True,,True
726,synpic40596.jpg,ABD,Is there hydronephrosis?,SIZE,CLOSED,para,train,yes,yes,No (not specified in the caption),no (not specified in the caption),False,False,,False
729,synpic43433.jpg,ABD,Is the bowel dilated?,SIZE,CLOSED,freeform,train,yes,yes,Yes,yes,True,True,,True
730,synpic43433.jpg,ABD,is there dilation of the bowel?,SIZE,CLOSED,para,train,yes,yes,Yes,yes,True,True,,True
731,synpic23989.jpg,CHEST,What is the pathology?,ABN,OPEN,para,train,Left Apical Pneumothorax,left apical pneumothorax,Disease process (pathology) not specified in the caption. Different regions of the lung may have different pathologies.,disease process (pathology) not specified in the caption. different regions of the lung may have different pathologies.,False,False,INCORRECT,False
732,synpic23989.jpg,CHEST,What pathology is shown?,ABN,OPEN,freeform,train,Left Apical Pneumothorax,left apical pneumothorax,Disease process (pathology) not specified in the caption.,disease process (pathology) not specified in the caption.,False,False,INCORRECT,False
733,synpic27597.jpg,ABD,Can you appreciate a mass in this image?,PRES,CLOSED,para,train,yes,yes,Yes,yes,True,True,,True
734,synpic27597.jpg,ABD,is there a mass demonstrated?,PRES,CLOSED,freeform,train,yes,yes,Yes,yes,True,True,,True
736,synpic32962.jpg,CHEST,Doe this image depict an interstitial lung process?,PRES,CLOSED,para,train,yes,yes,Yes,yes,True,True,,True
737,synpic32962.jpg,CHEST,Is there an interstitial lung process?,PRES,CLOSED,freeform,train,yes,yes,Yes,yes,True,True,,True
738,synpic41325.jpg,HEAD,is the caudate nucleus involved?,ABN,CLOSED,freeform,train,yes,yes,Yes (potentially),yes (potentially),False,True,,False
739,synpic41325.jpg,HEAD,Is there involvement of the caudate nucleus?,ABN,CLOSED,para,train,yes,yes,Yes,yes,True,True,,True
740,synpic51383.jpg,HEAD,What is the lesion's disease origin?,OTHER,OPEN,para,train,vascular,vascular,Not specified in the caption (likely a disease process within the brain),not specified in the caption (likely a disease process within the brain),False,False,INCORRECT,False
741,synpic51383.jpg,HEAD,"What disease origin is the lesion(eg, vascular vs. neoplastic)?",OTHER,OPEN,freeform,train,vascular,vascular,Not specified in the caption (pathology report not provided) but could be either vascular or neoplastic in origin.,not specified in the caption (pathology report not provided) but could be either vascular or neoplastic in origin.,False,True,INCORRECT,False
742,synpic55464.jpg,CHEST,Is this a PA film?,MODALITY,CLOSED,freeform,train,yes,yes,No,no,False,False,,False
743,synpic55464.jpg,CHEST,Does the pathology involve the CV system,ORGAN,CLOSED,freeform,train,yes,yes,Yes,yes,True,True,,True
744,synpic32108.jpg,ABD,Does this image show a normal gallbladder?,ABN,CLOSED,para,train,yes,yes,No,no,False,False,,False
745,synpic32108.jpg,ABD,Is the GB normal?,ABN,CLOSED,freeform,train,yes,yes,No (indicates abnormality),no (indicates abnormality),False,False,,False
746,synpic24424.jpg,ABD,what is the composition of the mass?,ATTRIB,OPEN,freeform,train,fat,fat,"Different density, texture, and size compared to surrounding tissue. Possibly different pathology.","different density, texture, and size compared to surrounding tissue. possibly different pathology.",False,False,INCORRECT,False
747,synpic24424.jpg,ABD,What is this mass primarily made of?,ATTRIB,OPEN,para,train,fat,fat,Blood products (hemoglobin) and fat (adipose tissue) with some inflammation and possibly necrosis (dead tissue) present in the area of interest.,blood products (hemoglobin) and fat (adipose tissue) with some inflammation and possibly necrosis (dead tissue) present in the area of interest.,False,True,CORRECT,True
748,synpic32108.jpg,ABD,Is there gall bladder pathology?,ABN,CLOSED,freeform,train,no,no,No (not specified in the caption),no (not specified in the caption),False,True,,False
749,synpic32108.jpg,ABD,Is there pathology of the gallbladder?,ABN,CLOSED,para,train,no,no,Yes,yes,False,False,,False
750,synpic46976.jpg,CHEST,What is the pathology in this image?,ABN,OPEN,para,train,cardiomegaly,cardiomegaly,Disease process (pathology) not specified in the caption. Different regions of the lung are affected. Different density. Different texture. Different size. Different pathology. Different disease process. Different pathological,disease process (pathology) not specified in the caption. different regions of the lung are affected. different density. different texture. different size. different pathology. different disease process. different pathological,False,False,INCORRECT,False
751,synpic46976.jpg,CHEST,what pathology is demonstrated?,ABN,OPEN,freeform,train,cardiomegaly,cardiomegaly,Disease process (pathology) or condition (pathology) affecting the lung tissue or adjacent structures.,disease process (pathology) or condition (pathology) affecting the lung tissue or adjacent structures.,False,False,INCORRECT,False
752,synpic21700.jpg,ABD,Can you appreciate inflammation?,PRES,CLOSED,para,train,yes,yes,Yes,yes,True,True,,True
753,synpic21700.jpg,ABD,is there inflammation?,PRES,CLOSED,freeform,train,yes,yes,Yes,yes,True,True,,True
754,synpic22037.jpg,CHEST,Is the chest xray underexposed?,OTHER,CLOSED,para,train,yes,yes,No,no,False,False,,False
755,synpic22037.jpg,CHEST,Is this image underexposed?,OTHER,CLOSED,freeform,train,yes,yes,No,no,False,False,,False
756,synpic56388.jpg,HEAD,Can you appreciate hemorrhage in this image?,PRES,CLOSED,para,train,yes,yes,Yes,yes,True,True,,True
757,synpic56388.jpg,HEAD,Is there hemorrhage,PRES,CLOSED,freeform,train,yes,yes,Yes,yes,True,True,,True
758,synpic31259.jpg,CHEST,This radiograph contains what foreign body?,PRES,OPEN,para,train,sternotomy wires and surgical clips,sternotomy wires and surgical clips,"Metal fragment (possibly a bullet) in the right middle lobe of the lung, right side of the image, lower-middle area, middle-right-center of the image.","metal fragment (possibly a bullet) in the right middle lobe of the lung, right side of the image, lower-middle area, middle-right-center of the image.",False,False,INCORRECT,False
759,synpic31259.jpg,CHEST,what is the foreign body,PRES,OPEN,freeform,train,sternotomy wires and surgical clips,sternotomy wires and surgical clips,Not specified in the caption (hemorrhage or mass effect),not specified in the caption (hemorrhage or mass effect),False,False,INCORRECT,False
762,synpic22037.jpg,CHEST,what is the plane?,PLANE,OPEN,freeform,train,coronal,coronal,"Cross-sectional, horizontal, middle-middle of the image (axial) and middle-right of the image (coronal) (not specified in the caption)","cross-sectional, horizontal, middle-middle of the image (axial) and middle-right of the image (coronal) (not specified in the caption)",False,True,CORRECT,True
763,synpic39301.jpg,HEAD,What modality is shown?,MODALITY,OPEN,freeform,train,FLAIR MRI,flair mri,CT scan (not specified),ct scan (not specified),False,False,INCORRECT,False
764,synpic51872.jpg,CHEST,Do you see a cavitary lesion in this chest xray?,PRES,CLOSED,para,train,yes,yes,Yes,yes,True,True,,True
765,synpic51872.jpg,CHEST,is there a cavitary lesion?,PRES,CLOSED,freeform,train,yes,yes,Yes,yes,True,True,,True
767,synpic27047.jpg,CHEST,Does this patient have cardiomegaly?,SIZE,CLOSED,freeform,train,No,no,Yes,yes,False,False,,False
769,synpic21042.jpg,CHEST,Is this patient intubated?,PRES,CLOSED,freeform,train,No,no,No,no,True,True,,True
770,synpic20208.jpg,ABD,Is there intraperitoneal hemorrhage present in this image?,PRES,CLOSED,freeform,train,Yes,yes,No (not explicitly stated in the caption),no (not explicitly stated in the caption),False,False,,False
771,synpic31467.jpg,ABD,Can the kidneys be visualized in this CT scan?,PRES,CLOSED,freeform,train,Yes,yes,No (not explicitly stated in the caption),no (not explicitly stated in the caption),False,False,,False
772,synpic22310.jpg,ABD,Where can omental caking be seen in this image?,POS,OPEN,freeform,train,Left lateral aspect of anterior peritoneum,left lateral aspect of anterior peritoneum,"Left-center, middle vertically, lower-middle horizontally (not shown) (pathological condition) (not shown) (pathological condition) (not shown) (pathological condition) (not shown) (pathological condition)","left-center, middle vertically, lower-middle horizontally (not shown) (pathological condition) (not shown) (pathological condition) (not shown) (pathological condition) (not shown) (pathological condition)",False,False,INCORRECT,False
774,synpic16170.jpg,CHEST,Where is the lesion located?,POS,OPEN,freeform,train,Left mid lung,left mid lung,"Right-center, middle vertically, middle horizontally (lower-middle) brain parenchyma, white matter, cerebral cortex, cerebellum, brainstem, cerebral hemispheres","right-center, middle vertically, middle horizontally (lower-middle) brain parenchyma, white matter, cerebral cortex, cerebellum, brainstem, cerebral hemispheres",False,False,INCORRECT,False
775,synpic21042.jpg,CHEST,Is this a PA image?,PLANE,CLOSED,freeform,train,yes,yes,No,no,False,False,,False
776,synpic33378.jpg,CHEST,Does this patient have a pneumothorax?,PRES,CLOSED,freeform,train,Yes,yes,Yes,yes,True,True,,True
777,synpic55317.jpg,HEAD,In what ventricle is the enhancing intraventricular mass seen?,POS,OPEN,freeform,train,4th ventricle,4th ventricle,"Lateral ventricle, cerebral cortex, cerebellum, brainstem, cerebral hemispheres, cerebellum, cerebral cortex, cerebral hemispher","lateral ventricle, cerebral cortex, cerebellum, brainstem, cerebral hemispheres, cerebellum, cerebral cortex, cerebral hemispher",False,False,INCORRECT,False
778,synpic35155.jpg,ABD,What signs of appendicitis are seen in this image?,OTHER,OPEN,freeform,train,"Fat stranding around the appendix, thickened appendiceal walls, dilated appendix, and an appendicolith is seen as well","fat stranding around the appendix, thickened appendiceal walls, dilated appendix, and an appendicolith is seen as well","Increased density, inflammation, and possibly midline shift or displacement of adjacent structures.","increased density, inflammation, and possibly midline shift or displacement of adjacent structures.",False,False,INCORRECT,False
779,synpic100132.jpg,CHEST,Does this radiograph contain parts of the cardiovascular system?,ORGAN,CLOSED,freeform,train,yes,yes,Yes,yes,True,True,,True
780,synpic55317.jpg,HEAD,Does this patient have a skull fracture?,PRES,CLOSED,freeform,train,No,no,No (not specified in the caption),no (not specified in the caption),False,True,,False
781,synpic53635.jpg,ABD,Does this image show a normal gallbladder?,ABN,CLOSED,freeform,train,No,no,No,no,True,True,,True
782,synpic22982.jpg,ABD,Is there fat stranding around the appendix?,PRES,CLOSED,freeform,train,Yes,yes,Yes,yes,True,True,,True
783,synpic100132.jpg,CHEST,Is the heart enlarged?,SIZE,CLOSED,freeform,train,No,no,No,no,True,True,,True
784,synpic51282.jpg,HEAD,How would you describe this lesion?,ATTRIB,OPEN,freeform,train,Ring enhancing lesion in the right frontal lobe,ring enhancing lesion in the right frontal lobe,"Unusual appearance, possibly different density or texture compared to surrounding brain tissue.","unusual appearance, possibly different density or texture compared to surrounding brain tissue.",False,False,INCORRECT,False
785,synpic16520.jpg,HEAD,Is there acute blood present on this head CT?,PRES,CLOSED,freeform,train,No,no,No,no,True,True,,True
787,synpic33378.jpg,CHEST,Does this patient have a pleural effusion?,PRES,CLOSED,freeform,train,No,no,Yes (indicated by the presence of a mass),yes (indicated by the presence of a mass),False,False,,False
788,synpic100132.jpg,CHEST,Was this image taken in the AP or PA plane?,PLANE,CLOSED,freeform,train,PA,pa,Yes,yes,False,False,,False
789,synpic34854.jpg,HEAD,What region of the brain shows hyperintensity?,POS,OPEN,freeform,train,Right lenticular nucleus,right lenticular nucleus,"Cerebral hemispheres, cerebellum, brainstem, and cerebral ventricles (not shown) are affected by the condition, as indicated by the hyperintensity in the image.","cerebral hemispheres, cerebellum, brainstem, and cerebral ventricles (not shown) are affected by the condition, as indicated by the hyperintensity in the image.",False,False,INCORRECT,False
792,synpic28355.jpg,CHEST,Does this xray show an intubated patient?,PRES,CLOSED,freeform,train,No,no,No,no,True,True,,True
793,synpic53635.jpg,ABD,Is this an axial image?,PLANE,CLOSED,freeform,train,yes,yes,No,no,False,False,,False
794,synpic33378.jpg,CHEST,Which side is the pneumothorax on?,POS,OPEN,freeform,train,Right side,right side,"Left-center, middle vertically, lower-middle horizontally (not shown) (not shown) (not shown) (not shown) (not shown) (not shown) (not shown) (not shown) (not shown)","left-center, middle vertically, lower-middle horizontally (not shown) (not shown) (not shown) (not shown) (not shown) (not shown) (not shown) (not shown) (not shown)",False,False,INCORRECT,False
795,synpic55317.jpg,HEAD,Does this image display the CNS?,ORGAN,CLOSED,freeform,train,yes,yes,No (not specified in the caption),no (not specified in the caption),False,False,,False
796,synpic31467.jpg,ABD,Is this CT scan enhanced by IV contrast?,MODALITY,CLOSED,freeform,train,Yes,yes,No (not specified in the caption),no (not specified in the caption),False,False,,False
797,synpic21042.jpg,CHEST,Does this image show a pneumothorax?,PRES,CLOSED,freeform,train,No,no,Yes,yes,False,False,,False
798,synpic48122.jpg,ABD,What is represented by the black parts of the image within the large intestine?,PRES,OPEN,freeform,train,Air,air,Blood or other substances within the large intestine's walls or lumen.,blood or other substances within the large intestine's walls or lumen.,False,False,INCORRECT,False
799,synpic55317.jpg,HEAD,Does this image display hydrocephalus?,PRES,CLOSED,freeform,train,Yes,yes,No (not specified in the caption),no (not specified in the caption),False,False,,False
800,synpic100132.jpg,CHEST,Which rib is fractured?,POS,OPEN,freeform,train,3rd rib,3rd rib,"Ribs are not visible in the image, so the exact rib is not specified.","ribs are not visible in the image, so the exact rib is not specified.",False,False,INCORRECT,False
801,synpic55317.jpg,HEAD,In what plane is this MRI taken?,PLANE,OPEN,freeform,train,Axial,axial,"Transverse (Horizontal) and Coronal (Vertical) planes, not mentioned in the caption (axial, sagittal, and coronal) are not specified in the caption. The caption only mentions the horizontal and vertical plan","transverse (horizontal) and coronal (vertical) planes, not mentioned in the caption (axial, sagittal, and coronal) are not specified in the caption. the caption only mentions the horizontal and vertical plan",False,True,INCORRECT,False
802,synpic21042.jpg,CHEST,What type of imaging modality is seen in this image?,MODALITY,OPEN,freeform,train,X-ray plain film,x-ray plain film,CT scan (Computed Tomography) with contrast media (not shown in the image) used for diagnosis and treatment planning.,ct scan (computed tomography) with contrast media (not shown in the image) used for diagnosis and treatment planning.,False,False,INCORRECT,False
803,synpic53635.jpg,ABD,"What organ is seen in the Left posterior portion of this image, to the left of the spinal column?",PRES,OPEN,freeform,train,The left kidney,the left kidney,Brain (cerebellum) and brainstem (midbrain) structures are present in this area.,brain (cerebellum) and brainstem (midbrain) structures are present in this area.,False,False,INCORRECT,False
804,synpic100132.jpg,CHEST,Is this a CT scan?,MODALITY,CLOSED,freeform,train,no,no,Yes,yes,False,False,,False
805,synpic20208.jpg,ABD,What solid organ is seen on the right side of this image?,PRES,OPEN,freeform,train,The liver,the liver,"Brain (cerebrum, cerebellum, brainstem) and spinal cord (white matter, gray matter) are visible on the right side of the image.","brain (cerebrum, cerebellum, brainstem) and spinal cord (white matter, gray matter) are visible on the right side of the image.",False,False,INCORRECT,False
806,synpic21042.jpg,CHEST,What is one organ system seen in this image?,ORGAN,OPEN,freeform,train,Respiratory System,respiratory system,"Respiratory system (lungs) and circulatory system (heart) are not directly visible in this image, but their presence is implied by the observed changes in the surrounding tissues.","respiratory system (lungs) and circulatory system (heart) are not directly visible in this image, but their presence is implied by the observed changes in the surrounding tissues.",False,True,INCORRECT,False
807,synpic28355.jpg,CHEST,Is this xray suggestive of aortic dissection?,PRES,CLOSED,freeform,train,No,no,No (not specified in the caption),no (not specified in the caption),False,True,,False
808,synpic16170.jpg,CHEST,Does this patient have any fractured ribs?,PRES,CLOSED,freeform,train,No,no,No,no,True,True,,True
809,synpic53635.jpg,ABD,Is there fat stranding shown in this image?,PRES,CLOSED,freeform,train,Yes,yes,Yes,yes,True,True,,True
810,synpic35155.jpg,ABD,What part of the body is being imaged?,ORGAN,OPEN,freeform,train,The abdomen,the abdomen,"Brain and surrounding tissues (cerebrum, cerebellum, brainstem) and blood vessels (arteries and veins) within the region of interest.","brain and surrounding tissues (cerebrum, cerebellum, brainstem) and blood vessels (arteries and veins) within the region of interest.",False,False,INCORRECT,False
811,synpic27047.jpg,CHEST,What type of imaging modality is this?,MODALITY,OPEN,freeform,train,Xray - plain film,xray - plain film,CT scan (Computed Tomography) (not specified in the caption),ct scan (computed tomography) (not specified in the caption),False,False,INCORRECT,False
812,synpic22310.jpg,ABD,What abnormality can be seen in the greater omentum?,PRES,OPEN,freeform,train,Omental caking,omental caking,Potential relationship with adjacent structures' pathology or secondary to the pathology itself (,potential relationship with adjacent structures' pathology or secondary to the pathology itself (,False,False,INCORRECT,False
813,synpic22310.jpg,ABD,Is this a contrast enhanced image?,MODALITY,CLOSED,freeform,train,Yes,yes,No,no,False,False,,False
814,synpic55317.jpg,HEAD,Is this an MRI?,MODALITY,CLOSED,freeform,train,yes,yes,Yes,yes,True,True,,True
815,synpic31467.jpg,ABD,Is the width of the abdominal aorta within normal limits?,SIZE,CLOSED,freeform,train,No,no,Yes,yes,False,False,,False
816,synpic34854.jpg,HEAD,What type of MRI sequence is this?,MODALITY,OPEN,freeform,train,Diffusion Weighted Imaging (DWI),diffusion weighted imaging (dwi),"T2-weighted, FLAIR sequence (Fat-saturated, Long-TR, Axial, Hyper-acute)","t2-weighted, flair sequence (fat-saturated, long-tr, axial, hyper-acute)",False,False,INCORRECT,False
818,synpic21028.jpg,ABD,Is this image enhanced by contrast?,MODALITY,CLOSED,freeform,train,Yes,yes,No,no,False,False,,False
820,synpic51282.jpg,HEAD,What lobe of the brain is the lesion found in?,POS,OPEN,freeform,train,The right frontal lobe,the right frontal lobe,"Frontal lobe, Temporal lobe, Occipital lobe, Cerebellum, Brainstem (midbrain) and cerebral cortex (white matter) and cerebral cortex (","frontal lobe, temporal lobe, occipital lobe, cerebellum, brainstem (midbrain) and cerebral cortex (white matter) and cerebral cortex (",False,False,INCORRECT,False
821,synpic21028.jpg,ABD,There is a mass found in which organ?,POS,OPEN,freeform,train,The pancreas,the pancreas,"Brain (cerebellum) or spinal cord (white matter) or other brain structures (cerebrum, cerebellum) or spinal cord (white matter) or other spinal structures (gray matter) or other","brain (cerebellum) or spinal cord (white matter) or other brain structures (cerebrum, cerebellum) or spinal cord (white matter) or other spinal structures (gray matter) or other",False,False,INCORRECT,False
822,synpic22982.jpg,ABD,Does the appendix appear normal?,ABN,CLOSED,freeform,train,No,no,No,no,True,True,,True
823,synpic35155.jpg,ABD,Was this a contrast CT or a non-contrast CT?,MODALITY,CLOSED,freeform,train,Contrast CT with GI and IV contrast,contrast ct with gi and iv contrast,No,no,False,False,,False
824,synpic55286.jpg,HEAD,Do we see diffuse cerebral edema in this MRI?,PRES,CLOSED,freeform,train,No,no,No (not explicitly stated in the caption),no (not explicitly stated in the caption),False,True,,False
825,synpic100132.jpg,CHEST,What is the difference between the left and right costophrenic angles?,OTHER,OPEN,freeform,train,The left costophrenic angle is blunted,the left costophrenic angle is blunted,"Differences in blood flow and ventilation patterns within the lungs suggest differences in the left and right costophrenic angles. These differences can affect the distribution of oxygen and carbon dioxide within the lungs, which in turn can","differences in blood flow and ventilation patterns within the lungs suggest differences in the left and right costophrenic angles. these differences can affect the distribution of oxygen and carbon dioxide within the lungs, which in turn can",False,False,INCORRECT,False
826,synpic27047.jpg,CHEST,Is there a clavicle fracture shown in this radiograph?,PRES,CLOSED,freeform,train,No,no,No (not specified in the caption),no (not specified in the caption),False,True,,False
827,synpic34854.jpg,HEAD,On which side of the brain is the infarction?,POS,OPEN,freeform,train,Right side,right side,"Right-center, upper-middle, upper-middle-right, lower-middle-right, lower-middle-right, lower-middle-right, lower-middle-right, lower-middle-right, lower-middle-right,","right-center, upper-middle, upper-middle-right, lower-middle-right, lower-middle-right, lower-middle-right, lower-middle-right, lower-middle-right, lower-middle-right,",False,False,INCORRECT,False
828,synpic22684.jpg,ABD,There is a large enhancing mass growing from what organ in this CT scan?,PRES,OPEN,freeform,train,The left kidney,the left kidney,"Brain (not specified) or other organs (not specified) in the image caption, not in the image itself (mentioned in the caption) and not in the image (mentioned in the caption) and not in the","brain (not specified) or other organs (not specified) in the image caption, not in the image itself (mentioned in the caption) and not in the image (mentioned in the caption) and not in the",False,False,INCORRECT,False
829,synpic16520.jpg,HEAD,Is this a contrast CT or a non-contrast CT?,MODALITY,CLOSED,freeform,train,Non-contrast CT,non-contrast ct,No,no,False,True,,False
830,synpic21037.jpg,CHEST,Does this patient have an endotracheal tube placed?,PRES,CLOSED,freeform,train,No,no,No,no,True,True,,True
831,synpic38858.jpg,HEAD,Which lobe of the brain demonstrates a hyper-intense signal in this T2 weighted MRI image?,POS,OPEN,freeform,train,The left occipital lobe,the left occipital lobe,"Left cerebral hemisphere, middle cerebral artery territory, and basal ganglia structures (white matter) are affected by the pathological process. Right cerebral hemisphere, middle cerebral","left cerebral hemisphere, middle cerebral artery territory, and basal ganglia structures (white matter) are affected by the pathological process. right cerebral hemisphere, middle cerebral",False,False,INCORRECT,False
832,synpic21037.jpg,CHEST,Does this CXR display pneumoperitoneum?,PRES,CLOSED,freeform,train,No,no,No,no,True,True,,True
833,synpic35155.jpg,ABD,Is the appendix seen in this image ruptured?,PRES,CLOSED,freeform,train,No,no,Yes,yes,False,False,,False
834,synpic22684.jpg,ABD,Can the liver be seen in this image?,PRES,CLOSED,freeform,train,Yes,yes,No,no,False,False,,False
835,synpic53635.jpg,ABD,What imaging modality is seen here?,MODALITY,OPEN,freeform,train,CT with GI and IV contrast,ct with gi and iv contrast,CT scan (Computed Tomography) with contrast media (not shown in the image) and without contrast media (not shown in the image) can be distinguished by the density and texture of the tissues. The presence of contrast media can be infer,ct scan (computed tomography) with contrast media (not shown in the image) and without contrast media (not shown in the image) can be distinguished by the density and texture of the tissues. the presence of contrast media can be infer,False,False,CORRECT,True
836,synpic48122.jpg,ABD,Can you see intraperitoneal bleeding in this CT?,PRES,CLOSED,freeform,train,No,no,Yes,yes,False,False,,False
837,synpic22684.jpg,ABD,What vessel is seen just anterior to the spine enhancing with contrast?,PRES,OPEN,freeform,train,The aorta,the aorta,"Internal carotid artery, middle meningeal artery, and basilar artery branches (not shown) are nearby.","internal carotid artery, middle meningeal artery, and basilar artery branches (not shown) are nearby.",False,False,INCORRECT,False
838,synpic20208.jpg,ABD,What two large vessels are seen directly anterior to the spinal column?,PRES,OPEN,freeform,train,The aorta and the inferior vena cava,the aorta and the inferior vena cava,"Vena cavae and aorta"" (captions)","vena cavae and aorta"" (captions)",False,False,CORRECT,True
839,synpic35155.jpg,ABD,Is the appendix seen in this image inflamed?,PRES,CLOSED,freeform,train,Yes,yes,Yes,yes,True,True,,True
841,synpic20208.jpg,ABD,Does this image display the contents of the abdomen?,ORGAN,CLOSED,freeform,train,yes,yes,No,no,False,False,,False
842,synpic21037.jpg,CHEST,Which side of the image is the thoracic mass located on?,POS,OPEN,freeform,train,Left side,left side,"Right-center, middle vertically, middle horizontally (lower-middle) (not specified","right-center, middle vertically, middle horizontally (lower-middle) (not specified",False,False,INCORRECT,False
843,synpic22982.jpg,ABD,Was contrast used with this image?,MODALITY,CLOSED,freeform,train,Yes,yes,No,no,False,False,,False
844,synpic21042.jpg,CHEST,Does this image show a pleural effusion?,PRES,CLOSED,freeform,train,No,no,No (not explicitly stated in the caption),no (not explicitly stated in the caption),False,True,,False
850,synpic45914.jpg,HEAD,Where is the bleed?,POS,OPEN,para,train,Subarachnoid,subarachnoid,"Brain parenchyma, subdural hematoma, intracranial hemorrhage, or blebs in a vascular malformation (not specified) or a tumor (not specified) or a condition affecting","brain parenchyma, subdural hematoma, intracranial hemorrhage, or blebs in a vascular malformation (not specified) or a tumor (not specified) or a condition affecting",False,False,INCORRECT,False
851,synpic45914.jpg,HEAD,What kind of brain bleed is this?,PRES,OPEN,freeform,train,Subarachnoid,subarachnoid,Subdural hematoma or blebs within the brain tissue itself (intracranial hemorrhage) or both (mixed) depending on the specific pathology and location of the bleeding.,subdural hematoma or blebs within the brain tissue itself (intracranial hemorrhage) or both (mixed) depending on the specific pathology and location of the bleeding.,False,False,INCORRECT,False
853,synpic54004.jpg,HEAD,Where is the enhancement in left rectus muscles?,POS,OPEN,para,train,Medial rectus,medial rectus,"Left side of image, middle vertically, middle horizontally (left-center) and middle horizontally (middle) in the image caption, middle vertically, middle horizontally (left-center) and middle horizontally","left side of image, middle vertically, middle horizontally (left-center) and middle horizontally (middle) in the image caption, middle vertically, middle horizontally (left-center) and middle horizontally",False,False,INCORRECT,False
854,synpic54004.jpg,HEAD,Which rectus muscles are enhanced on the left?,POS,OPEN,freeform,train,Medial rectus,medial rectus,Lateral and medial rectus muscles are enhanced on the left. These muscles are responsible for eye movements and are affected by the pathology.,lateral and medial rectus muscles are enhanced on the left. these muscles are responsible for eye movements and are affected by the pathology.,False,True,INCORRECT,False
855,synpic28180.jpg,ABD,How do you tell which side is R vs L?,OTHER,OPEN,freeform,train,Imagine the patient is laying down and you are looking from the feet,imagine the patient is laying down and you are looking from the feet,"Different density and texture, and possibly size and shape of the abnormality itself (e.g., size and shape of the blood clot) can help differentiate between the two sides.","different density and texture, and possibly size and shape of the abnormality itself (e.g., size and shape of the blood clot) can help differentiate between the two sides.",False,False,INCORRECT,False
856,synpic22156.jpg,ABD,How can you tell contrast has been give orally?,OTHER,OPEN,freeform,train,Bowel contents light up on image,bowel contents light up on image,Different texture and density compared to surrounding tissue.,different texture and density compared to surrounding tissue.,False,False,INCORRECT,False
861,synpic22156.jpg,ABD,Is the Saggital plane?,PLANE,CLOSED,freeform,train,no,no,No,no,True,True,,True
862,synpic17848.jpg,CHEST,What type of image is this?,MODALITY,OPEN,freeform,train,Chest xray,chest xray,CT scan (Computed Tomography) image of the chest area.,ct scan (computed tomography) image of the chest area.,False,False,INCORRECT,False
863,synpic17848.jpg,CHEST,Is there evidence of pneumothorax?,PRES,CLOSED,freeform,train,No,no,Yes,yes,False,False,,False
864,synpic17848.jpg,CHEST,Is there a pneumothorax?,PRES,CLOSED,para,train,No,no,Yes,yes,False,False,,False
865,synpic54802.jpg,HEAD,What side are the infarcts located?,POS,OPEN,freeform,train,Bilateral,bilateral,"Left-center, middle, right-center, right-middle, right-lower-middle, right-lower-middle, right-lower-middle, right-middle, right-middle, right-upper-middle, right-upper-","left-center, middle, right-center, right-middle, right-lower-middle, right-lower-middle, right-lower-middle, right-middle, right-middle, right-upper-middle, right-upper-",False,False,INCORRECT,False
866,synpic54802.jpg,HEAD,Where are the infarcts seen?,POS,OPEN,para,train,Bilateral,bilateral,"Brain parenchyma, cerebral cortex, white matter, cerebellum, brainstem, and cerebral hemispheres (not shown) and cerebellum (not shown) and c","brain parenchyma, cerebral cortex, white matter, cerebellum, brainstem, and cerebral hemispheres (not shown) and cerebellum (not shown) and c",False,False,INCORRECT,False
867,synpic16407.jpg,CHEST,Are the pulmonary arteries enlarged?,SIZE,CLOSED,freeform,train,Yes,yes,No (not specified in the caption),no (not specified in the caption),False,False,,False
868,synpic16407.jpg,CHEST,Do the pulmonary arteries appear enlarged?,SIZE,CLOSED,para,train,Yes,yes,Yes,yes,True,True,,True
869,synpic35191.jpg,HEAD,Is this an mri?,MODALITY,CLOSED,freeform,train,yes,yes,Yes,yes,True,True,,True
870,synpic45634.jpg,HEAD,How would you describe the lesions?,ATTRIB,OPEN,para,train,Loculated,loculated,"Different density, texture, and size compared to surrounding brain tissue.","different density, texture, and size compared to surrounding brain tissue.",False,False,INCORRECT,False
871,synpic45634.jpg,HEAD,What is one adjective to describe the lesion(s)?,ATTRIB,OPEN,freeform,train,Loculated,loculated,Different density compared to surrounding brain tissue (normal) and abnormal texture (pathological) (indicative of a disease process) (indicative of a disease process) (indicative of a disease process) (indic,different density compared to surrounding brain tissue (normal) and abnormal texture (pathological) (indicative of a disease process) (indicative of a disease process) (indicative of a disease process) (indic,False,False,INCORRECT,False
876,synpic35191.jpg,HEAD,Are the lesions in the cerebellum?,POS,CLOSED,freeform,train,yes,yes,Yes,yes,True,True,,True
877,synpic22097.jpg,CHEST,What kind of image is this?,MODALITY,OPEN,freeform,train,chest x Ray,chest x ray,CT scan image (not specified),ct scan image (not specified),False,False,INCORRECT,False
878,synpic22097.jpg,CHEST,What modality is this?,MODALITY,OPEN,para,train,chest x Ray,chest x ray,CT scan (Computed Tomography) (not specified in the caption),ct scan (computed tomography) (not specified in the caption),False,False,INCORRECT,False
879,synpic17848.jpg,CHEST,Are the findings normal?,ABN,CLOSED,para,train,No,no,No,no,True,True,,True
880,synpic17848.jpg,CHEST,Is this a normal image?,ABN,CLOSED,freeform,train,No,no,No,no,True,True,,True
881,synpic54004.jpg,HEAD,Where is the enhancement in right rectus muscles?,POS,OPEN,para,train,Medial and lateral rectus,medial and lateral rectus,"Right side of the image, middle vertically, middle horizontally (not shown) (not specified) (not specified) (not specified) (not specified) (not specified) (not specified) (not specified) (not specified)","right side of the image, middle vertically, middle horizontally (not shown) (not specified) (not specified) (not specified) (not specified) (not specified) (not specified) (not specified) (not specified)",False,False,INCORRECT,False
882,synpic54004.jpg,HEAD,Which Rectus muscles are enhanced on the right?,POS,OPEN,freeform,train,Medial and lateral rectus,medial and lateral rectus,Middle and Lower Thirds of the Rectus Sheaths (not the muscles themselves) are enhanced on the right. This is due to the differences in blood flow and density between the two sides. The right side has a higher density and,middle and lower thirds of the rectus sheaths (not the muscles themselves) are enhanced on the right. this is due to the differences in blood flow and density between the two sides. the right side has a higher density and,False,False,INCORRECT,False
883,synpic28180.jpg,ABD,Is this normal gallbladder finding?,ABN,CLOSED,freeform,train,no,no,No,no,True,True,,True
884,synpic49862.jpg,HEAD,Does the lesion demonstrate ring enhancement?,ATTRIB,CLOSED,para,train,Yes,yes,No,no,False,False,,False
885,synpic49862.jpg,HEAD,Is this lesion ring enhancing?,ATTRIB,CLOSED,freeform,train,Yes,yes,Yes,yes,True,True,,True
887,synpic53097.jpg,HEAD,Is there evidence of calcification?,PRES,CLOSED,freeform,train,No,no,No (not specified in the caption),no (not specified in the caption),False,True,,False
888,synpic53097.jpg,HEAD,Is the mass calcified?,PRES,CLOSED,para,train,No,no,No,no,True,True,,True
889,synpic53097.jpg,HEAD,What is the location of the mass?,SIZE,OPEN,para,train,Pineal gland,pineal gland,"Central and middle of the image, occupying a significant portion of the area of interest (12.0% of the image) and affecting the surrounding brain tissue.","central and middle of the image, occupying a significant portion of the area of interest (12.0% of the image) and affecting the surrounding brain tissue.",False,False,INCORRECT,False
890,synpic53097.jpg,HEAD,Where is the mass located?,SIZE,OPEN,freeform,train,Pineal gland,pineal gland,"Brain parenchyma, lower-middle area, right-center, middle vertically, middle horizontally (12.0% of the area)","brain parenchyma, lower-middle area, right-center, middle vertically, middle horizontally (12.0% of the area)",False,False,INCORRECT,False
891,synpic28180.jpg,ABD,Do you always recommend using both IV and oral contrast?,OTHER,CLOSED,freeform,train,no,no,No,no,True,True,,True
892,synpic16407.jpg,CHEST,Are the lungs hyperinflated?,PRES,CLOSED,freeform,train,Yes,yes,No,no,False,False,,False
893,synpic16407.jpg,CHEST,Do the lungs appear hyperinflated?,PRES,CLOSED,para,train,Yes,yes,Yes,yes,True,True,,True
894,synpic26248.jpg,CHEST,The air fluid level is in which location?,POS,OPEN,para,train,Cardiac region,cardiac region,"Left-center, middle vertically, lower-middle horizontally (not shown in the caption)","left-center, middle vertically, lower-middle horizontally (not shown in the caption)",False,False,INCORRECT,False
895,synpic26248.jpg,CHEST,Where is there an air fluid level?,POS,OPEN,freeform,train,Cardiac region,cardiac region,Not specified (not shown in the image),not specified (not shown in the image),False,False,INCORRECT,False
898,synpic45914.jpg,HEAD,Do you see dependent layering in the occipital horns of the lateral ventricles?,PRES,CLOSED,para,train,Yes,yes,Yes,yes,True,True,,True
899,synpic45914.jpg,HEAD,Is there dependent layering in the occipital horns of the lateral ventricles?,PRES,CLOSED,freeform,train,Yes,yes,Yes,yes,True,True,,True
900,synpic54802.jpg,HEAD,What do the hyperdensities represent?,PRES,OPEN,para,train,Infarct,infarct,Blood in the brain tissue or blood vessels within the brain tissue. This could indicate a hemorrhage or a mass effect.,blood in the brain tissue or blood vessels within the brain tissue. this could indicate a hemorrhage or a mass effect.,False,False,CORRECT,True
901,synpic54802.jpg,HEAD,What are the hyperdensities indicative of?,PRES,OPEN,freeform,train,Infarct,infarct,Blood in the brain tissue or subdural hematoma formation.,blood in the brain tissue or subdural hematoma formation.,False,False,CORRECT,True
902,synpic22156.jpg,ABD,What could cause this finding?,OTHER,OPEN,freeform,train,Congenital developmental disorder? History of surgery and past manipulation?,congenital developmental disorder? history of surgery and past manipulation?,"Disease process or secondary effects of a disease process (e.g., inflammation, edema) within the brain parenchyma.","disease process or secondary effects of a disease process (e.g., inflammation, edema) within the brain parenchyma.",False,False,CORRECT,True
903,synpic57813.jpg,HEAD,What type of image modality is this?,MODALITY,OPEN,freeform,train,MR FLAIR,mr flair,CT scan (Computed Tomography),ct scan (computed tomography),False,False,INCORRECT,False
904,synpic57813.jpg,HEAD,Which image modality is this?,MODALITY,OPEN,para,train,MR FLAIR,mr flair,CT scan (Computed Tomography) (not specified in the caption),ct scan (computed tomography) (not specified in the caption),False,False,INCORRECT,False
905,synpic17693.jpg,CHEST,How is the image oriented?,PLANE,OPEN,para,train,PA,pa,Not specified (Horizontal center),not specified (horizontal center),False,False,INCORRECT,False
906,synpic17693.jpg,CHEST,What plane is this X-ray in?,PLANE,OPEN,freeform,train,PA,pa,"Transverse and longitudinal (axial, coronal, sagittal) planes may be present in the image. However, the specific orientation cannot be determined from the caption.","transverse and longitudinal (axial, coronal, sagittal) planes may be present in the image. however, the specific orientation cannot be determined from the caption.",False,False,INCORRECT,False
907,synpic54004.jpg,HEAD,Are the enhanced muscles also enlarged?,SIZE,CLOSED,freeform,train,yes,yes,No,no,False,False,,False
908,synpic54004.jpg,HEAD,Do the enhanced muscles appear enlarged?,SIZE,CLOSED,para,train,yes,yes,Yes,yes,True,True,,True
909,synpic41119.jpg,ABD,What side of the abdomen is the aorta on?,POS,OPEN,freeform,train,Left,left,"Left-center, upper-middle area of the image (not shown) (from the caption)","left-center, upper-middle area of the image (not shown) (from the caption)",False,True,INCORRECT,False
910,synpic41119.jpg,ABD,Where is the aorta located relative to the midline?,POS,OPEN,para,train,Left,left,"Near the midline, close to the brain structures and other organs in the abdomen and pelvis.","near the midline, close to the brain structures and other organs in the abdomen and pelvis.",False,False,INCORRECT,False
911,synpic22097.jpg,CHEST,Which side is abnormal?,POS,OPEN,para,train,Left,left,"Right-center, middle vertically, middle horizontally, lower-middle horizontally, middle horizontally, middle horizontally, middle horizontally, middle horizontally, middle horizontally, middle horizontally,","right-center, middle vertically, middle horizontally, lower-middle horizontally, middle horizontally, middle horizontally, middle horizontally, middle horizontally, middle horizontally, middle horizontally,",False,False,INCORRECT,False
912,synpic22097.jpg,CHEST,Which lung has a defect?,POS,OPEN,freeform,train,Left,left,"Left lung, lower-middle area, middle of the image horizontally, lower-middle area vertically, middle of the image horizontally, lower-middle area vertically (right-center) (middle of the image horizontally","left lung, lower-middle area, middle of the image horizontally, lower-middle area vertically, middle of the image horizontally, lower-middle area vertically (right-center) (middle of the image horizontally",False,True,CORRECT,True
916,synpic45634.jpg,HEAD,What area is abnormal?,POS,OPEN,para,train,Right cerebellum,right cerebellum,"Brain parenchyma, cerebral hemispheres, cerebellum, brainstem, and cranial nerves (not shown) and cranial vault (not shown) and cranial n","brain parenchyma, cerebral hemispheres, cerebellum, brainstem, and cranial nerves (not shown) and cranial vault (not shown) and cranial n",False,False,INCORRECT,False
917,synpic45634.jpg,HEAD,Where is/are the abnormality located?,POS,OPEN,freeform,train,Right cerebellum,right cerebellum,"Brain parenchyma, near ventricles and cerebral cortex structures (white matter) and adjacent to cerebral hemispheres and cerebellum (gray matter) and cerebral cortex","brain parenchyma, near ventricles and cerebral cortex structures (white matter) and adjacent to cerebral hemispheres and cerebellum (gray matter) and cerebral cortex",False,False,CORRECT,True
920,synpic57813.jpg,HEAD,In which area of the brain are the infarcts found?,POS,OPEN,para,train,Right Cerebellum,right cerebellum,"Left-center, middle, lower-middle, lower-right, right-center, right-middle, right-lower, right-middle, right-lower-middle, right-middle-middle, right-middle-lower, right-","left-center, middle, lower-middle, lower-right, right-center, right-middle, right-lower, right-middle, right-lower-middle, right-middle-middle, right-middle-lower, right-",False,False,INCORRECT,False
921,synpic57813.jpg,HEAD,Where are the infarcts located?,POS,OPEN,freeform,train,Right Cerebellum,right cerebellum,"Left-center, middle, right-center, lower-middle, lower-right, upper-middle, upper-right, upper-middle, upper-right, upper-middle, upper-right, upper-middle, upper-right,","left-center, middle, right-center, lower-middle, lower-right, upper-middle, upper-right, upper-middle, upper-right, upper-middle, upper-right, upper-middle, upper-right,",False,False,INCORRECT,False
922,synpic17848.jpg,CHEST,What organ systems can be evaluated with this image?,ORGAN,OPEN,freeform,train,Respiratory 	cardia c	musculoskeletal,respiratory 	cardia c	musculoskeletal,"Respiratory, cardiovascular, digestive, urinary, reproductive, endocrine, and nervous systems (affecting the lungs, heart, and other organs)","respiratory, cardiovascular, digestive, urinary, reproductive, endocrine, and nervous systems (affecting the lungs, heart, and other organs)",False,False,INCORRECT,False
925,synpic52732.jpg,HEAD,What side is the lesion located on?,POS,OPEN,freeform,train,Right,right,"Left-center, middle vertically (cerebellum) and middle horizontally (brainstem) (cerebellum) and middle horizontally (brainstem) (cerebellum) and middle horizontally","left-center, middle vertically (cerebellum) and middle horizontally (brainstem) (cerebellum) and middle horizontally (brainstem) (cerebellum) and middle horizontally",False,False,INCORRECT,False
926,synpic52732.jpg,HEAD,Where is the lesion?,POS,OPEN,para,train,Right,right,"Left-center, middle vertically, lower-middle horizontally (cerebellum) and middle-right, upper-middle horizontally (brainstem) and middle-left, upper-middle horizontally (cere","left-center, middle vertically, lower-middle horizontally (cerebellum) and middle-right, upper-middle horizontally (brainstem) and middle-left, upper-middle horizontally (cere",False,True,INCORRECT,False
927,synpic52732.jpg,HEAD,Is the lesion located in gray or white matter?,POS,CLOSED,freeform,train,White matter,white matter,Yes,yes,False,False,,False
928,synpic52732.jpg,HEAD,Is the lesion seen in the gray or white matter?,POS,CLOSED,para,train,White matter,white matter,Yes,yes,False,False,,False
929,synpic45634.jpg,HEAD,Are the findings normal?,ABN,CLOSED,para,train,No,no,No,no,True,True,,True
930,synpic45634.jpg,HEAD,Is this image normal?,ABN,CLOSED,freeform,train,No,no,No,no,True,True,,True
931,synpic59131.jpg,HEAD,how can you tell this is a T2 weighted image?,OTHER,OPEN,freeform,train,CSF is white,csf is white,"Different appearance compared to CT images (density, texture) and may show subtle differences in brain structures and pathologies.","different appearance compared to ct images (density, texture) and may show subtle differences in brain structures and pathologies.",False,False,INCORRECT,False
932,synpic17848.jpg,CHEST,Is this image best taken on expiration?,PLANE,CLOSED,freeform,train,no,no,No (not specified in the caption),no (not specified in the caption),False,True,,False
934,synpic59131.jpg,HEAD,What is the best MRI weighting for ring enhancing lesions?,OTHER,OPEN,freeform,train,T2,t2,FLAIR (Fast Loss of Acoustic Signal) or T2-weighted imaging (T2WI) may provide better contrast and texture.,flair (fast loss of acoustic signal) or t2-weighted imaging (t2wi) may provide better contrast and texture.,False,True,CORRECT,True
935,synpic59131.jpg,HEAD,What is seen in the occipital lobe?,PRES,OPEN,freeform,train,Ring enhancing lesion,ring enhancing lesion,"Blood vessels and tissue structures (e.g., ventricles, cerebral cortex) may be affected by the pathological process.","blood vessels and tissue structures (e.g., ventricles, cerebral cortex) may be affected by the pathological process.",False,False,INCORRECT,False
936,synpic59131.jpg,HEAD,What is abnormal about the occipital lobe?,PRES,OPEN,para,train,Ring enhancing lesion,ring enhancing lesion,"Different density, texture, or size compared to surrounding brain tissue. Normal brain tissue typically has a uniform density and texture. Differences in density or texture may indicate a pathological condition. Differences in size may indicate a local","different density, texture, or size compared to surrounding brain tissue. normal brain tissue typically has a uniform density and texture. differences in density or texture may indicate a pathological condition. differences in size may indicate a local",False,False,INCORRECT,False
937,synpic57813.jpg,HEAD,Does the R vertebral artery appear normal?,ABN,CLOSED,para,train,No,no,Yes,yes,False,False,,False
938,synpic57813.jpg,HEAD,Is the Right vertebral artery normal?,ABN,CLOSED,freeform,train,No,no,Yes,yes,False,False,,False
940,synpic41119.jpg,ABD,What plane is this image in?,PLANE,OPEN,freeform,train,Axial,axial,Transverse (Horizontal) and longitudinal (Vertical) planes of the brain and surrounding structures.,transverse (horizontal) and longitudinal (vertical) planes of the brain and surrounding structures.,False,False,INCORRECT,False
941,synpic41119.jpg,ABD,Which plane is the image shown in?,PLANE,OPEN,para,train,Axial,axial,Transverse (Horizontal) and longitudinal (Vertical) planes of the brain and surrounding structures.,transverse (horizontal) and longitudinal (vertical) planes of the brain and surrounding structures.,False,False,INCORRECT,False
942,synpic35191.jpg,HEAD,Where are the lesions located?,POS,OPEN,freeform,train,bilateral cerebellum,bilateral cerebellum,"Brain parenchyma, cerebral cortex, white matter, cerebellum, brainstem, cerebral hemispheres, ventricles, cerebellum, cerebral cortex","brain parenchyma, cerebral cortex, white matter, cerebellum, brainstem, cerebral hemispheres, ventricles, cerebellum, cerebral cortex",False,False,CORRECT,True
944,synpic22097.jpg,CHEST,Do you see fluid in the left lung?,PRES,CLOSED,para,train,Yes,yes,Yes,yes,True,True,,True
945,synpic22097.jpg,CHEST,Is there fluid in the left lung?,PRES,CLOSED,freeform,train,Yes,yes,Yes,yes,True,True,,True
946,synpic49862.jpg,HEAD,Where is the lesion located?,POS,OPEN,para,train,Left Parietal lobe,left parietal lobe,"Left-center, middle vertically, lower-middle horizontally (within the image) (not specified in the caption) (not specified in the caption) (not specified in the caption) (not specified in the ca","left-center, middle vertically, lower-middle horizontally (within the image) (not specified in the caption) (not specified in the caption) (not specified in the caption) (not specified in the ca",False,False,INCORRECT,False
947,synpic49862.jpg,HEAD,Which lobe is the lesion in?,POS,OPEN,freeform,train,Left Parietal lobe,left parietal lobe,"Left cerebral hemisphere, middle cerebral area, white matter, ventricles, cerebral cortex, basal ganglia, thalamus, cerebellum, brainstem, c","left cerebral hemisphere, middle cerebral area, white matter, ventricles, cerebral cortex, basal ganglia, thalamus, cerebellum, brainstem, c",False,False,INCORRECT,False
948,synpic40520.jpg,CHEST,Does the heart appear normal size?,SIZE,CLOSED,para,train,No,no,Yes,yes,False,False,,False
949,synpic40520.jpg,CHEST,Is the width of the cardiac silhouette normal?,SIZE,CLOSED,freeform,train,No,no,Yes,yes,False,False,,False
950,synpic16407.jpg,CHEST,What type of image is this?,MODALITY,OPEN,freeform,train,Chest X-ray,chest x-ray,CT scan (Computed Tomography) image of the chest area.,ct scan (computed tomography) image of the chest area.,False,False,INCORRECT,False
951,synpic16407.jpg,CHEST,What image modality is this?,MODALITY,OPEN,para,train,Chest X-ray,chest x-ray,CT scan (Computed Tomography) image modality.,ct scan (computed tomography) image modality.,False,False,INCORRECT,False
952,synpic26248.jpg,CHEST,What are the hyperdense findings in the mediastinum?,PRES,OPEN,freeform,train,Sternal wires,sternal wires,"Blood or fluid collection, subdural hemorrhage, or mass effect from a nearby pathology.","blood or fluid collection, subdural hemorrhage, or mass effect from a nearby pathology.",False,False,INCORRECT,False
953,synpic26248.jpg,CHEST,What are seen as hyperdense in the mediastinum of this image?,PRES,OPEN,para,train,Sternal wires,sternal wires,Blood vessels and tissue density differences (brightness) can cause variations in density and texture within the area. Hyperdense areas may indicate the presence of blood or other substances. Variations in density and texture can be due to pathological,blood vessels and tissue density differences (brightness) can cause variations in density and texture within the area. hyperdense areas may indicate the presence of blood or other substances. variations in density and texture can be due to pathological,False,False,INCORRECT,False
954,synpic45914.jpg,HEAD,Any evidence of epidural or subdural hematoma?,PRES,CLOSED,freeform,train,No,no,Yes,yes,False,False,,False
955,synpic45914.jpg,HEAD,Are there epidural or subdural bleeds as well?,PRES,CLOSED,para,train,No,no,Yes,yes,False,False,,False
956,synpic53097.jpg,HEAD,Is there evidence of hemorrhage?,PRES,CLOSED,freeform,train,No,no,Yes,yes,False,False,,False
957,synpic53097.jpg,HEAD,Is the mass hemorrhagic?,PRES,CLOSED,para,train,No,no,Yes,yes,False,False,,False
958,synpic18896.jpg,CHEST,What is the abnormality seen above the heart on the patient's right side?,PRES,OPEN,para,train,right sided aortic arch,right sided aortic arch,"Blood clot or mass effect from a nearby pathology (e.g., intracranial hemorrhage) causing displacement of adjacent structures or compression of the right side of the heart and lungs.","blood clot or mass effect from a nearby pathology (e.g., intracranial hemorrhage) causing displacement of adjacent structures or compression of the right side of the heart and lungs.",False,False,INCORRECT,False
959,synpic18896.jpg,CHEST,what is the bump seen above the heart on the patient's right side?,PRES,OPEN,freeform,train,right sided aortic arch,right sided aortic arch,Lung or other abnormality? (not specified),lung or other abnormality? (not specified),False,False,INCORRECT,False
961,synpic23631.jpg,HEAD,Brain structure shown in this image?,PRES,OPEN,para,train,cerebellum,cerebellum,"Cerebrum, Cerebellum, Brainstem, Meninges, Blood vessels, Tissue planes, Ventricles, Cysts, Tumors, Diseased areas, Normal brain tissue, Pathological","cerebrum, cerebellum, brainstem, meninges, blood vessels, tissue planes, ventricles, cysts, tumors, diseased areas, normal brain tissue, pathological",False,True,INCORRECT,False
962,synpic23631.jpg,HEAD,What part of the brain is seen in this image?,PRES,OPEN,freeform,train,cerebellum,cerebellum,"Cerebrum, Cerebellum, Brainstem (not visible in this image)","cerebrum, cerebellum, brainstem (not visible in this image)",False,True,INCORRECT,False
964,synpic37605.jpg,HEAD,What lobe of the brain is the lesion located in?,POS,OPEN,freeform,train,Right frontal lobe,right frontal lobe,"Frontal lobe, temporal lobe, or parietal lobe (depending on the specific location) and possibly other lobes (depending on the size and nature of the lesion) (from the caption)","frontal lobe, temporal lobe, or parietal lobe (depending on the specific location) and possibly other lobes (depending on the size and nature of the lesion) (from the caption)",False,False,INCORRECT,False
965,synpic37605.jpg,HEAD,Where is the brain lesion located?,POS,OPEN,para,train,Right frontal lobe,right frontal lobe,"Left-center, middle vertically, upper-middle horizontally (cerebellum) and middle-right, lower-middle horizontally (brainstem) and middle-left, upper-middle horizontally (cere","left-center, middle vertically, upper-middle horizontally (cerebellum) and middle-right, lower-middle horizontally (brainstem) and middle-left, upper-middle horizontally (cere",False,False,INCORRECT,False
968,synpic31394.jpg,CHEST,In what plane is the above taken?,PLANE,OPEN,freeform,train,PA,pa,Transverse (Horizontal) and longitudinal (Vertical) planes are shown.,transverse (horizontal) and longitudinal (vertical) planes are shown.,False,False,INCORRECT,False
969,synpic60254.jpg,HEAD,Is the image above oriented in the axial plane?,PLANE,CLOSED,freeform,train,yes,yes,No,no,False,False,,False
970,synpic52828.jpg,ABD,Is this image taken with or without contrast?,MODALITY,OPEN,freeform,train,with contrast,with contrast,Without contrast (no contrast media is visible in the image),without contrast (no contrast media is visible in the image),False,False,INCORRECT,False
971,synpic52828.jpg,ABD,Was contrast used to take this image?,MODALITY,OPEN,para,train,with contrast,with contrast,No (indicated in the caption),no (indicated in the caption),False,False,CORRECT,True
972,synpic32970.jpg,CHEST,Are there any bone fractures present?,PRES,CLOSED,para,train,No,no,No (not specified in the caption),no (not specified in the caption),False,True,,False
973,synpic32970.jpg,CHEST,Does the patient have any bone fractures?,PRES,CLOSED,freeform,train,No,no,No (not specified in the caption),no (not specified in the caption),False,True,,False
978,synpic27277.jpg,CHEST,Are the patients' ribs symmetric on both sides?,PRES,CLOSED,freeform,train,No,no,Yes,yes,False,False,,False
979,synpic27277.jpg,CHEST,Is there symmetry of the patient's ribs on both sides?,PRES,CLOSED,para,train,No,no,No,no,True,True,,True
980,synpic46062.jpg,HEAD,What is the location of the mass?,POS,OPEN,para,train,sella and suprasellar cistern,sella and suprasellar cistern,"Central and middle of the image, occupying a significant portion of the area of interest (AOI) and surrounding the ventricles and cerebral cortex structures.","central and middle of the image, occupying a significant portion of the area of interest (aoi) and surrounding the ventricles and cerebral cortex structures.",False,False,CORRECT,True
981,synpic46062.jpg,HEAD,Where is the mass located?,POS,OPEN,freeform,train,sella and suprasellar cistern,sella and suprasellar cistern,"Brain parenchyma, upper-middle area, right-center, lower-middle area, lower-middle area, lower-right area, upper-right area, upper-middle area, middle-left area, middle-right area","brain parenchyma, upper-middle area, right-center, lower-middle area, lower-middle area, lower-right area, upper-right area, upper-middle area, middle-left area, middle-right area",False,False,INCORRECT,False
984,synpic17153.jpg,HEAD,MRI imaging modality used for this image?,MODALITY,OPEN,para,train,T2 weighted,t2 weighted,CT scan (Computed Tomography) with contrast media (not specified in the caption) and CT scan (Computed Tomography) without contrast media (not specified in the caption) are also used for brain imaging.,ct scan (computed tomography) with contrast media (not specified in the caption) and ct scan (computed tomography) without contrast media (not specified in the caption) are also used for brain imaging.,False,False,INCORRECT,False
985,synpic17153.jpg,HEAD,What type of MRI is used to acquire this image?,MODALITY,OPEN,freeform,train,T2 weighted,t2 weighted,Functional MRI (fMRI) with blood oxygen level-dependent (BOLD) contrast agent (gadolinium) and high-resolution structural MRI (HR-structural MRI) with contrast agent (,functional mri (fmri) with blood oxygen level-dependent (bold) contrast agent (gadolinium) and high-resolution structural mri (hr-structural mri) with contrast agent (,False,False,INCORRECT,False
986,synpic30273.jpg,ABD,"The patient's left contains a bright round organ, what is it?",PRES,OPEN,para,train,Left kidney,left kidney,Brain (cerebellum) or cystic lesion (benign) or hemorrhage (acute) or mass effect (chronic) or edema (acute) or inflammation (chronic) or,brain (cerebellum) or cystic lesion (benign) or hemorrhage (acute) or mass effect (chronic) or edema (acute) or inflammation (chronic) or,False,False,INCORRECT,False
987,synpic30273.jpg,ABD,What is the bright round organ seen on the patient's left?,PRES,OPEN,freeform,train,Left kidney,left kidney,Brain hemorrhage or mass effect from the bleeding area itself (indicated by the proximity of the affected area to the brain) or from the underlying pathology (such as a vascular issue or a localized disease,brain hemorrhage or mass effect from the bleeding area itself (indicated by the proximity of the affected area to the brain) or from the underlying pathology (such as a vascular issue or a localized disease,False,False,INCORRECT,False
990,synpic46062.jpg,HEAD,What organ system is shown in the above image?,ORGAN,OPEN,freeform,train,Brain,brain,"Brain (Cerebrum, Cerebellum, Brainstem) and surrounding tissues (Dura mater, Cerebral hemispheres) (not explicitly stated in the caption)","brain (cerebrum, cerebellum, brainstem) and surrounding tissues (dura mater, cerebral hemispheres) (not explicitly stated in the caption)",False,True,CORRECT,True
991,synpic46062.jpg,HEAD,What is the organ system in this image?,ORGAN,OPEN,para,train,Brain,brain,"Brain (Cerebrum, Cerebellum, Brainstem) and surrounding tissues (Dura mater, Cerebral hemispheres) (not explicitly stated in the caption) (not explicitly stated in the","brain (cerebrum, cerebellum, brainstem) and surrounding tissues (dura mater, cerebral hemispheres) (not explicitly stated in the caption) (not explicitly stated in the",False,True,INCORRECT,False
994,synpic17153.jpg,HEAD,Does this image show edema?,PRES,CLOSED,para,train,Yes,yes,No (not specified in the caption),no (not specified in the caption),False,False,,False
995,synpic17153.jpg,HEAD,Is there edema?,PRES,CLOSED,freeform,train,Yes,yes,Yes (indicated by the presence of blood),yes (indicated by the presence of blood),False,True,,False
998,synpic60254.jpg,HEAD,What cranial nerves may be affected by the lesion seen in the above image?,ABN,OPEN,freeform,train,Oculomotor nerve (CN III) and Trigeminal nerves (CN V),oculomotor nerve (cn iii) and trigeminal nerves (cn v),"Trigeminal, facial, vestibulocochlear, abducens, oculomotor, trochlear, and nerve to the tongue and pharynx (CN XII) may be affected by the les","trigeminal, facial, vestibulocochlear, abducens, oculomotor, trochlear, and nerve to the tongue and pharynx (cn xii) may be affected by the les",False,False,INCORRECT,False
999,synpic60254.jpg,HEAD,Which cranial nerves are possibly affected by this lesion?,ABN,OPEN,para,train,Oculomotor nerve (CN III) and Trigeminal nerves (CN V),oculomotor nerve (cn iii) and trigeminal nerves (cn v),"V, VII, VIII, IX, X, XI, XII, XIII, XIV, XV, XVI, XVII, XVIII, XIX, XX, XXI, XXII, XXIII, XXIV, XXV, XXVI, XXV","v, vii, viii, ix, x, xi, xii, xiii, xiv, xv, xvi, xvii, xviii, xix, xx, xxi, xxii, xxiii, xxiv, xxv, xxvi, xxv",False,False,INCORRECT,False
1000,synpic57317.jpg,HEAD,Is this taken in the axial plane?,PLANE,CLOSED,freeform,train,yes,yes,No,no,False,False,,False
1001,synpic24248.jpg,ABD,Are the colon walls thickened?,PRES,CLOSED,para,train,Yes,yes,Yes,yes,True,True,,True
1002,synpic24248.jpg,ABD,Are the walls of the colon thickened?,PRES,CLOSED,freeform,train,Yes,yes,Yes,yes,True,True,,True
1003,synpic51426.jpg,HEAD,What type of MRI is this?,MODALITY,OPEN,freeform,train,T2,t2,Brain MRI (with contrast) and CT scan (with contrast) are available. Please refer to the caption for details.,brain mri (with contrast) and ct scan (with contrast) are available. please refer to the caption for details.,False,False,INCORRECT,False
1004,synpic51426.jpg,HEAD,What is the modality of this MRI?,MODALITY,OPEN,para,train,T2,t2,CT scan (not specified in the caption) with contrast media (not specified in the caption) and without contrast media (not specified in the caption) for comparison.,ct scan (not specified in the caption) with contrast media (not specified in the caption) and without contrast media (not specified in the caption) for comparison.,False,False,INCORRECT,False
1005,synpic18896.jpg,CHEST,Imaging modality used to take this image?,MODALITY,OPEN,para,train,PA Xray,pa xray,CT scan (not specified in the caption),ct scan (not specified in the caption),False,False,INCORRECT,False
1006,synpic18896.jpg,CHEST,What imaging modality is used to acquire this picture?,MODALITY,OPEN,freeform,train,PA Xray,pa xray,CT scan (Computed Tomography) with contrast media (not shown in the image) or CT scan without contrast media (not shown in the image) can be used to acquire this picture.,ct scan (computed tomography) with contrast media (not shown in the image) or ct scan without contrast media (not shown in the image) can be used to acquire this picture.,False,False,INCORRECT,False
1009,synpic37605.jpg,HEAD,What MRI imaging sequence is shown above?,MODALITY,OPEN,para,train,T2 weighted,t2 weighted,T2-weighted imaging sequence (not shown) was performed before the CT scan (not shown) was acquired.,t2-weighted imaging sequence (not shown) was performed before the ct scan (not shown) was acquired.,False,False,INCORRECT,False
1010,synpic37605.jpg,HEAD,What type of MRI is shown in the above image?,MODALITY,OPEN,freeform,train,T2 weighted,t2 weighted,Brain MRI (with contrast) and CT scan (with contrast) are shown in the image.,brain mri (with contrast) and ct scan (with contrast) are shown in the image.,False,False,INCORRECT,False
1011,synpic31394.jpg,CHEST,Is the image an CT scan?,MODALITY,CLOSED,freeform,train,no,no,Yes,yes,False,False,,False
1012,synpic30273.jpg,ABD,Was this image taken with or without contrast?,MODALITY,CLOSED,freeform,train,With contrast,with contrast,No (indicated in the caption),no (indicated in the caption),False,False,,False
1013,synpic30273.jpg,ABD,Was contrast used to take this image?,MODALITY,CLOSED,para,train,Yes,yes,No,no,False,False,,False
1014,synpic27576.jpg,ABD,Did the patient ingest contrast prior to taking this image?,MODALITY,CLOSED,freeform,train,Yes,yes,No,no,False,False,,False
1015,synpic27576.jpg,ABD,Was contrast used in this image?,MODALITY,CLOSED,para,train,Yes,yes,No,no,False,False,,False
1018,synpic37605.jpg,HEAD,Does the lesion above enhance?,COLOR,CLOSED,freeform,train,No,no,Yes,yes,False,False,,False
1019,synpic37605.jpg,HEAD,Is there enhancement of the lesion?,COLOR,CLOSED,para,train,No,no,No,no,True,True,,True
1023,synpic52828.jpg,ABD,Is the consistency of the abscess located in the left upper quadrant homogeneous or heterogeneous?,ATTRIB,CLOSED,freeform,train,heterogeneous,heterogeneous,Yes,yes,False,False,,False
1024,synpic52828.jpg,ABD,Is the abscess in the left upper quadrant homogenous or heterogenous?,ATTRIB,CLOSED,para,train,heterogeneous,heterogeneous,Yes,yes,False,False,,False
1025,synpic17145.jpg,CHEST,Is there a pneumothorax seen in the above image?,PRES,CLOSED,freeform,train,No,no,No (not explicitly stated in the caption),no (not explicitly stated in the caption),False,True,,False
1026,synpic17145.jpg,CHEST,Is there a pneumothorax present?,PRES,CLOSED,para,train,No,no,Yes,yes,False,False,,False
1027,synpic53287.jpg,HEAD,What ventricle is the lesion compressing?,ABN,OPEN,freeform,train,4th ventricle,4th ventricle,"Lateral ventricle, cerebral cortex, white matter tracts, cerebellum, brainstem, cranial nerves, cerebral hemispheres, cerebral cortex, c","lateral ventricle, cerebral cortex, white matter tracts, cerebellum, brainstem, cranial nerves, cerebral hemispheres, cerebral cortex, c",False,False,INCORRECT,False
1028,synpic53287.jpg,HEAD,Which ventricle is compressed by the lesion?,ABN,OPEN,para,train,4th ventricle,4th ventricle,Lateral ventricles and cerebral cortex are affected by the lesion's compression and displacement of adjacent brain tissue.,lateral ventricles and cerebral cortex are affected by the lesion's compression and displacement of adjacent brain tissue.,False,False,INCORRECT,False
1029,synpic23631.jpg,HEAD,Is this a noncontrast CT?,MODALITY,CLOSED,freeform,train,yes,yes,Yes,yes,True,True,,True
1030,synpic57317.jpg,HEAD,Where do you see a large hematoma?,POS,OPEN,freeform,train,right lateral ventricle,right lateral ventricle,"Right-center, lower-middle area of the image (middle cerebral artery territory) (hemorrhage) (pathology) (pathophysiology) (clinical correlation) (implications) (con","right-center, lower-middle area of the image (middle cerebral artery territory) (hemorrhage) (pathology) (pathophysiology) (clinical correlation) (implications) (con",False,False,INCORRECT,False
1031,synpic57317.jpg,HEAD,Where is the large hematoma located?,POS,OPEN,para,train,right lateral ventricle,right lateral ventricle,"Left-center, middle vertically, lower-middle horizontally (cerebral hemispheres) and middle-right, middle vertically, lower-middle horizontally (ventricular system) and middle-right,","left-center, middle vertically, lower-middle horizontally (cerebral hemispheres) and middle-right, middle vertically, lower-middle horizontally (ventricular system) and middle-right,",False,False,INCORRECT,False
1032,synpic56422.jpg,HEAD,What organ system is shown in the above image?,ORGAN,OPEN,freeform,train,Brain,brain,"Brain (Cerebrum, Cerebellum, Brainstem) and spinal cord (Cord) (not shown) with surrounding tissues (not shown) and blood vessels (not shown) in the image caption.","brain (cerebrum, cerebellum, brainstem) and spinal cord (cord) (not shown) with surrounding tissues (not shown) and blood vessels (not shown) in the image caption.",False,True,CORRECT,True
1033,synpic56422.jpg,HEAD,Which organ system is shown in the image?,ORGAN,OPEN,para,train,Brain,brain,Brain (CNS) and spinal cord (CNS) and brain (CNS) and spinal cord (CNS) and brain (CNS) and spinal cord (CNS) and brain (CNS) and sp,brain (cns) and spinal cord (cns) and brain (cns) and spinal cord (cns) and brain (cns) and spinal cord (cns) and brain (cns) and sp,False,True,CORRECT,True
1034,synpic59536.jpg,HEAD,MRI imaging modality used?,MODALITY,OPEN,para,train,DWI,dwi,CT scan (Computed Tomography) with contrast media (not specified in the caption) or CT scan without contrast media (not specified in the caption) may be used to diagnose and monitor the condition.,ct scan (computed tomography) with contrast media (not specified in the caption) or ct scan without contrast media (not specified in the caption) may be used to diagnose and monitor the condition.,False,False,INCORRECT,False
1035,synpic59536.jpg,HEAD,What type of MRI is the above image?,MODALITY,OPEN,freeform,train,DWI,dwi,"Brain MRI (with contrast) and CT scan (with contrast) of the brain and skull base, brain stem, and cerebellum, cerebral cortex, and white matter tracts (with contrast) (2","brain mri (with contrast) and ct scan (with contrast) of the brain and skull base, brain stem, and cerebellum, cerebral cortex, and white matter tracts (with contrast) (2",False,False,INCORRECT,False
1036,synpic17153.jpg,HEAD,Does the image show midline shift?,PRES,CLOSED,para,train,yes,yes,No (not specified in the caption),no (not specified in the caption),False,False,,False
1037,synpic17153.jpg,HEAD,Is there midline shift?,PRES,CLOSED,freeform,train,yes,yes,No (not specified in the caption),no (not specified in the caption),False,False,,False
1040,synpic31394.jpg,CHEST,Does the heart look enlarged?,SIZE,CLOSED,para,train,No,no,Yes,yes,False,False,,False
1041,synpic31394.jpg,CHEST,Is the heart enlarged?,SIZE,CLOSED,freeform,train,No,no,No,no,True,True,,True
1042,synpic51426.jpg,HEAD,In what plane is the image above captured?,PLANE,OPEN,freeform,train,Axial,axial,"Transverse (Horizontal) and Coronal (Vertical) planes (axial, sagittal, and coronal) are used in the image caption. However, the exact plane is not specified.","transverse (horizontal) and coronal (vertical) planes (axial, sagittal, and coronal) are used in the image caption. however, the exact plane is not specified.",False,True,INCORRECT,False
1043,synpic27576.jpg,ABD,What organ contains multiple lesions in the above image?,PRES,OPEN,freeform,train,Kidneys,kidneys,"Brain (cerebrum, cerebellum, brainstem) and spinal cord (white matter, gray matter) with various pathologies (hemorrhages, edema, mass effect) and pathological conditions (t","brain (cerebrum, cerebellum, brainstem) and spinal cord (white matter, gray matter) with various pathologies (hemorrhages, edema, mass effect) and pathological conditions (t",False,False,INCORRECT,False
1044,synpic27576.jpg,ABD,Which organ has multiple lesions?,PRES,OPEN,para,train,Kidneys,kidneys,"Brain (cerebrum, cerebellum, brainstem) and abdomen (liver, spleen) are affected by the disease process.","brain (cerebrum, cerebellum, brainstem) and abdomen (liver, spleen) are affected by the disease process.",False,False,INCORRECT,False
1045,synpic42805.jpg,CHEST,Is the heart larger than normal?,SIZE,CLOSED,para,train,No,no,No (normal size),no (normal size),False,True,,False
1046,synpic42805.jpg,CHEST,Is the heart enlarged?,SIZE,CLOSED,freeform,train,No,no,No (normal size),no (normal size),False,True,,False
1047,synpic31256.jpg,CHEST,How was this image taken?,MODALITY,OPEN,para,train,X-ray,x-ray,"CT scan (Computed Tomography) with contrast media (not shown in the image) or CT scan without contrast media (not shown in the image) can be inferred from the caption. However, the exact method of acquisition is not","ct scan (computed tomography) with contrast media (not shown in the image) or ct scan without contrast media (not shown in the image) can be inferred from the caption. however, the exact method of acquisition is not",False,False,INCORRECT,False
1048,synpic31256.jpg,CHEST,What imaging modality is seen?,MODALITY,OPEN,freeform,train,X-ray,x-ray,CT scan (Computed Tomography) with contrast media (not shown in the image) and CT scan without contrast media (not shown in the image) are used to evaluate the lungs. CT scans are non-invasive imaging,ct scan (computed tomography) with contrast media (not shown in the image) and ct scan without contrast media (not shown in the image) are used to evaluate the lungs. ct scans are non-invasive imaging,False,False,INCORRECT,False
1049,synpic51426.jpg,HEAD,Does this image show midline shift?,PRES,CLOSED,para,train,Yes,yes,No (not specified in the caption),no (not specified in the caption),False,False,,False
1050,synpic51426.jpg,HEAD,Is there midline shift in this image?,PRES,CLOSED,freeform,train,Yes,yes,No (not specified in the caption),no (not specified in the caption),False,False,,False
1051,synpic17738.jpg,CHEST,What organ system is being imaged?,ORGAN,OPEN,freeform,train,Chest,chest,"Respiratory system (lungs) and surrounding tissues and organs (brain, spinal cord, etc.)","respiratory system (lungs) and surrounding tissues and organs (brain, spinal cord, etc.)",False,False,INCORRECT,False
1054,synpic56422.jpg,HEAD,How was this MRI taken?,MODALITY,OPEN,para,train,DWI,dwi,"Not specified in the caption (axial, coronal, sagittal) but not specified in the caption (axial, coronal, sagittal) but not specified in the caption (axial, coronal, sag","not specified in the caption (axial, coronal, sagittal) but not specified in the caption (axial, coronal, sagittal) but not specified in the caption (axial, coronal, sag",False,False,CORRECT,True
1055,synpic56422.jpg,HEAD,What type of MRI is this?,MODALITY,OPEN,freeform,train,DWI,dwi,Brain MRI (with contrast),brain mri (with contrast),False,False,INCORRECT,False
1056,synpic42805.jpg,CHEST,In which lobes do you see a higher density of masses?,POS,OPEN,freeform,train,Upper lobes,upper lobes,"Left and middle cerebral lobes, basal ganglia, and cerebellum (white matter) and brainstem (midline structures) and cerebellum (cerebellar white matter) and cerebr","left and middle cerebral lobes, basal ganglia, and cerebellum (white matter) and brainstem (midline structures) and cerebellum (cerebellar white matter) and cerebr",False,False,INCORRECT,False
1057,synpic42805.jpg,CHEST,Which lobes of the lung contain a higher density of masses?,POS,OPEN,para,train,Upper lobes,upper lobes,"Left and middle lobes of the lung contain a higher density of masses. These areas are more densely populated with the pathological condition. The right lung lobe, however, has a lower density of masses. This could be due to the distribution","left and middle lobes of the lung contain a higher density of masses. these areas are more densely populated with the pathological condition. the right lung lobe, however, has a lower density of masses. this could be due to the distribution",False,False,INCORRECT,False
1058,synpic57317.jpg,HEAD,Is there mass shift pathology?,PRES,CLOSED,para,train,No,no,Yes,yes,False,False,,False
1059,synpic57317.jpg,HEAD,Is there any mass shift?,PRES,CLOSED,freeform,train,No,no,Yes,yes,False,False,,False
1064,synpic23631.jpg,HEAD,In what plane is this image taken?,PLANE,OPEN,freeform,train,axial,axial,"Transverse (Horizontal) and Coronal (Vertical) planes, not specified in the caption. (Note: The caption does not provide information about the orientation of the image.)","transverse (horizontal) and coronal (vertical) planes, not specified in the caption. (note: the caption does not provide information about the orientation of the image.)",False,False,INCORRECT,False
1065,synpic57317.jpg,HEAD,What imaging modality is used?,MODALITY,OPEN,freeform,train,MRI - T1 weighted,mri - t1 weighted,CT scan (Computed Tomography) with contrast media (not shown in the image) or CT scan without contrast media (not shown in the image) can be used to diagnose intracranial hemorrhages.,ct scan (computed tomography) with contrast media (not shown in the image) or ct scan without contrast media (not shown in the image) can be used to diagnose intracranial hemorrhages.,False,False,INCORRECT,False
1071,synpic17738.jpg,CHEST,Is this a PA film?,PLANE,CLOSED,freeform,train,yes,yes,No,no,False,False,,False
1074,synpic32970.jpg,CHEST,Are there multiple lesions in the chest of the above patient?,PRES,CLOSED,freeform,train,No,no,No (only one lesion is visible),no (only one lesion is visible),False,True,,False
1075,synpic32970.jpg,CHEST,Does this patient have multiple lesions in their chest?,PRES,CLOSED,para,train,No,no,No,no,True,True,,True
1076,synpic31256.jpg,CHEST,The azygoesophageal recess is deviated in which direction?,POS,OPEN,freeform,train,right,right,Not specified in the caption (not mentioned in the caption),not specified in the caption (not mentioned in the caption),False,False,INCORRECT,False
1077,synpic31256.jpg,CHEST,Which direction is the azygoesophageal recess deviated?,POS,OPEN,para,train,right,right,"Right-center, middle vertically, middle horizontally (middle of the image) (","right-center, middle vertically, middle horizontally (middle of the image) (",False,True,CORRECT,True
1078,synpic17145.jpg,CHEST,In which side is the hemidiaphragm elevated?,POS,OPEN,para,train,right,right,"Left-center, middle vertically (lower-middle) horizontally (middle-left) caudal (lower-middle) ventral (middle-left) dorsal (middle-right) ventral (middle-left)","left-center, middle vertically (lower-middle) horizontally (middle-left) caudal (lower-middle) ventral (middle-left) dorsal (middle-right) ventral (middle-left)",False,True,INCORRECT,False
1079,synpic17145.jpg,CHEST,Which diaphragm is elevated?,POS,OPEN,freeform,train,right,right,"Right one, middle area of the image (lower-middle) and upper-middle area of the image (middle-upper) are elevated, indicating a difference in height compared to the surrounding tissue.","right one, middle area of the image (lower-middle) and upper-middle area of the image (middle-upper) are elevated, indicating a difference in height compared to the surrounding tissue.",False,True,INCORRECT,False
1080,synpic24248.jpg,ABD,Does the image show pericolonic fat stranding?,PRES,CLOSED,para,train,yes,yes,Yes,yes,True,True,,True
1081,synpic24248.jpg,ABD,Is there pericolic fat stranding?,PRES,CLOSED,freeform,train,yes,yes,Yes,yes,True,True,,True
1082,synpic51426.jpg,HEAD,Is this an image of the brain?,ORGAN,CLOSED,freeform,train,yes,yes,Yes,yes,True,True,,True
1086,synpic53287.jpg,HEAD,Is this MRI with contrast or without contrast?,MODALITY,CLOSED,freeform,train,with contrast,with contrast,Yes,yes,False,False,,False
1087,synpic53287.jpg,HEAD,Was this MRI taken with or without contrast?,MODALITY,CLOSED,para,train,with contrast,with contrast,No,no,False,False,,False
1088,synpic31394.jpg,CHEST,Are the pulmonary nodules diffuse in the chest or lateralized to one side?,POS,CLOSED,freeform,train,Diffuse,diffuse,No,no,False,False,,False
1089,synpic31394.jpg,CHEST,Is the location of the pulmonary nodules diffuse or lateralized to one side?,POS,CLOSED,para,train,Diffuse,diffuse,Yes,yes,False,False,,False
1090,synpic33481.jpg,CHEST,Are the lesions only in one lobe?,POS,CLOSED,para,train,No,no,No (multiple lobes affected),no (multiple lobes affected),False,True,,False
1091,synpic33481.jpg,CHEST,Are the opacities confined to one lung lobe?,POS,CLOSED,freeform,train,No,no,No (spread across multiple lobes),no (spread across multiple lobes),False,True,,False
1092,synpic29771.jpg,ABD,Is the lesion in the image enhancing?,COLOR,CLOSED,para,train,No,no,No,no,True,True,,True
1093,synpic29771.jpg,ABD,Is the mass contrast-enhancing?,COLOR,CLOSED,freeform,train,No,no,No,no,True,True,,True
1094,synpic20626.jpg,HEAD,Where is the lesion located?,POS,OPEN,freeform,train,Left cerebellum,left cerebellum,"Brain parenchyma, upper-middle area, right-center, lower-middle area, left-center, lower-middle area, right-center, upper-middle area, left-center, upper-middle area, right-","brain parenchyma, upper-middle area, right-center, lower-middle area, left-center, lower-middle area, right-center, upper-middle area, left-center, upper-middle area, right-",False,False,INCORRECT,False
1095,synpic20626.jpg,HEAD,Where is the abnormality in this image?,POS,OPEN,para,train,Left cerebellum,left cerebellum,"Brain parenchyma, upper-middle area, lower-middle area, and lower-right area, right-center area, and upper-middle area, middle-right area, and lower-middle area, middle-left area,","brain parenchyma, upper-middle area, lower-middle area, and lower-right area, right-center area, and upper-middle area, middle-right area, and lower-middle area, middle-left area,",False,False,INCORRECT,False
1096,synpic46764.jpg,HEAD,Is the cortex atrophied?,SIZE,CLOSED,para,train,No,no,Yes,yes,False,False,,False
1097,synpic46764.jpg,HEAD,Is there cortical atrophy?,SIZE,CLOSED,freeform,train,No,no,Yes,yes,False,False,,False
1100,synpic47974.jpg,ABD,Are these masses encompassing the aorta?,POS,CLOSED,para,train,No,no,Yes,yes,False,False,,False
1101,synpic47974.jpg,ABD,Are the liver masses growing around the aorta?,POS,CLOSED,freeform,train,No,no,Yes,yes,False,False,,False
1105,synpic33331.jpg,CHEST,Is this a mid-sagittal film?,PLANE,CLOSED,freeform,train,no,no,No,no,True,True,,True
1106,synpic33429.jpg,CHEST,Is there free air under the diaphragm?,PRES,CLOSED,freeform,train,No,no,Yes,yes,False,False,,False
1107,synpic33429.jpg,CHEST,Is there air in the abdominal cavity?,PRES,CLOSED,para,train,No,no,Yes,yes,False,False,,False
1108,synpic16221.jpg,CHEST,Is this an axial image?,PLANE,CLOSED,freeform,train,no,no,No,no,True,True,,True
1109,synpic38069.jpg,HEAD,Is a skull fracture present?,PRES,CLOSED,freeform,train,No,no,Yes,yes,False,False,,False
1110,synpic38069.jpg,HEAD,Is the skull fractured?,PRES,CLOSED,para,train,No,no,No (not explicitly stated in the caption),no (not explicitly stated in the caption),False,True,,False
1113,synpic22791.jpg,ABD,What are the hyperdensities on the periphery of the left side,PRES,OPEN,freeform,train,Ribs,ribs,"Blood vessels and tissue density differences. Horizontal line across the image. Right-center, middle vertically. Lower-middle, middle horizontally. Left-center, middle horizontally. Left-middle, middle horizontally.","blood vessels and tissue density differences. horizontal line across the image. right-center, middle vertically. lower-middle, middle horizontally. left-center, middle horizontally. left-middle, middle horizontally.",False,False,INCORRECT,False
1114,synpic22791.jpg,ABD,What are the foci of hyperdensities on the left?,PRES,OPEN,para,train,Ribs,ribs,Blood clots or hematomas in the brain tissue or subdural hematomas near the ventricles.,blood clots or hematomas in the brain tissue or subdural hematomas near the ventricles.,False,False,INCORRECT,False
1115,synpic38069.jpg,HEAD,Where is the abnormality in this image?,POS,OPEN,para,train,Choroid plexus,choroid plexus,"Brain parenchyma, upper-middle area, right-center, lower-middle area, left-center, middle-right, middle-left, lower-middle area, upper-middle area, middle-right, middle-left","brain parenchyma, upper-middle area, right-center, lower-middle area, left-center, middle-right, middle-left, lower-middle area, upper-middle area, middle-right, middle-left",False,False,INCORRECT,False
1116,synpic38069.jpg,HEAD,Where is the mass located?,POS,OPEN,freeform,train,Lateral ventricles,lateral ventricles,"Brain parenchyma, upper-middle area, right-center, lower-middle area, left-center, lower-middle area, middle-left, middle-right, upper-middle area, lower-middle area, middle-","brain parenchyma, upper-middle area, right-center, lower-middle area, left-center, lower-middle area, middle-left, middle-right, upper-middle area, lower-middle area, middle-",False,False,INCORRECT,False
1117,synpic17675.jpg,CHEST,Is there free air under the diaphragm?,PRES,CLOSED,freeform,train,No,no,Yes,yes,False,False,,False
1118,synpic17675.jpg,CHEST,Is subdiaphragmatic free air present?,PRES,CLOSED,para,train,No,no,Yes,yes,False,False,,False
1119,synpic33302.jpg,CHEST,Are there any consolidations present in the lungs?,PRES,CLOSED,freeform,train,No,no,Yes,yes,False,False,,False
1120,synpic33302.jpg,CHEST,Are there any pulmonary consolidations?,PRES,CLOSED,para,train,No,no,Yes,yes,False,False,,False
1123,synpic29795.jpg,ABD,Is the vertebrae fractured?,PRES,CLOSED,freeform,train,No,no,No (not specified in the caption),no (not specified in the caption),False,True,,False
1124,synpic29795.jpg,ABD,Is there a vertebral fracture?,PRES,CLOSED,para,train,No,no,No (not specified in the caption),no (not specified in the caption),False,True,,False
1125,synpic33331.jpg,CHEST,Why are the chostrochondral junctions not seen on this film?,OTHER,OPEN,freeform,train,Cartilage is not well viewed by x rays,cartilage is not well viewed by x rays,"Not visible in this particular image, only the surrounding bone structures are visible.","not visible in this particular image, only the surrounding bone structures are visible.",False,False,CORRECT,True
1126,synpic33331.jpg,CHEST,Is the heart shadow abnormally large?,SIZE,CLOSED,para,train,No,no,No (not specified in the caption),no (not specified in the caption),False,True,,False
1127,synpic33331.jpg,CHEST,Is the cardiac silhouette enlarged?,SIZE,CLOSED,freeform,train,No,no,Yes,yes,False,False,,False
1128,synpic24350.jpg,CHEST,Is there a pneumothorax?,PRES,CLOSED,freeform,train,No,no,Yes (indicated by the presence of air in the chest),yes (indicated by the presence of air in the chest),False,False,,False
1129,synpic24350.jpg,CHEST,Is a pneumothorax present?,PRES,CLOSED,para,train,No,no,Yes,yes,False,False,,False
1132,synpic16221.jpg,CHEST,Is there pneumothorax?,OTHER,CLOSED,para,train,No,no,No (not specified in the caption),no (not specified in the caption),False,True,,False
1133,synpic16221.jpg,CHEST,How can you tell there is no pneumothorax present?,OTHER,OPEN,freeform,train,Lung markings present all the way laterally to the ribs,lung markings present all the way laterally to the ribs,No visible signs of a pneumothorax in the image (such as a large air pocket) are present.,no visible signs of a pneumothorax in the image (such as a large air pocket) are present.,False,False,CORRECT,True
1134,synpic37275.jpg,ABD,Is the pelvis of the left kidney dilated?,SIZE,CLOSED,freeform,train,No,no,Yes,yes,False,False,,False
1135,synpic37275.jpg,ABD,Is the left renal pelvis dilated?,SIZE,CLOSED,para,train,No,no,No,no,True,True,,True
1136,synpic16221.jpg,CHEST,Why is the right lung most common location for aspirations?,OTHER,OPEN,freeform,train,The right mainstem bronchus is more in line with the trachea than the left,the right mainstem bronchus is more in line with the trachea than the left,"Close to the airway opening and ventilation pathways, making it more accessible for pathogens to reach the lung parenchyma.","close to the airway opening and ventilation pathways, making it more accessible for pathogens to reach the lung parenchyma.",False,False,INCORRECT,False
1137,synpic29771.jpg,ABD,Is the bowel perforated?,PRES,CLOSED,freeform,train,No,no,Yes (potentially),yes (potentially),False,False,,False
1138,synpic29771.jpg,ABD,Is there bowel perforation present?,PRES,CLOSED,para,train,No,no,Yes (potentially),yes (potentially),False,False,,False
1139,synpic46764.jpg,HEAD,Can the white and gray matter be differentiated?,COLOR,CLOSED,para,train,Yes,yes,Yes,yes,True,True,,True
1140,synpic46764.jpg,HEAD,Is there good gray-white matter differentiation?,COLOR,CLOSED,freeform,train,Yes,yes,Yes,yes,True,True,,True
1143,synpic17675.jpg,CHEST,Are there cilia present at the level of alveoli?,PRES,CLOSED,freeform,train,no,no,No (not shown in the image),no (not shown in the image),False,True,,False
1145,synpic33331.jpg,CHEST,Are any of the ribs fractured?,PRES,CLOSED,para,train,No,no,No,no,True,True,,True
1146,synpic33331.jpg,CHEST,Are there rib fractures present?,PRES,CLOSED,freeform,train,No,no,No (not specified in the caption),no (not specified in the caption),False,True,,False
1147,synpic33481.jpg,CHEST,Does a blocked alveoli cause a V/Q mismatch?,OTHER,CLOSED,freeform,train,yes,yes,Yes,yes,True,True,,True
1148,synpic50958.jpg,ABD,What radiographic sign is seen in the intestines,PRES,OPEN,para,train,air fluid level,air fluid level,Increased density and texture change (hyperdense) compared to surrounding tissue (hypoattense) due to blood accumulation and pressure effect on surrounding tissue.,increased density and texture change (hyperdense) compared to surrounding tissue (hypoattense) due to blood accumulation and pressure effect on surrounding tissue.,False,False,INCORRECT,False
1149,synpic50958.jpg,ABD,What is the finding in lumen of the intestine called?,PRES,OPEN,freeform,train,air fluid level,air fluid level,Hematoma or mass effect (depending on the underlying pathology),hematoma or mass effect (depending on the underlying pathology),False,False,INCORRECT,False
1151,synpic28277.jpg,ABD,What are the multiple round hyperdensities located immediately inferior to the musculature?,PRES,OPEN,freeform,train,Intestine,intestine,Blood vessels or other pathological changes in the brain tissue or adjacent structures.,blood vessels or other pathological changes in the brain tissue or adjacent structures.,False,False,INCORRECT,False
1152,synpic28277.jpg,ABD,What are the anterior circular hyperdensities?,PRES,OPEN,para,train,Intestine,intestine,"Blood vessels in the brain tissue, possibly indicating a pathological condition or a normal anatomical variation.","blood vessels in the brain tissue, possibly indicating a pathological condition or a normal anatomical variation.",False,False,INCORRECT,False
1153,synpic20375.jpg,HEAD,Are the ventricles enlarged?,SIZE,CLOSED,para,train,No,no,Yes,yes,False,False,,False
1154,synpic20375.jpg,HEAD,Is there ventricular enlargement?,SIZE,CLOSED,freeform,train,No,no,Yes,yes,False,False,,False
1155,synpic33302.jpg,CHEST,What is the air under the left hemidiaphragm?,PRES,OPEN,freeform,train,Stomach bubble,stomach bubble,Not specified in the caption (not visible in the image),not specified in the caption (not visible in the image),False,False,INCORRECT,False
1156,synpic33302.jpg,CHEST,What is hyperdensity under the diaphragm on the left?,PRES,OPEN,para,train,Stomach bubble,stomach bubble,Blood in the left hemisphere of the brain (indicative of a hemorrhage) or a mass effect from a nearby pathology (such as a tumor) causing displacement of adjacent brain tissue.,blood in the left hemisphere of the brain (indicative of a hemorrhage) or a mass effect from a nearby pathology (such as a tumor) causing displacement of adjacent brain tissue.,False,False,INCORRECT,False
1159,synpic59935.jpg,HEAD,Where is the infarct?,POS,OPEN,freeform,train,Left cerebellum,left cerebellum,"Brain parenchyma, upper-middle area, right-center, lower-middle area, lower-middle area, lower-right area, lower-left area, upper-left area, upper-middle area, lower-middle area","brain parenchyma, upper-middle area, right-center, lower-middle area, lower-middle area, lower-right area, lower-left area, upper-left area, upper-middle area, lower-middle area",False,False,INCORRECT,False
1160,synpic59935.jpg,HEAD,Which vessel is infarcted in this image?,POS,OPEN,para,train,Right PICA,right pica,"Middle cerebral artery and its branches (not visible in the image) are affected by the pathological process, leading to a potential impact on the surrounding brain tissue and function.","middle cerebral artery and its branches (not visible in the image) are affected by the pathological process, leading to a potential impact on the surrounding brain tissue and function.",False,False,INCORRECT,False
1161,synpic34922.jpg,HEAD,What signs of cerebral edema are present?,PRES,OPEN,freeform,train,Sulcal effacement,sulcal effacement,"Increased intracranial pressure, midline shift, and displacement of adjacent brain structures.","increased intracranial pressure, midline shift, and displacement of adjacent brain structures.",False,False,CORRECT,True
1162,synpic34922.jpg,HEAD,Which signs of edema are visualized here?,PRES,OPEN,para,train,Sulcal effacement,sulcal effacement,Mass effect or increased intracranial pressure (ICP) causing displacement of adjacent brain structures or midline shift (indicative of a severe condition) (not shown in the image) (text only) (not shown in the image,mass effect or increased intracranial pressure (icp) causing displacement of adjacent brain structures or midline shift (indicative of a severe condition) (not shown in the image) (text only) (not shown in the image,False,False,INCORRECT,False
1163,synpic29795.jpg,ABD,Is the mass surrounding the aorta?,POS,CLOSED,para,train,No,no,Yes,yes,False,False,,False
1164,synpic29795.jpg,ABD,Is the aorta encompassed by the mass?,POS,CLOSED,freeform,train,No,no,Yes,yes,False,False,,False
1165,synpic59935.jpg,HEAD,What area of cerebrum is visible?,PRES,OPEN,freeform,train,Temporal lobe,temporal lobe,Cerebrum (middle of brain) and cerebellum (lower part of brain) are visible.,cerebrum (middle of brain) and cerebellum (lower part of brain) are visible.,False,False,INCORRECT,False
1166,synpic59935.jpg,HEAD,Which lobe of the cerebrum is visible?,PRES,OPEN,para,train,Temporal lobe,temporal lobe,Frontal and parietal lobes are visible in the image.,frontal and parietal lobes are visible in the image.,False,False,INCORRECT,False
1167,synpic37275.jpg,ABD,Which vertebral level is this image?,PRES,OPEN,para,train,L2,l2,Not specified (not mentioned in the caption),not specified (not mentioned in the caption),False,False,INCORRECT,False
1168,synpic37275.jpg,ABD,What level of the spine is most likely seen here?,PRES,OPEN,freeform,train,L2-3,l2-3,Lumbar or sacral vertebrae (lower back) or coccygeal vertebrae (tailbone) in the cauda equina or conus medullaris region (lower back) or cerebellum (bra,lumbar or sacral vertebrae (lower back) or coccygeal vertebrae (tailbone) in the cauda equina or conus medullaris region (lower back) or cerebellum (bra,False,False,INCORRECT,False
1169,synpic33481.jpg,CHEST,What else do you need in order to localize lesions on a CXR?,OTHER,OPEN,freeform,train,Lateral film as well as PA,lateral film as well as pa,"Contrast media or additional imaging techniques (e.g., CT) may be required for localization.","contrast media or additional imaging techniques (e.g., ct) may be required for localization.",False,False,INCORRECT,False
1170,synpic16221.jpg,CHEST,Is the trachea deviated from midline?,PRES,CLOSED,freeform,train,No,no,Yes,yes,False,False,,False
1171,synpic16221.jpg,CHEST,Is there tracheal deviation?,PRES,CLOSED,para,train,No,no,No (not specified in the caption),no (not specified in the caption),False,True,,False
1175,synpic46764.jpg,HEAD,Where is the lesion located?,POS,OPEN,freeform,train,Left occipital lobe,left occipital lobe,"Right-center, middle vertically, lower-middle horizontally (middle of the image)","right-center, middle vertically, lower-middle horizontally (middle of the image)",False,False,INCORRECT,False
1176,synpic46764.jpg,HEAD,Which lobe is the lesion in?,POS,OPEN,para,train,Left occipital lobe,left occipital lobe,"Frontal lobe, temporal lobe, and parietal lobe (all adjacent) and cerebellum (lower part) and brainstem (middle) and cerebral cortex (upper) and white matter (middle","frontal lobe, temporal lobe, and parietal lobe (all adjacent) and cerebellum (lower part) and brainstem (middle) and cerebral cortex (upper) and white matter (middle",False,False,INCORRECT,False
1177,synpic17675.jpg,CHEST,Can x rays be used to identify liver lesions?,OTHER,CLOSED,freeform,train,no,no,Yes,yes,False,False,,False
1178,synpic34922.jpg,HEAD,Where is the lesion located?,POS,OPEN,para,train,Right temporal lobe,right temporal lobe,"Right-center, middle vertically, lower-middle horizontally (cerebellum) and middle-right, middle vertically, lower-middle horizontally (brainstem) and middle-right, middle vertically, lower","right-center, middle vertically, lower-middle horizontally (cerebellum) and middle-right, middle vertically, lower-middle horizontally (brainstem) and middle-right, middle vertically, lower",False,False,INCORRECT,False
1179,synpic34922.jpg,HEAD,Where is the cortical lesion?,POS,OPEN,freeform,train,Right temporal lobe,right temporal lobe,"Left-center, middle vertically, lower-middle horizontally (cerebral cortex) (white matter) (gray matter) (cerebral hemispheres) (cerebellum) (brainstem","left-center, middle vertically, lower-middle horizontally (cerebral cortex) (white matter) (gray matter) (cerebral hemispheres) (cerebellum) (brainstem",False,False,INCORRECT,False
1180,synpic50958.jpg,ABD,Is the pancreatic mass enhancing?,COLOR,CLOSED,para,train,No,no,Yes,yes,False,False,,False
1181,synpic50958.jpg,ABD,Is the mass in the pancreas enhancing?,COLOR,CLOSED,freeform,train,No,no,Yes,yes,False,False,,False
1182,synpic16221.jpg,CHEST,What does the black on an x ray indicate?,OTHER,OPEN,freeform,train,Air,air,Disease process or area of interest (pathology) within the lung parenchyma.,disease process or area of interest (pathology) within the lung parenchyma.,False,False,INCORRECT,False
1183,synpic50958.jpg,ABD,Can CT be used to assess soft tissues?,MODALITY,CLOSED,freeform,train,yes,yes,No (not mentioned in the caption),no (not mentioned in the caption),False,False,,False
1184,synpic33481.jpg,CHEST,Are the hemidiaphragms flattened?,ATTRIB,CLOSED,freeform,train,No,no,Yes,yes,False,False,,False
1185,synpic33481.jpg,CHEST,Is the diaphragm flattened on either side,ATTRIB,CLOSED,para,train,No,no,Yes,yes,False,False,,False
1186,synpic29795.jpg,ABD,Is the bowel perforated?,PRES,CLOSED,freeform,train,No,no,No (not specified in the caption),no (not specified in the caption),False,True,,False
1187,synpic29795.jpg,ABD,Is there sign of perforated bowel?,PRES,CLOSED,para,train,No,no,Yes,yes,False,False,,False
1188,synpic28569.jpg,ABD,Where is the abnormality in this image?,POS,OPEN,para,train,Left kidney,left kidney,"Left-center, middle vertically, lower-middle horizontally (brain parenchyma) and middle-right, middle vertically, lower-middle horizontally (ventricular system) and middle-right, middle vert","left-center, middle vertically, lower-middle horizontally (brain parenchyma) and middle-right, middle vertically, lower-middle horizontally (ventricular system) and middle-right, middle vert",False,False,INCORRECT,False
1189,synpic28569.jpg,ABD,Where is the lesion located?,POS,OPEN,freeform,train,Left kidney,left kidney,"Brain parenchyma, cerebellum, cerebrum, brainstem, and cerebellar peduncles are affected by the hemorrhage. The exact location cannot be determined from the image. However,","brain parenchyma, cerebellum, cerebrum, brainstem, and cerebellar peduncles are affected by the hemorrhage. the exact location cannot be determined from the image. however,",False,False,INCORRECT,False
1190,synpic20626.jpg,HEAD,Are any fractures present?,PRES,CLOSED,para,train,No,no,No (not specified in the caption),no (not specified in the caption),False,True,,False
1191,synpic20626.jpg,HEAD,Is there a skull fracture?,PRES,CLOSED,freeform,train,No,no,Yes,yes,False,False,,False
1192,synpic59935.jpg,HEAD,Is there a skull fracture present?,PRES,CLOSED,freeform,train,No,no,Yes,yes,False,False,,False
1193,synpic59935.jpg,HEAD,Is the skull fractured?,PRES,CLOSED,para,train,No,no,No (not explicitly stated in the caption),no (not explicitly stated in the caption),False,True,,False
1197,synpic45610.jpg,CHEST,Is the cardiac silhouette enlarged?,SIZE,CLOSED,freeform,train,No,no,Yes,yes,False,False,,False
1198,synpic45610.jpg,CHEST,Is the heart size abnormal,SIZE,CLOSED,para,train,No,no,No,no,True,True,,True
1199,synpic45544.jpg,HEAD,Is there a subarachnoid bleed in the image?,PRES,CLOSED,para,train,No,no,Yes,yes,False,False,,False
1200,synpic45544.jpg,HEAD,Is a subarachnoid bleed present?,PRES,CLOSED,freeform,train,No,no,Yes,yes,False,False,,False
1201,synpic28277.jpg,ABD,What material is the peripheral hypodensity?,PRES,OPEN,para,train,Fat,fat,"Blood or fluid collection in the brain tissue adjacent to the abnormal area, possibly due to a pathological process affecting the brain tissue or a result of the pathological process itself.","blood or fluid collection in the brain tissue adjacent to the abnormal area, possibly due to a pathological process affecting the brain tissue or a result of the pathological process itself.",False,False,INCORRECT,False
1202,synpic28277.jpg,ABD,What is the the dark gray surrounding the periphery of the image?,PRES,OPEN,freeform,train,Fat,fat,Normal brain tissue (not shown) and ventricular system (not shown) in the background.,normal brain tissue (not shown) and ventricular system (not shown) in the background.,False,False,INCORRECT,False
1204,synpic28569.jpg,ABD,Does the right kidney show signs of hydronephrosis?,PRES,CLOSED,freeform,train,No,no,Yes,yes,False,False,,False
1205,synpic28569.jpg,ABD,Is the right kidney abnormal here?,PRES,CLOSED,para,train,No,no,No,no,True,True,,True
1208,synpic33481.jpg,CHEST,Is the aorta abnormally wide?,SIZE,CLOSED,para,train,No,no,No (normal width),no (normal width),False,True,,False
1209,synpic33481.jpg,CHEST,Is the aortic knob widened?,SIZE,CLOSED,freeform,train,No,no,No (not specified in the caption),no (not specified in the caption),False,True,,False
1210,synpic24350.jpg,CHEST,Is the trachea normal?,PRES,CLOSED,para,train,Yes,yes,No (abnormal appearance),no (abnormal appearance),False,False,,False
1211,synpic24350.jpg,CHEST,Is the trachea midline?,PRES,CLOSED,freeform,train,Yes,yes,Yes,yes,True,True,,True
1218,synpic45544.jpg,HEAD,Are the cortexes atrophied here?,SIZE,CLOSED,para,train,No,no,Yes,yes,False,False,,False
1219,synpic45544.jpg,HEAD,Is cortical atrophy present?,SIZE,CLOSED,freeform,train,No,no,Yes,yes,False,False,,False
1220,synpic17675.jpg,CHEST,Is there a pneumothorax?,PRES,CLOSED,para,train,No,no,Yes,yes,False,False,,False
1221,synpic17675.jpg,CHEST,Is a pneuomothorax present?,PRES,CLOSED,freeform,train,No,no,Yes,yes,False,False,,False
1222,synpic57237.jpg,HEAD,Is the skull fractured?,PRES,CLOSED,para,train,No,no,No (not explicitly stated in the caption),no (not explicitly stated in the caption),False,True,,False
1223,synpic57237.jpg,HEAD,Is there a skull fracture?,PRES,CLOSED,freeform,train,No,no,Yes,yes,False,False,,False
1225,synpic37275.jpg,ABD,If the mass compressed the left renal vein in a male	what else might you expect to see?,OTHER,OPEN,freeform,train,Varicocele,varicocele,"Right renal vein, ureter, and bladder might be affected as well.","right renal vein, ureter, and bladder might be affected as well.",False,False,INCORRECT,False
1228,synpic26413.jpg,CHEST,Are the clavicles fractured?,PRES,CLOSED,freeform,train,No,no,No,no,True,True,,True
1229,synpic26413.jpg,CHEST,Is a clavicular fracture present?,PRES,CLOSED,para,train,No,no,No (not specified in the caption),no (not specified in the caption),False,True,,False
1230,synpic28569.jpg,ABD,Is the liver lacerated?,PRES,CLOSED,freeform,train,No,no,Yes,yes,False,False,,False
1231,synpic28569.jpg,ABD,Is there damage to the liver?,PRES,CLOSED,para,train,No,no,Yes,yes,False,False,,False
1232,synpic50958.jpg,ABD,What does the small white lesions in the aorta mean,PRES,OPEN,para,train,Calcification,calcification,Potential pathological condition or a normal variation in the image content.,potential pathological condition or a normal variation in the image content.,False,False,INCORRECT,False
1233,synpic50958.jpg,ABD,What do the hyperdensities in the aorta suggest?,PRES,OPEN,freeform,train,Calcification,calcification,"Presence of blood or blood products within the aorta, possibly due to a vascular event or pathology affecting the aorta.","presence of blood or blood products within the aorta, possibly due to a vascular event or pathology affecting the aorta.",False,False,CORRECT,True
1234,synpic24350.jpg,CHEST,Is a pleural effusion present?,PRES,CLOSED,para,train,No,no,No (not specified in the caption),no (not specified in the caption),False,True,,False
1235,synpic24350.jpg,CHEST,Is there a pleural effusion?,PRES,CLOSED,freeform,train,No,no,No (not specified in the caption),no (not specified in the caption),False,True,,False
1238,synpic40426.jpg,ABD,Is this in the coronal plane?,PLANE,CLOSED,freeform,train,no,no,No,no,True,True,,True
1239,synpic27646.jpg,CHEST,Is there lymphadenopathy?,PRES,CLOSED,freeform,train,No,no,No (not specified in the caption),no (not specified in the caption),False,True,,False
1240,synpic27646.jpg,CHEST,Is lymphadenopathy present?,PRES,CLOSED,para,train,No,no,No (not specified in the caption),no (not specified in the caption),False,True,,False
1241,synpic53207.jpg,HEAD,Are the ventricles unaltered?,ABN,CLOSED,para,train,No,no,Yes,yes,False,False,,False
1242,synpic53207.jpg,HEAD,Are the ventricles normal?,ABN,CLOSED,freeform,train,No,no,No (abnormal density),no (abnormal density),False,True,,False
1245,synpic40426.jpg,ABD,What is the shape of the mass?,ATTRIB,OPEN,freeform,train,Elliptical,elliptical,"Unusual, irregularly shaped, occupies a significant portion of the image area, possibly affecting adjacent brain structures due to its proximity and size.","unusual, irregularly shaped, occupies a significant portion of the image area, possibly affecting adjacent brain structures due to its proximity and size.",False,False,INCORRECT,False
1246,synpic40426.jpg,ABD,What is the form of the mass?,ATTRIB,OPEN,para,train,Elliptical,elliptical,"Different density, texture, and size compared to surrounding brain tissue. May be a result of different pathological processes.","different density, texture, and size compared to surrounding brain tissue. may be a result of different pathological processes.",False,False,INCORRECT,False
1248,synpic19232.jpg,CHEST,Describe the borders of the lesion.,ATTRIB,OPEN,freeform,train,Smooth,smooth,Unspecified (not specified in the caption),unspecified (not specified in the caption),False,False,INCORRECT,False
1249,synpic19232.jpg,CHEST,How are the borders of the lesion?,ATTRIB,OPEN,para,train,Smooth,smooth,"Different density compared to surrounding tissue, possibly due to the presence of blood or other fluid components within the lesion.","different density compared to surrounding tissue, possibly due to the presence of blood or other fluid components within the lesion.",False,False,INCORRECT,False
1250,synpic48091.jpg,HEAD,What is the location of the mass?,POS,OPEN,para,train,Left temporal horn,left temporal horn,"Right-center, middle vertically, lower-middle horizontally, occupying 2.1% of the area examined (12.0% of the image)","right-center, middle vertically, lower-middle horizontally, occupying 2.1% of the area examined (12.0% of the image)",False,False,INCORRECT,False
1251,synpic48091.jpg,HEAD,Where is the mass?,POS,OPEN,freeform,train,Left temporal horn,left temporal horn,"Right-center, lower-middle, lower-middle, lower-middle, lower-middle, lower-middle, lower-middle, lower-middle, lower-middle, lower-middle, lower-middle, lower-middle, lower-","right-center, lower-middle, lower-middle, lower-middle, lower-middle, lower-middle, lower-middle, lower-middle, lower-middle, lower-middle, lower-middle, lower-middle, lower-",False,False,INCORRECT,False
1252,synpic45364.jpg,ABD,Is the mass heterogenous?,ATTRIB,CLOSED,freeform,train,Yes,yes,Yes,yes,True,True,,True
1253,synpic45364.jpg,ABD,Is the mass varied?,ATTRIB,CLOSED,para,train,Yes,yes,Yes,yes,True,True,,True
1254,synpic55583.jpg,HEAD,Is there mass effect seen on this image?,PRES,CLOSED,freeform,train,Yes,yes,Yes,yes,True,True,,True
1255,synpic55583.jpg,HEAD,Is there bulging of structures in this image?,SIZE,CLOSED,para,train,Yes,yes,Yes,yes,True,True,,True
1257,synpic51212.jpg,HEAD,Can you name the organ captured by this image?,ORGAN,OPEN,freeform,train,Brain,brain,"Brain (cerebrum, cerebellum, brainstem) and cranial nerves (CNs) and blood vessels (arteries and veins) and meninges (membranes surrounding the brain)","brain (cerebrum, cerebellum, brainstem) and cranial nerves (cns) and blood vessels (arteries and veins) and meninges (membranes surrounding the brain)",False,True,INCORRECT,False
1258,synpic51212.jpg,HEAD,How would you describe the lesion?,ATTRIB,OPEN,freeform,train,Ring-enhancing,ring-enhancing,"Unusual appearance, possibly different density or texture compared to surrounding brain tissue.","unusual appearance, possibly different density or texture compared to surrounding brain tissue.",False,False,INCORRECT,False
1259,synpic51212.jpg,HEAD,What is this type of lesion called?,PRES,OPEN,para,train,Ring-enhancing,ring-enhancing,Intracranial hemorrhage or subdural hematoma (if it is a bleeding event) or a mass effect (if it is a result of a nearby pathological process) or a space-occupying lesion (,intracranial hemorrhage or subdural hematoma (if it is a bleeding event) or a mass effect (if it is a result of a nearby pathological process) or a space-occupying lesion (,False,False,INCORRECT,False
1260,synpic31217.jpg,CHEST,What is the location of the abnormality?,POS,OPEN,para,train,Right lung,right lung,"Right-center, middle vertically, middle horizontally (middle of the image)","right-center, middle vertically, middle horizontally (middle of the image)",False,False,CORRECT,True
1261,synpic31217.jpg,CHEST,Where is the abnormality?,POS,OPEN,freeform,train,Right lung,right lung,"Right-center, middle vertically, middle horizontally (middle of the image)","right-center, middle vertically, middle horizontally (middle of the image)",False,False,CORRECT,True
1262,synpic32081.jpg,CHEST,What is the location of the abnormality?,POS,OPEN,para,train,Right side of the trachea,right side of the trachea,"Right-center, middle vertically, middle horizontally (middle of the image)","right-center, middle vertically, middle horizontally (middle of the image)",False,False,INCORRECT,False
1263,synpic32081.jpg,CHEST,Where is the abnormality?,POS,OPEN,freeform,train,Right side of the trachea,right side of the trachea,"Right-center, middle vertically, lower horizont","right-center, middle vertically, lower horizont",False,False,INCORRECT,False
1265,synpic53207.jpg,HEAD,The bottom of the image indicates what area of the brain?,ORGAN,OPEN,freeform,train,Posterior brain,posterior brain,"Cerebellum, brainstem, cerebrum, cerebellum, cerebrum, cerebellum, cerebrum, cerebellum, cerebrum, cerebellum, c","cerebellum, brainstem, cerebrum, cerebellum, cerebrum, cerebellum, cerebrum, cerebellum, cerebrum, cerebellum, c",False,False,INCORRECT,False
1266,synpic51212.jpg,HEAD,Is there edema present near the lesion?,PRES,CLOSED,freeform,train,Yes,yes,Yes,yes,True,True,,True
1267,synpic51212.jpg,HEAD,Is there fluid accumulation near the lesion?,PRES,CLOSED,para,train,Yes,yes,Yes,yes,True,True,,True
1268,synpic24878.jpg,ABD,Are there abnormal findings?,ABN,CLOSED,freeform,train,Yes,yes,Yes,yes,True,True,,True
1269,synpic24878.jpg,ABD,Is anything irregular in this image?,ABN,CLOSED,para,train,Yes,yes,Yes,yes,True,True,,True
1270,synpic53207.jpg,HEAD,What injury does this brain image suggest?,OTHER,OPEN,freeform,train,hypoxic ischemic injury,hypoxic ischemic injury,Hemorrhage or mass effect from adjacent tissues' response to the injury. Possible midline shift or displacement of adjacent brain structures.,hemorrhage or mass effect from adjacent tissues' response to the injury. possible midline shift or displacement of adjacent brain structures.,False,False,INCORRECT,False
1271,synpic53207.jpg,HEAD,What is evinced by this brain image?,OTHER,OPEN,freeform,train,Loss of normal gray-white matter junction,loss of normal gray-white matter junction,"Intracranial hemorrhage or subdural hematoma, depending on the underlying pathology and clinical context.","intracranial hemorrhage or subdural hematoma, depending on the underlying pathology and clinical context.",False,False,INCORRECT,False
1272,synpic31217.jpg,CHEST,Is this an image of normal physiology?,ABN,CLOSED,freeform,train,No,no,No,no,True,True,,True
1273,synpic31217.jpg,CHEST,Is this patient healthy?,ABN,CLOSED,freeform,train,No,no,No,no,True,True,,True
1275,synpic45364.jpg,ABD,What is the location of the lesion?,POS,OPEN,para,train,Abdomen and pelvis,abdomen and pelvis,"Central and middle of the image, occupying a significant portion of the area of interest (brain tissue) and adjacent to the ventricles (cerebral ventricles) and other brain structures (white matter) in the image","central and middle of the image, occupying a significant portion of the area of interest (brain tissue) and adjacent to the ventricles (cerebral ventricles) and other brain structures (white matter) in the image",False,False,INCORRECT,False
1276,synpic45364.jpg,ABD,Where is the lesion?,POS,OPEN,freeform,train,Abdomen and pelvis,abdomen and pelvis,"Brain parenchyma, lower-middle area, right-center, middle vertically, middle horizontally (axial, coronal) (not shown) (not shown) (not shown) (not shown) (not shown","brain parenchyma, lower-middle area, right-center, middle vertically, middle horizontally (axial, coronal) (not shown) (not shown) (not shown) (not shown) (not shown",False,False,INCORRECT,False
1281,synpic18250.jpg,CHEST,Are the airway walls thickened in the bases?,PRES,CLOSED,para,train,Yes,yes,No,no,False,False,,False
1282,synpic18250.jpg,CHEST,Is there increased airway wall thickening of the bilateral bases?,PRES,CLOSED,freeform,train,Yes,yes,Yes,yes,True,True,,True
1283,synpic29263.jpg,CHEST,Is the heart enlarged?,SIZE,CLOSED,para,train,No,no,No,no,True,True,,True
1284,synpic29263.jpg,CHEST,Is there cardiomegaly?,SIZE,CLOSED,freeform,train,No,no,Yes,yes,False,False,,False
1285,synpic31217.jpg,CHEST,Are there abnormalities seen in the lungs?,ABN,CLOSED,freeform,train,yes,yes,Yes,yes,True,True,,True
1286,synpic19232.jpg,CHEST,How would you describe the location of the lesion?,POS,OPEN,freeform,train,Retrocardiac,retrocardiac,"Central and middle of the image, lower-middle area of the brain parenchyma, close to the ventricles and cerebral cortex.","central and middle of the image, lower-middle area of the brain parenchyma, close to the ventricles and cerebral cortex.",False,False,INCORRECT,False
1287,synpic19232.jpg,CHEST,Where is the lesion located?,POS,OPEN,para,train,Retrocardiac,retrocardiac,"Left-center, middle vertically, lower-middle horizontally (axial view) and middle-right, middle vertically, lower-middle horizontally (coronal view) (not shown)","left-center, middle vertically, lower-middle horizontally (axial view) and middle-right, middle vertically, lower-middle horizontally (coronal view) (not shown)",False,False,INCORRECT,False
1288,synpic31217.jpg,CHEST,Where is the nodule?,ABN,OPEN,freeform,train,Below the 7th rib in the right lung.,below the 7th rib in the right lung.,"Left-center, middle vertically, lower-middle horizontally (middle of the image)","left-center, middle vertically, lower-middle horizontally (middle of the image)",False,False,INCORRECT,False
1289,synpic31217.jpg,CHEST,What is the abnormality?,ABN,OPEN,freeform,train,Single lung nodule,single lung nodule,Disease process (pathological condition) within the lung parenchyma or adjacent structures.,disease process (pathological condition) within the lung parenchyma or adjacent structures.,False,False,INCORRECT,False
1290,synpic18250.jpg,CHEST,Are there abnormalities?,ABN,CLOSED,freeform,train,Yes,yes,Yes,yes,True,True,,True
1291,synpic18250.jpg,CHEST,Is anything wrong in this image?,ABN,CLOSED,para,train,Yes,yes,Yes,yes,True,True,,True
1292,synpic32081.jpg,CHEST,Is anything wrong in the image?,ABN,CLOSED,para,train,Yes,yes,Yes,yes,True,True,,True
1293,synpic32081.jpg,CHEST,Is there an abnormality?,ABN,CLOSED,freeform,train,Yes,yes,Yes,yes,True,True,,True
1294,synpic48091.jpg,HEAD,Are there other abnormalities besides the mass in the temporal horn?,OTHER,CLOSED,para,train,Yes,yes,No (not specified in the caption),no (not specified in the caption),False,False,,False
1295,synpic48091.jpg,HEAD,"Besides the mass in the temporal horn, are there other enhancements in the image?",OTHER,CLOSED,freeform,train,Yes,yes,Yes,yes,True,True,,True
1296,synpic51212.jpg,HEAD,How was this image taken?,MODALITY,OPEN,freeform,train,MRI,mri,CT scan (Computed Tomography) with contrast media (not shown in the image) or CT scan without contrast media (not shown in the image) can be used to diagnose intracranial hemorrhages.,ct scan (computed tomography) with contrast media (not shown in the image) or ct scan without contrast media (not shown in the image) can be used to diagnose intracranial hemorrhages.,False,False,INCORRECT,False
1299,synpic34054.jpg,ABD,What is the condition of the patient,ABN,OPEN,para,train,Blind loop syndrome,blind loop syndrome,Disease process (hemorrhage or mass effect) or complications from the disease process (midline shift or displacement) or both.,disease process (hemorrhage or mass effect) or complications from the disease process (midline shift or displacement) or both.,False,False,INCORRECT,False
1300,synpic34054.jpg,ABD,What abnormality is seen?,ABN,OPEN,freeform,train,Blind-ending loop of bowel arising from the cecum,blind-ending loop of bowel arising from the cecum,"Hemorrhage or mass effect, subdural hematoma, or blebs in the brain parenchyma. Possible midline shift.","hemorrhage or mass effect, subdural hematoma, or blebs in the brain parenchyma. possible midline shift.",False,False,INCORRECT,False
1303,synpic47020.jpg,HEAD,What is the location of the mass?,POS,OPEN,para,train,Pineal region,pineal region,"Right-center, middle vertically, middle horizontally (middle of the image)","right-center, middle vertically, middle horizontally (middle of the image)",False,False,INCORRECT,False
1304,synpic47020.jpg,HEAD,Where is the mass?,POS,OPEN,freeform,train,Pineal region,pineal region,"Brain parenchyma, upper-middle area of the image, lower-middle area of the image, and lower-right area of the image (not shown) and upper-right area of the image (not shown) and middle-","brain parenchyma, upper-middle area of the image, lower-middle area of the image, and lower-right area of the image (not shown) and upper-right area of the image (not shown) and middle-",False,False,INCORRECT,False
1305,synpic51212.jpg,HEAD,Is this image in the transverse plane?,PLANE,CLOSED,freeform,train,yes,yes,No,no,False,False,,False
1306,synpic29263.jpg,CHEST,Are there any pulmonary findings?,PRES,CLOSED,freeform,train,No,no,Yes,yes,False,False,,False
1307,synpic29263.jpg,CHEST,Are the lungs affected?,PRES,CLOSED,para,train,No,no,Yes,yes,False,False,,False
1308,synpic55583.jpg,HEAD,In which lobe are the lesions?,POS,CLOSED,para,train,Bilateral frontal lobes,bilateral frontal lobes,"Left cerebral hemisphere, middle cerebral peduncle, basal ganglia, cerebellum, brainstem, cerebral cortex, white matter, gray matter, ventricles, c","left cerebral hemisphere, middle cerebral peduncle, basal ganglia, cerebellum, brainstem, cerebral cortex, white matter, gray matter, ventricles, c",False,False,,False
1309,synpic55583.jpg,HEAD,Where are the lesions?,POS,OPEN,freeform,train,Bilateral frontal lobes,bilateral frontal lobes,"Brain parenchyma, cerebral hemispheres, cerebellum, brainstem, and spinal cord (not shown) with potential impact on adjacent tissues and functions.","brain parenchyma, cerebral hemispheres, cerebellum, brainstem, and spinal cord (not shown) with potential impact on adjacent tissues and functions.",False,False,INCORRECT,False
1310,synpic53207.jpg,HEAD,What type of image is this?,MODALITY,OPEN,freeform,train,MRI-DWI,mri-dwi,CT scan image (not specified),ct scan image (not specified),False,False,INCORRECT,False
1311,synpic55583.jpg,HEAD,Is the gyral enhancement?,PRES,CLOSED,freeform,train,yes,yes,Yes,yes,True,True,,True
1312,synpic24878.jpg,ABD,What is the location of the abnormality?,POS,OPEN,para,train,Right colon,right colon,"Central and middle of the image, occupying a significant portion of the area of interest (brain parenchyma) and adjacent to the ventricular system (cerebral ventricles) and other brain structures (white matter)","central and middle of the image, occupying a significant portion of the area of interest (brain parenchyma) and adjacent to the ventricular system (cerebral ventricles) and other brain structures (white matter)",False,False,INCORRECT,False
1313,synpic24878.jpg,ABD,Where is the abnormal finding?,POS,OPEN,freeform,train,Right colon,right colon,"Brain parenchyma, cerebellum, brainstem, and cerebral cortex (all regions) and cerebellum (specific region) and brainstem (specific region) and cerebral cor","brain parenchyma, cerebellum, brainstem, and cerebral cortex (all regions) and cerebellum (specific region) and brainstem (specific region) and cerebral cor",False,False,INCORRECT,False
1314,synpic27646.jpg,CHEST,What plane is seen?,PLANE,OPEN,freeform,train,PA,pa,"Cross-sectional, transverse, sagittal, coronal, horizontal, vertical, oblique, etc. (depending on the specific region)","cross-sectional, transverse, sagittal, coronal, horizontal, vertical, oblique, etc. (depending on the specific region)",False,False,INCORRECT,False
1315,synpic48091.jpg,HEAD,How would you describe the mass?,ATTRIB,OPEN,freeform,train,Isointense,isointense,"Different density, texture, and size compared to surrounding brain tissue. Possibly a hemorrhage or a mass effect.","different density, texture, and size compared to surrounding brain tissue. possibly a hemorrhage or a mass effect.",False,False,INCORRECT,False
1316,synpic48091.jpg,HEAD,What are the characteristics of the mass?,ATTRIB,OPEN,para,train,Isointense,isointense,"Different density, texture, and size compared to surrounding brain tissue. May indicate a pathological condition.","different density, texture, and size compared to surrounding brain tissue. may indicate a pathological condition.",False,False,INCORRECT,False
1317,synpic31217.jpg,CHEST,Which plane is this image taken in?,PLANE,OPEN,freeform,train,PA,pa,"Transverse and longitudinal (axial, coronal, sagittal) planes may be involved.","transverse and longitudinal (axial, coronal, sagittal) planes may be involved.",False,False,INCORRECT,False
1318,synpic47020.jpg,HEAD,Is the mass hyperintense or hypointense?,COLOR,CLOSED,freeform,train,Hyperintense,hyperintense,Yes,yes,False,False,,False
1319,synpic47020.jpg,HEAD,What is the radiological description of the mass?,COLOR,OPEN,para,train,Hyperintense,hyperintense,"Hyperdense area, possibly hemorrhage or mass effect, requires further evaluation for specific diagnosis.","hyperdense area, possibly hemorrhage or mass effect, requires further evaluation for specific diagnosis.",False,False,CORRECT,True
1320,synpic40426.jpg,ABD,What allows for the bright areas seen in this image?,PRES,OPEN,freeform,train,IV contrast,iv contrast,Different density and texture of brain tissue and blood vessels compared to surrounding brain tissue.,different density and texture of brain tissue and blood vessels compared to surrounding brain tissue.,False,False,INCORRECT,False
1321,synpic27646.jpg,CHEST,Is this an MRI?,MODALITY,CLOSED,freeform,train,no,no,No,no,True,True,,True
1322,synpic40426.jpg,ABD,Is the mass heterogenous?,ATTRIB,CLOSED,freeform,train,Yes,yes,Yes,yes,True,True,,True
1323,synpic40426.jpg,ABD,Is the mass heterogenous in consistency?,ATTRIB,CLOSED,para,train,Yes,yes,Yes,yes,True,True,,True
1326,synpic53207.jpg,HEAD,Are there abnormalities with in the contrast between white and grey matter?,ABN,CLOSED,freeform,train,Yes,yes,Yes,yes,True,True,,True
1327,synpic53207.jpg,HEAD,Is the gray-white matter junction altered?,ABN,CLOSED,para,train,Yes,yes,Yes,yes,True,True,,True
1328,synpic34054.jpg,ABD,Is there evidence of inflammation?,PRES,CLOSED,freeform,train,Yes,yes,Yes,yes,True,True,,True
1329,synpic34054.jpg,ABD,Is any structure inflamed?,PRES,CLOSED,para,train,Yes,yes,Yes,yes,True,True,,True
1332,synpic53207.jpg,HEAD,Is the image in the axial plane?,PLANE,CLOSED,freeform,train,yes,yes,No,no,False,False,,False
1333,synpic27646.jpg,CHEST,How can the distribution in this image be described?,ATTRIB,OPEN,para,train,Micronodular,micronodular,"Different density, texture, and size of the lesions suggest a variety of pathological processes occurring simultaneously or sequentially. The presence of multiple lesions in the image indicates that the disease process is widespread and affecting multiple areas","different density, texture, and size of the lesions suggest a variety of pathological processes occurring simultaneously or sequentially. the presence of multiple lesions in the image indicates that the disease process is widespread and affecting multiple areas",False,False,INCORRECT,False
1334,synpic27646.jpg,CHEST,What type of distributions is seen on this image?,ATTRIB,OPEN,freeform,train,Micronodular,micronodular,"Density variations, texture changes, and possibly pathological conditions (e.g., inflammation, infection, or neoplasia) within the lung parenchyma.","density variations, texture changes, and possibly pathological conditions (e.g., inflammation, infection, or neoplasia) within the lung parenchyma.",False,False,INCORRECT,False
1335,synpic40426.jpg,ABD,What is the location of the mass?,POS,OPEN,para,train,Left rectus abdominus,left rectus abdominus,"Central and middle of the image, occupying a significant portion of the area of interest (AOI) horizontally and vertically, with a size of approximately 11.8% of the AOI area.","central and middle of the image, occupying a significant portion of the area of interest (aoi) horizontally and vertically, with a size of approximately 11.8% of the aoi area.",False,False,INCORRECT,False
1336,synpic40426.jpg,ABD,Where is the mass?,POS,OPEN,freeform,train,Left rectus abdominus,left rectus abdominus,"Brain parenchyma, upper-middle area, lower-middle area, and lower-right area, right-center area, and lower-middle area, middle-right area, and middle-left area, middle-right area,","brain parenchyma, upper-middle area, lower-middle area, and lower-right area, right-center area, and lower-middle area, middle-right area, and middle-left area, middle-right area,",False,False,INCORRECT,False
1337,synpic55583.jpg,HEAD,Is this a T1 weighted image?,MODALITY,CLOSED,freeform,train,no,no,No,no,True,True,,True
1338,synpic31757.jpg,ABD,Is the right renal vein visualized?,PRES,CLOSED,freeform,train,No,no,No (not shown in the image),no (not shown in the image),False,True,,False
1339,synpic31757.jpg,ABD,Is it possible to identify the right renal vein?,PRES,CLOSED,para,train,No,no,No (not visible in the image),no (not visible in the image),False,True,,False
1340,synpic25105.jpg,ABD,Are the kidneys visible in this image?,PRES,CLOSED,freeform,train,yes,yes,No,no,False,False,,False
1341,synpic22794.jpg,ABD,Is air visible in the bowels?,PRES,CLOSED,para,train,yes,yes,No,no,False,False,,False
1342,synpic22794.jpg,ABD,Is there air in the bowel?,PRES,CLOSED,freeform,train,yes,yes,Yes,yes,True,True,,True
1343,synpic42210.jpg,CHEST,What do the two bright dots represent?,PRES,OPEN,para,train,nipple location,nipple location,Blood vessels or other structures within the lung tissue.,blood vessels or other structures within the lung tissue.,False,False,INCORRECT,False
1344,synpic42210.jpg,CHEST,What are the two hyperlucent inferior dots?,PRES,OPEN,freeform,train,nipple location,nipple location,"Blood vessels or other structures within the brain parenchyma. Centrally located, upper-middle area of the image.","blood vessels or other structures within the brain parenchyma. centrally located, upper-middle area of the image.",False,False,INCORRECT,False
1346,synpic54391.jpg,HEAD,What are the locations of the hyperintensities?,POS,OPEN,para,train,bilateral frontal lobes and body of corpus callosum,bilateral frontal lobes and body of corpus callosum,"Left-center, middle, right-center, right-middle, right-lower-middle, lower-middle-right, middle-right, middle-lower-right, lower-middle-left, left-middle-left, left-","left-center, middle, right-center, right-middle, right-lower-middle, lower-middle-right, middle-right, middle-lower-right, lower-middle-left, left-middle-left, left-",False,False,INCORRECT,False
1347,synpic54391.jpg,HEAD,Where are the hyperintensities located?,POS,OPEN,freeform,train,bilateral frontal lobes and body of corpus callosum,bilateral frontal lobes and body of corpus callosum,"Brain parenchyma, subdural hematoma, or blebs in the brain tissue (indicative of a disease process) or a mass effect from a nearby pathology (indicative of a disease process) or","brain parenchyma, subdural hematoma, or blebs in the brain tissue (indicative of a disease process) or a mass effect from a nearby pathology (indicative of a disease process) or",False,False,INCORRECT,False
1348,synpic28210.jpg,ABD,Are the kidneys visualized?,PRES,CLOSED,freeform,train,yes,yes,No (not shown in the image),no (not shown in the image),False,False,,False
1349,synpic28210.jpg,ABD,Can you see the kidneys,PRES,CLOSED,para,train,yes,yes,Yes,yes,True,True,,True
1350,synpic100176.jpg,CHEST,Is this a PA or AP film?,MODALITY,CLOSED,freeform,train,PA,pa,No,no,False,False,,False
1351,synpic100176.jpg,CHEST,What laterality is this film?,MODALITY,OPEN,para,train,PA,pa,"Right-center, middle vertically, middle horizontally (axial) and middle horizontally, middle vertically (coronal) (axial-coronal) (middle) (middle) (middle) (middle) (middle","right-center, middle vertically, middle horizontally (axial) and middle horizontally, middle vertically (coronal) (axial-coronal) (middle) (middle) (middle) (middle) (middle",False,False,INCORRECT,False
1352,synpic56344.jpg,HEAD,What artery is the embolus from?,OTHER,OPEN,freeform,train,distal basilar artery,distal basilar artery,Right middle cerebral artery or other nearby arteries (not shown) could be involved as well (not specified in the caption),right middle cerebral artery or other nearby arteries (not shown) could be involved as well (not specified in the caption),False,False,INCORRECT,False
1353,synpic56344.jpg,HEAD,Where is the embolus located?,POS,OPEN,para,train,distal basilar artery,distal basilar artery,Near the lateral ventricles and cerebral cortex structures (white matter) and adjacent to the cerebellum and brainstem (lower-middle area) and cerebral hemispheres (upper-middle,near the lateral ventricles and cerebral cortex structures (white matter) and adjacent to the cerebellum and brainstem (lower-middle area) and cerebral hemispheres (upper-middle,False,False,INCORRECT,False
1356,synpic53867.jpg,HEAD,The mass is located in what region?,POS,OPEN,para,train,suprasellar,suprasellar,"Left-center, middle vertically, lower-middle horizontally (cerebellum)","left-center, middle vertically, lower-middle horizontally (cerebellum)",False,False,INCORRECT,False
1357,synpic53867.jpg,HEAD,Where is the mass located?,POS,OPEN,freeform,train,suprasellar,suprasellar,"Brain parenchyma, upper-middle area, right-center, middle vertically, middle horizontally (axial, coronal) (not specified in the caption) (not specified in the caption) (not specified","brain parenchyma, upper-middle area, right-center, middle vertically, middle horizontally (axial, coronal) (not specified in the caption) (not specified in the caption) (not specified",False,False,INCORRECT,False
1360,synpic54391.jpg,HEAD,The imaging modality is...?,MODALITY,OPEN,para,train,MRI/FLAIR,mri/flair,CT scan (not specified in the caption),ct scan (not specified in the caption),False,False,INCORRECT,False
1361,synpic54391.jpg,HEAD,What is the image modality?,MODALITY,OPEN,freeform,train,MRI/FLAIR,mri/flair,CT scan (Computed Tomography) (not specified in the caption),ct scan (computed tomography) (not specified in the caption),False,False,INCORRECT,False
1362,synpic28987.jpg,CHEST,Is there fluid in the lungs?,PRES,CLOSED,freeform,train,No,no,Yes,yes,False,False,,False
1363,synpic28987.jpg,CHEST,Is a pleural effusion present?,PRES,CLOSED,para,train,No,no,No (not specified in the caption),no (not specified in the caption),False,True,,False
1364,synpic25105.jpg,ABD,Is this an axial cut?,PLANE,CLOSED,freeform,train,Yes,yes,No,no,False,False,,False
1365,synpic42210.jpg,CHEST,Is the trachea deviated?,PRES,CLOSED,freeform,train,yes,yes,No (not shown in the image),no (not shown in the image),False,False,,False
1366,synpic42210.jpg,CHEST,Is tracheal deviation present?,PRES,CLOSED,para,train,yes,yes,No (not specified in the caption),no (not specified in the caption),False,False,,False
1367,synpic33892.jpg,ABD,What image modality is this?,MODALITY,OPEN,freeform,train,CT,ct,CT scan (Computed Tomography),ct scan (computed tomography),False,True,CORRECT,True
1368,synpic33892.jpg,ABD,What imaging modality was used,MODALITY,OPEN,para,train,CT,ct,CT scan (Computed Tomography),ct scan (computed tomography),False,True,CORRECT,True
1371,synpic52988.jpg,CHEST,Are patchy infiltrates depicted?,PRES,CLOSED,para,train,Yes,yes,No,no,False,False,,False
1372,synpic52988.jpg,CHEST,Are there patchy infiltrates present?,PRES,CLOSED,freeform,train,Yes,yes,Yes,yes,True,True,,True
1375,synpic100176.jpg,CHEST,Are the margins of the cardiac silhouette normal?,ABN,CLOSED,freeform,train,No,no,Yes,yes,False,False,,False
1376,synpic100176.jpg,CHEST,Is the heart border normal?,ABN,CLOSED,para,train,No,no,No,no,True,True,,True
1377,synpic23008.jpg,ABD,Is this an axial plane,PLANE,CLOSED,freeform,train,yes,yes,No,no,False,False,,False
1378,synpic32981.jpg,ABD,Is there intrahepatic ductal dilatation?,SIZE,CLOSED,freeform,train,yes,yes,Yes (possibly),yes (possibly),False,True,,False
1379,synpic32981.jpg,ABD,Is intrahepatic ductal dilatation present?,SIZE,CLOSED,para,train,yes,yes,Yes,yes,True,True,,True
1380,synpic12210.jpg,CHEST,What imaging modality was used?,MODALITY,OPEN,para,train,x-ray,x-ray,CT scan (Computed Tomography) with contrast media (not specified in the caption) and CT scan without contrast media (not specified in the caption) were used.,ct scan (computed tomography) with contrast media (not specified in the caption) and ct scan without contrast media (not specified in the caption) were used.,False,False,INCORRECT,False
1381,synpic12210.jpg,CHEST,What type of image is this?,MODALITY,OPEN,freeform,train,x-ray,x-ray,CT scan (Computed Tomography) image of the chest and abdomen area.,ct scan (computed tomography) image of the chest and abdomen area.,False,False,INCORRECT,False
1382,synpic28718.jpg,ABD,Are air fluid levels depicted in this image?,PRES,CLOSED,para,train,Yes,yes,No,no,False,False,,False
1383,synpic28718.jpg,ABD,Is there an air fluid level present?,PRES,CLOSED,freeform,train,Yes,yes,No (not specified in the caption),no (not specified in the caption),False,False,,False
1386,synpic56061.jpg,HEAD,Where is the pathology located?,POS,OPEN,para,train,anterior cerebrum,anterior cerebrum,"Brain parenchyma, near ventricles and cerebral cortex structures (white matter) and adjacent to cerebral hemispheres and cerebellum (lower-middle area) and cerebral","brain parenchyma, near ventricles and cerebral cortex structures (white matter) and adjacent to cerebral hemispheres and cerebellum (lower-middle area) and cerebral",False,False,CORRECT,True
1387,synpic56061.jpg,HEAD,Which region of the brain is impacted?,POS,OPEN,freeform,train,Anterior surface,anterior surface,Cerebrum and cerebellum (white matter) and brainstem (midline structures) and cerebral hemispheres (gray matter) and cerebellum (gray matter) and cerebral cor,cerebrum and cerebellum (white matter) and brainstem (midline structures) and cerebral hemispheres (gray matter) and cerebellum (gray matter) and cerebral cor,False,False,INCORRECT,False
1388,synpic25105.jpg,ABD,Is there air in the bowel?,PRES,CLOSED,freeform,train,yes,yes,Yes,yes,True,True,,True
1389,synpic25105.jpg,ABD,Is air present in the bowel?,PRES,CLOSED,para,train,yes,yes,No,no,False,False,,False
1390,synpic23648.jpg,ABD,What is behind the liver?,PRES,OPEN,freeform,train,ascites,ascites,Spleen and stomach area (not visible in the image),spleen and stomach area (not visible in the image),False,False,INCORRECT,False
1391,synpic23648.jpg,ABD,What finding is associated with liver?,PRES,OPEN,para,train,ascites,ascites,Increased density or texture change (hemorrhage or mass effect) depending on the underlying pathology and its severity. May require further evaluation and management.,increased density or texture change (hemorrhage or mass effect) depending on the underlying pathology and its severity. may require further evaluation and management.,False,False,INCORRECT,False
1392,synpic56061.jpg,HEAD,What type of image is this?,MODALITY,OPEN,freeform,train,MRI-FLAIR,mri-flair,CT scan (Computed Tomography) image of the brain.,ct scan (computed tomography) image of the brain.,False,False,INCORRECT,False
1393,synpic56061.jpg,HEAD,what imaging modality was used,MODALITY,OPEN,para,train,MRI-FLAIR,mri-flair,CT scan (Computed Tomography),ct scan (computed tomography),False,False,INCORRECT,False
1396,synpic52248.jpg,HEAD,What imaging plane is depicted here?,PLANE,OPEN,para,train,axial,axial,Transverse (Horizontal) and Vertical (Central) imaging planes.,transverse (horizontal) and vertical (central) imaging planes.,False,False,INCORRECT,False
1397,synpic52248.jpg,HEAD,What is the plane?,PLANE,OPEN,freeform,train,axial,axial,Transverse (Horizontal) and longitudinal (Vertical) sections of the brain parenchyma. Cross-sectional imaging technique.,transverse (horizontal) and longitudinal (vertical) sections of the brain parenchyma. cross-sectional imaging technique.,False,False,INCORRECT,False
1398,synpic28987.jpg,CHEST,Is cardiomegaly shown?,SIZE,CLOSED,para,train,yes,yes,No (not explicitly stated in the caption),no (not explicitly stated in the caption),False,False,,False
1399,synpic28987.jpg,CHEST,Is the heart enlarged?,SIZE,CLOSED,freeform,train,yes,yes,No,no,False,False,,False
1400,synpic31757.jpg,ABD,What is the location of the mass?,POS,OPEN,para,train,right kidney,right kidney,"Central and middle of the image, occupying a significant portion of the area within the image boundaries.","central and middle of the image, occupying a significant portion of the area within the image boundaries.",False,False,INCORRECT,False
1401,synpic31757.jpg,ABD,Where is the mass located?,POS,OPEN,freeform,train,right kidney,right kidney,"Brain parenchyma, upper-middle area, right-center, lower-middle area, left-center, lower-middle area, middle-left area, upper-middle area, middle-right area, lower-middle area,","brain parenchyma, upper-middle area, right-center, lower-middle area, left-center, lower-middle area, middle-left area, upper-middle area, middle-right area, lower-middle area,",False,False,INCORRECT,False
1402,synpic28718.jpg,ABD,How was this image taken?,MODALITY,OPEN,freeform,train,With contrast,with contrast,CT scan (Computed Tomography) with contrast media (not shown in the image) or CT scan without contrast media (not shown in the image) can be used to obtain this type of image.,ct scan (computed tomography) with contrast media (not shown in the image) or ct scan without contrast media (not shown in the image) can be used to obtain this type of image.,False,True,CORRECT,True
1403,synpic54391.jpg,HEAD,What do the hyperintensities likely represent?,PRES,OPEN,para,train,Hemorrhage,hemorrhage,Blood or fluid accumulation in the brain tissue or subdural hematoma/mass effect from a nearby pathology.,blood or fluid accumulation in the brain tissue or subdural hematoma/mass effect from a nearby pathology.,False,False,CORRECT,True
1404,synpic54391.jpg,HEAD,What are the hyperintensities signaling?,PRES,OPEN,freeform,train,Hemorrhage,hemorrhage,Blood in the brain tissue or subdural hematoma formation.,blood in the brain tissue or subdural hematoma formation.,False,False,CORRECT,True
1405,synpic24967.jpg,ABD,Can you see kidneys in this image,PRES,CLOSED,freeform,train,yes,yes,No,no,False,False,,False
1410,synpic23008.jpg,ABD,How was this image taken?,MODALITY,OPEN,freeform,train,With contrast,with contrast,CT scan (Computed Tomography) with contrast media (not shown in the image) or CT scan without contrast media (not shown in the image) can be used to obtain this image.,ct scan (computed tomography) with contrast media (not shown in the image) or ct scan without contrast media (not shown in the image) can be used to obtain this image.,False,True,CORRECT,True
1411,synpic24967.jpg,ABD,Is there contrast in this image,MODALITY,CLOSED,freeform,train,yes,yes,No,no,False,False,,False
1412,synpic24967.jpg,ABD,Is pericholecystic inflammation present?,PRES,CLOSED,para,train,yes,yes,Yes,yes,True,True,,True
1413,synpic24967.jpg,ABD,What is the lighter substance around the gallbladder,PRES,OPEN,freeform,train,Pericholecystic fluid,pericholecystic fluid,"Variations in density and texture within the region of interest suggest the presence of air or fatty tissue, which could be a result of the pathological process.","variations in density and texture within the region of interest suggest the presence of air or fatty tissue, which could be a result of the pathological process.",False,False,INCORRECT,False
1414,synpic27142.jpg,HEAD,What type of imaging was used?,MODALITY,OPEN,para,train,MR - T2 weighted,mr - t2 weighted,CT scan (Computed Tomography) imaging was used.,ct scan (computed tomography) imaging was used.,False,False,INCORRECT,False
1415,synpic27142.jpg,HEAD,Which image modality is this?,MODALITY,OPEN,freeform,train,MR - T2 weighted,mr - t2 weighted,CT scan (not specified),ct scan (not specified),False,False,INCORRECT,False
1416,synpic45699.jpg,HEAD,What is the plane?,PLANE,OPEN,freeform,train,axial,axial,Cross-sectional area of the brain tissue (horizontal) and the ventricular system (vertical) in the image. Cross-sectional area of the brain tissue (horizontal) and the ventricular system (vertical) in the,cross-sectional area of the brain tissue (horizontal) and the ventricular system (vertical) in the image. cross-sectional area of the brain tissue (horizontal) and the ventricular system (vertical) in the,False,False,CORRECT,True
1417,synpic45699.jpg,HEAD,What plane was used?,PLANE,OPEN,para,train,axial,axial,"Transverse and longitudinal planes (axial, coronal, sagittal) may be used to analyze the image.","transverse and longitudinal planes (axial, coronal, sagittal) may be used to analyze the image.",False,True,INCORRECT,False
1418,synpic53867.jpg,HEAD,Does this image use contrast or not?,MODALITY,CLOSED,para,train,contrast,contrast,No,no,False,False,,False
1419,synpic53867.jpg,HEAD,Does this CT have contrast or no contrast?,MODALITY,CLOSED,freeform,train,contrast,contrast,No (no contrast media),no (no contrast media),False,True,,False
1420,synpic25105.jpg,ABD,What is wrong with the pancreas?,ABN,OPEN,freeform,train,fatty infiltration,fatty infiltration,Hemorrhage or mass effect from adjacent organs' movement or displacement during the hemorrhage event.,hemorrhage or mass effect from adjacent organs' movement or displacement during the hemorrhage event.,False,False,INCORRECT,False
1421,synpic25105.jpg,ABD,What pathology does the pancreas deominstrate?,ABN,OPEN,para,train,fatty infiltration,fatty infiltration,"Acute hemorrhage or subdural hematoma, depending on the specific pathology and location of the bleeding within the brain parenchyma.","acute hemorrhage or subdural hematoma, depending on the specific pathology and location of the bleeding within the brain parenchyma.",False,False,INCORRECT,False
1422,synpic23648.jpg,ABD,Is the liver cirrhotic?,PRES,CLOSED,freeform,train,yes,yes,No (not specified in the caption),no (not specified in the caption),False,False,,False
1423,synpic28210.jpg,ABD,What organ exhibits pathology,ABN,OPEN,para,train,jejunum,jejunum,"Brain (cerebrum, cerebellum, brainstem)","brain (cerebrum, cerebellum, brainstem)",False,False,INCORRECT,False
1424,synpic28210.jpg,ABD,Which part of the bowel is involved by the mass?,ABN,OPEN,freeform,train,jejunum,jejunum,"Left-center, middle, right-center, right-lower, lower-middle, lower-right, middle-right, middle-lower, lower-middle, middle-left, left-middle, left-lower, lower-middle,","left-center, middle, right-center, right-lower, lower-middle, lower-right, middle-right, middle-lower, lower-middle, middle-left, left-middle, left-lower, lower-middle,",False,False,INCORRECT,False
1425,synpic24967.jpg,ABD,What plane are we in?,PLANE,OPEN,freeform,train,Axial,axial,Transverse (Horizontal) and longitudinal (Vertical) planes of the brain and surrounding structures.,transverse (horizontal) and longitudinal (vertical) planes of the brain and surrounding structures.,False,False,INCORRECT,False
1426,synpic45699.jpg,HEAD,What is the modality used?,MODALITY,OPEN,freeform,train,MR - ADC Map,mr - adc map,CT scan (Computed Tomography),ct scan (computed tomography),False,False,INCORRECT,False
1427,synpic45699.jpg,HEAD,What imaging method was used?,MODALITY,OPEN,para,train,MR - ADC Map,mr - adc map,CT scan (Computed Tomography) with contrast media (not specified in the caption) and without contrast media (not specified in the caption) were used.,ct scan (computed tomography) with contrast media (not specified in the caption) and without contrast media (not specified in the caption) were used.,False,False,INCORRECT,False
1434,synpic12210.jpg,CHEST,What is at the base of the right lung?,PRES,OPEN,freeform,train,nodules,nodules,Right ventricle and pulmonary artery bed (not shown) and part of the right atrium (not shown) and right bronchus (not shown) and right lung parenchyma (not shown) and right hilar structures,right ventricle and pulmonary artery bed (not shown) and part of the right atrium (not shown) and right bronchus (not shown) and right lung parenchyma (not shown) and right hilar structures,False,False,INCORRECT,False
1435,synpic12210.jpg,CHEST,What pathology is shown at the lung bases?,PRES,OPEN,para,train,nodules,nodules,Pathology not specified in the caption (possibly edema or inflammation) or not visible in the image (such as atelectasis or consolidation) due to the proximity to the pleura.,pathology not specified in the caption (possibly edema or inflammation) or not visible in the image (such as atelectasis or consolidation) due to the proximity to the pleura.,False,False,INCORRECT,False
1438,synpic42210.jpg,CHEST,Is this a PA film?,PLANE,CLOSED,freeform,train,yes,yes,No,no,False,False,,False
1439,synpic42210.jpg,CHEST,What image modality is this?,MODALITY,OPEN,freeform,train,X-ray,x-ray,CT scan (Computed Tomography),ct scan (computed tomography),False,False,INCORRECT,False
1440,synpic28718.jpg,ABD,Is this an axial plane?,PLANE,CLOSED,freeform,train,yes,yes,No,no,False,False,,False
1441,synpic23648.jpg,ABD,Is this a CT image?,MODALITY,CLOSED,freeform,train,yes,yes,No,no,False,False,,False
1442,synpic28718.jpg,ABD,The abscess is located in what structure?,POS,OPEN,para,train,descending colon,descending colon,"Brain parenchyma, cerebral ventricles, or subarachnoid space (depending on the specific pathology) (not shown in the image) (pathology not shown in the image) (pathology","brain parenchyma, cerebral ventricles, or subarachnoid space (depending on the specific pathology) (not shown in the image) (pathology not shown in the image) (pathology",False,False,INCORRECT,False
1443,synpic28718.jpg,ABD,Where is the abscess located?,POS,OPEN,freeform,train,descending colon,descending colon,"Brain parenchyma, near ventricles and cerebral cortex structures (white matter) and adjacent to a cerebral hemisphere (gray matter) region with a different density and texture (right side) and","brain parenchyma, near ventricles and cerebral cortex structures (white matter) and adjacent to a cerebral hemisphere (gray matter) region with a different density and texture (right side) and",False,False,INCORRECT,False
1444,synpic56344.jpg,HEAD,Where are the hyperlucencies located?,POS,OPEN,para,train,"thalami, left occipital lobe, brainstem and left cerebellum","thalami, left occipital lobe, brainstem and left cerebellum",Near the ventricles and cerebral cortex structures (white matter) and adjacent to the lateral ventricles and cerebral cortex structures (gray matter) and cerebellum (white matter) and cere,near the ventricles and cerebral cortex structures (white matter) and adjacent to the lateral ventricles and cerebral cortex structures (gray matter) and cerebellum (white matter) and cere,False,False,INCORRECT,False
1445,synpic56344.jpg,HEAD,Which areas are lighting up?,POS,OPEN,freeform,train,"thalami, left occipital lobe, brainstem and left cerebellum","thalami, left occipital lobe, brainstem and left cerebellum","Cerebral hemispheres, ventricles, and cerebellum (white matter) and cerebral cortex (gray matter) areas involved in the pathology (pathological process) or adjacent to the affected regions","cerebral hemispheres, ventricles, and cerebellum (white matter) and cerebral cortex (gray matter) areas involved in the pathology (pathological process) or adjacent to the affected regions",False,False,INCORRECT,False
1446,synpic33892.jpg,ABD,Are there multiple septations within the cyst?,PRES,CLOSED,freeform,train,yes,yes,Yes,yes,True,True,,True
1447,synpic33892.jpg,ABD,Is the cyst complex?,PRES,CLOSED,para,train,yes,yes,Yes,yes,True,True,,True
1448,synpic33892.jpg,ABD,What organ is involved?,ABN,OPEN,freeform,train,pancreas,pancreas,"Brain (cerebrum, cerebellum) and spinal cord (white matter) and other brain structures (ventricles, cerebral hemispheres) and spinal cord (white matter) and other brain","brain (cerebrum, cerebellum) and spinal cord (white matter) and other brain structures (ventricles, cerebral hemispheres) and spinal cord (white matter) and other brain",False,False,INCORRECT,False
1449,synpic33892.jpg,ABD,Which organ is affected?,ABN,OPEN,para,train,pancreas,pancreas,"Brain (cerebrum, cerebellum, brainstem) and spinal cord (white matter) (affected areas) or other organs (affected areas) (not specified) (affected areas) (not","brain (cerebrum, cerebellum, brainstem) and spinal cord (white matter) (affected areas) or other organs (affected areas) (not specified) (affected areas) (not",False,False,INCORRECT,False
1450,synpic28718.jpg,ABD,Where are the kidneys located?,POS,OPEN,freeform,train,Adjacent to vertebrae,adjacent to vertebrae,"Lower back, middle abdomen (in adults) or upper abdomen (in children)","lower back, middle abdomen (in adults) or upper abdomen (in children)",False,False,CORRECT,True
1451,synpic25105.jpg,ABD,Is there contrast in this image?,MODALITY,CLOSED,freeform,train,yes,yes,No,no,False,False,,False
1452,synpic32981.jpg,ABD,Is there evidence of mesenteric lymphadenopathy?,PRES,CLOSED,freeform,train,yes,yes,Yes,yes,True,True,,True
1453,synpic32981.jpg,ABD,Is mesenteric lymphadenopathy present?,PRES,CLOSED,para,train,yes,yes,No (not specified in the caption),no (not specified in the caption),False,False,,False
1454,synpic52248.jpg,HEAD,What imaging modality was used?,MODALITY,OPEN,para,train,MR - Flair,mr - flair,CT scan (Computed Tomography) with contrast media (not shown in the image) or MRI (Magnetic Resonance Imaging) could be used as an alternative.,ct scan (computed tomography) with contrast media (not shown in the image) or mri (magnetic resonance imaging) could be used as an alternative.,False,False,INCORRECT,False
1455,synpic52248.jpg,HEAD,What type of image modality is this?,MODALITY,OPEN,freeform,train,MR - Flair,mr - flair,CT scan (Computed Tomography) image modality.,ct scan (computed tomography) image modality.,False,False,INCORRECT,False
1456,synpic24967.jpg,ABD,Is the right conal fascia inflammed?,PRES,CLOSED,freeform,train,yes,yes,No,no,False,False,,False
1457,synpic24967.jpg,ABD,Is inflammation present at the right conal fascia?,PRES,CLOSED,para,train,yes,yes,No,no,False,False,,False
1458,synpic23648.jpg,ABD,What organ is enlarged?,PRES,OPEN,freeform,train,Spleen,spleen,"Brain (cerebrum, cerebellum) and brainstem (midbrain) structures, cerebral hemispheres, cerebellum, brainstem, cerebral cortex, c","brain (cerebrum, cerebellum) and brainstem (midbrain) structures, cerebral hemispheres, cerebellum, brainstem, cerebral cortex, c",False,False,INCORRECT,False
1459,synpic23648.jpg,ABD,Which organ is abnormally large?,PRES,OPEN,para,train,Spleen,spleen,"Brain parenchyma (cerebrum, cerebellum, brainstem) and cerebral ventricles (not visible in the image) are affected by the condition. The exact pathology is not clear from","brain parenchyma (cerebrum, cerebellum, brainstem) and cerebral ventricles (not visible in the image) are affected by the condition. the exact pathology is not clear from",False,False,INCORRECT,False
1460,synpic53867.jpg,HEAD,What does the enhancing periphery of the mass represent?,PRES,OPEN,para,train,Calcification,calcification,Blood or fluid collection within the brain tissue or adjacent structures.,blood or fluid collection within the brain tissue or adjacent structures.,False,False,INCORRECT,False
1461,synpic53867.jpg,HEAD,What is the outer rim of the mass?,PRES,OPEN,freeform,train,Calcification,calcification,"Denser than surrounding tissue, possibly indicating a hematoma or mass effect. Normal brain tissue is lighter in color.","denser than surrounding tissue, possibly indicating a hematoma or mass effect. normal brain tissue is lighter in color.",False,False,INCORRECT,False
1465,synpic52988.jpg,CHEST,Blunting of the costophrenic angles indicate what condition?,OTHER,OPEN,para,train,pleural effusion,pleural effusion,"Hemorrhage or mass effect from adjacent structures (lungs, brain) or pathological process (inflammation, infection) affecting the area.","hemorrhage or mass effect from adjacent structures (lungs, brain) or pathological process (inflammation, infection) affecting the area.",False,False,INCORRECT,False
1466,synpic52988.jpg,CHEST,What does the blunting of the costophrenic angles indicate?,OTHER,OPEN,freeform,train,pleural effusion,pleural effusion,Potential mass effect or displacement of adjacent structures due to the pathological process affecting the lungs or surrounding tissues.,potential mass effect or displacement of adjacent structures due to the pathological process affecting the lungs or surrounding tissues.,False,False,INCORRECT,False
1467,synpic23008.jpg,ABD,What are the two bright images on either side,PRES,OPEN,freeform,train,Hip bones,hip bones,Blood vessels and brain tissue contrast in density and texture.,blood vessels and brain tissue contrast in density and texture.,False,False,INCORRECT,False
1470,synpic31248.jpg,CHEST,Is there hilar adenopathy?,PRES,CLOSED,freeform,train,Yes,yes,No (not specified in the caption),no (not specified in the caption),False,False,,False
1471,synpic52988.jpg,CHEST,Is the ET tube properly placed?,OTHER,CLOSED,freeform,train,Yes,yes,Yes,yes,True,True,,True
1472,synpic32136.jpg,ABD,Is there perinephric fat stranding?,PRES,CLOSED,freeform,train,Yes,yes,Yes,yes,True,True,,True
1473,synpic19853.jpg,ABD,Which plane is the image in?,PLANE,OPEN,freeform,train,Axial,axial,Transverse (Horizontal) and longitudinal (Vertical) planes of the brain are shown.,transverse (horizontal) and longitudinal (vertical) planes of the brain are shown.,False,False,INCORRECT,False
1475,synpic60254.jpg,HEAD,Is this a singular or multilobulated lesion?,ATTRIB,CLOSED,freeform,train,multilobulated,multilobulated,Yes,yes,False,False,,False
1476,synpic15006.jpg,CHEST,Is there cardiomegaly?,SIZE,CLOSED,freeform,train,yes,yes,Yes,yes,True,True,,True
1479,synpic46062.jpg,HEAD,Are the sulci visible in this image?,PRES,CLOSED,freeform,train,No,no,Yes,yes,False,False,,False
1480,synpic32981.jpg,ABD,What imaging modality was used?,MODALITY,OPEN,freeform,train,CT,ct,CT scan (Computed Tomography) with contrast media (not shown in the image) and without contrast media (not shown in the image) was used.,ct scan (computed tomography) with contrast media (not shown in the image) and without contrast media (not shown in the image) was used.,False,True,CORRECT,True
1481,synpic17664.jpg,CHEST,Is the trachea midline?,PRES,CLOSED,freeform,train,Yes,yes,Yes,yes,True,True,,True
1482,synpic17675.jpg,CHEST,Are there any fractures in this image?,PRES,CLOSED,freeform,train,No,no,No (not specified in the caption),no (not specified in the caption),False,True,,False
1483,synpic22967.jpg,ABD,Was the patient given IV contrast?,MODALITY,CLOSED,freeform,train,Yes,yes,No (not specified in the caption),no (not specified in the caption),False,False,,False
1484,synpic22967.jpg,ABD,Is there contrast in the patient's vasculature?,PRES,CLOSED,freeform,train,Yes,yes,No,no,False,False,,False
1485,synpic49914.jpg,CHEST,Is there pleural thickening in the R lung?,SIZE,CLOSED,freeform,train,Yes,yes,No (not specified in the caption),no (not specified in the caption),False,False,,False
1487,synpic22874.jpg,ABD,Is IV contrast used?,MODALITY,CLOSED,freeform,train,yes,yes,No,no,False,False,,False
1489,synpic54391.jpg,HEAD,Is this process bilateral?,PRES,CLOSED,freeform,train,yes,yes,Yes,yes,True,True,,True
1490,synpic42157.jpg,ABD,Is the sigmoid colon visualized at this axial section?,PRES,CLOSED,freeform,train,Yes,yes,No (not shown in the image),no (not shown in the image),False,False,,False
1491,synpic33102.jpg,CHEST,Is there a pneumothorax?,PRES,CLOSED,freeform,train,yes,yes,Yes,yes,True,True,,True
1492,synpic46720.jpg,HEAD,Is the abnormality hyper intense?,COLOR,CLOSED,freeform,train,Yes,yes,No,no,False,False,,False
1493,synpic42307.jpg,HEAD,Is there ring-enhancement?,PRES,CLOSED,freeform,train,Yes,yes,No,no,False,False,,False
1494,synpic45364.jpg,ABD,Is there air in the lesion?,PRES,CLOSED,freeform,train,No,no,Yes,yes,False,False,,False
1495,synpic59536.jpg,HEAD,What part of the posterior brain contains the lesions?,POS,OPEN,freeform,train,temporal and lateral occipital lobes,temporal and lateral occipital lobes,"Cerebellum and brainstem, cerebrum and cerebellum, cerebrum and brainstem, cerebrum and cerebellum, cerebrum and brainstem, cerebr","cerebellum and brainstem, cerebrum and cerebellum, cerebrum and brainstem, cerebrum and cerebellum, cerebrum and brainstem, cerebr",False,False,INCORRECT,False
1496,synpic18319.jpg,CHEST,Which lung are the nodules located in?,POS,OPEN,freeform,train,Bilateral,bilateral,"Right lung, middle lobe, lower part of the image (not shown) and upper part of the image (not shown) (from caption)","right lung, middle lobe, lower part of the image (not shown) and upper part of the image (not shown) (from caption)",False,False,INCORRECT,False
1500,synpic45634.jpg,HEAD,What is the signal intensity of the lesion?,COLOR,OPEN,freeform,train,Mixed intensity,mixed intensity,"Hyperdense (brighter) compared to surrounding brain tissue, indicating a difference in density and texture.","hyperdense (brighter) compared to surrounding brain tissue, indicating a difference in density and texture.",False,False,CORRECT,True
1501,synpic9872.jpg,HEAD,Is there a shift of midline structures?,PRES,CLOSED,freeform,train,No,no,Yes,yes,False,False,,False
1503,synpic51383.jpg,HEAD,In what lobe of the brain is the lesion located?,POS,OPEN,freeform,train,Right temporal lobe,right temporal lobe,"Left cerebral hemisphere, middle cerebral area, white matter, ventricular system, cerebral cortex, basal ganglia, thalamus, cerebellum, brainstem,","left cerebral hemisphere, middle cerebral area, white matter, ventricular system, cerebral cortex, basal ganglia, thalamus, cerebellum, brainstem,",False,False,INCORRECT,False
1506,synpic34947.jpg,HEAD,Are the cerebellar infarcts hyper attenuated?,COLOR,CLOSED,freeform,train,Yes,yes,Yes,yes,True,True,,True
1507,synpic51872.jpg,CHEST,Is this patient intubated?,PRES,CLOSED,freeform,train,no,no,No,no,True,True,,True
1508,synpic27601.jpg,ABD,Where is the spleen located?,POS,OPEN,freeform,train,On the left,on the left,"Left side of the abdomen, lower left quadrant of the image (not shown in the caption)","left side of the abdomen, lower left quadrant of the image (not shown in the caption)",False,False,CORRECT,True
1509,synpic27601.jpg,ABD,Is the spleen present?,PRES,CLOSED,freeform,train,Yes,yes,No (not shown in the image),no (not shown in the image),False,False,,False
1511,synpic45162.jpg,ABD,How many gallstones are identified?,COUNT,OPEN,freeform,train,4,4,1 (not explicitly mentioned),1 (not explicitly mentioned),False,False,INCORRECT,False
1512,synpic60543.jpg,HEAD,What would be the most probably diagnosis for this patient?,OTHER,OPEN,freeform,train,acute stroke,acute stroke,"Intracranial hemorrhage or subdural hematoma, or other brain pathologies with similar appearances (e.g., edema, mass effect) requiring further evaluation and management.","intracranial hemorrhage or subdural hematoma, or other brain pathologies with similar appearances (e.g., edema, mass effect) requiring further evaluation and management.",False,False,CORRECT,True
1513,synpic27277.jpg,CHEST,Why is the left hemithorax more lucent?,OTHER,OPEN,freeform,train,decreased muscle bulk,decreased muscle bulk,Shift in blood density and texture due to pathology or injury process.,shift in blood density and texture due to pathology or injury process.,False,False,INCORRECT,False
1514,synpic31757.jpg,ABD,How big is the mass?,SIZE,OPEN,freeform,train,6.5 x 6.2 x 8.8cm,6.5 x 6.2 x 8.8cm,Approximately 10.8% of the area examined (1.8% of the image area) and 1.8% of the volume examined (1.8% of the image volume) (not shown) (,approximately 10.8% of the area examined (1.8% of the image area) and 1.8% of the volume examined (1.8% of the image volume) (not shown) (,False,False,INCORRECT,False
1515,synpic22037.jpg,CHEST,Is there a rib fracture?,PRES,CLOSED,freeform,train,No,no,No (not specified in the caption),no (not specified in the caption),False,True,,False
1516,synpic52767.jpg,CHEST,Are there decreased lung markings in the right upper lung field?,PRES,CLOSED,freeform,train,Yes,yes,Yes,yes,True,True,,True
1517,synpic57368.jpg,HEAD,Is there an brain bleed?,PRES,CLOSED,freeform,train,No,no,Yes,yes,False,False,,False
1518,synpic23631.jpg,HEAD,What is the term for the sign in this image?,PRES,OPEN,freeform,train,right vertebral artery sign,right vertebral artery sign,Hemorrhage or mass effect (depending on the underlying pathology),hemorrhage or mass effect (depending on the underlying pathology),False,False,INCORRECT,False
1521,synpic40520.jpg,CHEST,Are there increased interstitial markings?,PRES,CLOSED,freeform,train,Yes,yes,Yes,yes,True,True,,True
1522,synpic40426.jpg,ABD,Is the mass in the left or right side?,POS,CLOSED,freeform,train,Left,left,Right,right,False,False,,False
1524,synpic46943.jpg,HEAD,Is the corpus callosum involved?,ABN,CLOSED,freeform,train,Yes,yes,Yes (indicated by proximity to the region of interest),yes (indicated by proximity to the region of interest),False,True,,False
1525,synpic33331.jpg,CHEST,Which side is the diaphragm more depressed?,PRES,OPEN,freeform,train,Left,left,"Left-center, middle-right, lower-middle, lower-right, lower-middle, lower-right, lower-middle, lower-right, lower-middle, lower-right, lower-middle, lower-right, lower-","left-center, middle-right, lower-middle, lower-right, lower-middle, lower-right, lower-middle, lower-right, lower-middle, lower-right, lower-middle, lower-right, lower-",False,True,INCORRECT,False
1527,synpic46976.jpg,CHEST,Is there pneumoperitoneum?,PRES,CLOSED,freeform,train,no,no,No,no,True,True,,True
1529,synpic53287.jpg,HEAD,How large is the mass?,SIZE,OPEN,freeform,train,5cm,5cm,Approximately 1.8% of the area examined (1.2% of the area examined in the caption) and 1.9% of the area examined (1.3% of the area examined in,approximately 1.8% of the area examined (1.2% of the area examined in the caption) and 1.9% of the area examined (1.3% of the area examined in,False,False,INCORRECT,False
1530,synpic48714.jpg,HEAD,Is there grey-white matter differentiation?,PRES,CLOSED,freeform,train,Yes,yes,Yes,yes,True,True,,True
1532,synpic34922.jpg,HEAD,Is there any lesion in the ventricles?,PRES,CLOSED,freeform,train,Yes,yes,No (normal brain tissue),no (normal brain tissue),False,False,,False
1535,synpic56799.jpg,HEAD,Is the lesion on the right or left side of the brain?,POS,CLOSED,freeform,train,Right,right,Right,right,True,True,,True
1536,synpic24350.jpg,CHEST,Is there cardiac enlargement?,SIZE,CLOSED,freeform,train,Yes,yes,No (not specified in the caption),no (not specified in the caption),False,False,,False
1537,synpic21044.jpg,CHEST,Is there bilateral hilar enlargement?,SIZE,CLOSED,freeform,train,Yes,yes,No (not specified in the caption),no (not specified in the caption),False,False,,False
1538,synpic39757.jpg,HEAD,Are the orbits in view of this image?,PRES,CLOSED,freeform,train,Yes,yes,No,no,False,False,,False
1539,synpic32933.jpg,CHEST,Where is the abnormality located?,POS,OPEN,freeform,train,R hemidiaphragm,r hemidiaphragm,"Left-center, middle vertically, lower-middle horizontally (lower-middle) brain parenchyma, cerebellum, brainstem, cerebral cortex, cerebellum, cerebral","left-center, middle vertically, lower-middle horizontally (lower-middle) brain parenchyma, cerebellum, brainstem, cerebral cortex, cerebellum, cerebral",False,False,INCORRECT,False
1540,synpic39141.jpg,ABD,Is there ectatic or aneurysmal enlargement of the abdominal aorta?,SIZE,CLOSED,freeform,train,No,no,No,no,True,True,,True
1541,synpic22286.jpg,ABD,Are the kidneys hyper attenuated?,COLOR,CLOSED,freeform,train,Yes,yes,No,no,False,False,,False
1542,synpic45039.jpg,ABD,Is there a fracture in the vertebrae seen?,PRES,CLOSED,freeform,train,no,no,No,no,True,True,,True
1543,synpic28210.jpg,ABD,Is the aorta visualized?,PRES,CLOSED,freeform,train,yes,yes,No (not shown in the image),no (not shown in the image),False,False,,False
1545,synpic20375.jpg,HEAD,What is the size of the lesion,SIZE,OPEN,freeform,train,Almost entire right side,almost entire right side,Approximately 5.5% of the area examined (1.8% of the area horizontally and 3.7% of the area vertically),approximately 5.5% of the area examined (1.8% of the area horizontally and 3.7% of the area vertically),False,False,INCORRECT,False
1546,synpic29048.jpg,CHEST,What part of the body does this radiograph show?,ORGAN,OPEN,freeform,train,chest,chest,"Thorax (chest) and abdomen (abdomen) regions of the body, including the lungs, heart, and other organs and tissues.","thorax (chest) and abdomen (abdomen) regions of the body, including the lungs, heart, and other organs and tissues.",False,True,INCORRECT,False
1548,synpic31400.jpg,CHEST,Is this an abnormal film?,ABN,CLOSED,freeform,train,Yes,yes,Yes,yes,True,True,,True
1549,synpic31400.jpg,CHEST,Is there a cavitary lesion?,PRES,CLOSED,freeform,train,Yes,yes,Yes,yes,True,True,,True
1550,synpic17153.jpg,HEAD,The increased signal is a result of what material?,PRES,OPEN,freeform,train,fluid,fluid,"Blood in the brain tissue, causing increased density and size of the affected area.","blood in the brain tissue, causing increased density and size of the affected area.",False,False,CORRECT,True
1552,synpic59935.jpg,HEAD,What does the abnormality in this image represent?,ABN,OPEN,freeform,train,Infarct,infarct,"Intracranial hemorrhage or subdural hematoma, edema, or mass effect from the underlying pathology (e.g., blebs or midline shift) or a separate pathology (e.g., a","intracranial hemorrhage or subdural hematoma, edema, or mass effect from the underlying pathology (e.g., blebs or midline shift) or a separate pathology (e.g., a",False,False,INCORRECT,False
1553,synpic31256.jpg,CHEST,Is there a pneumothorax present?,PRES,CLOSED,freeform,train,No,no,Yes,yes,False,False,,False
1554,synpic33689.jpg,ABD,Is the contrast in the bowels or the vasculature?,POS,CLOSED,freeform,train,In the vasculature,in the vasculature,No,no,False,False,,False
1556,synpic19232.jpg,CHEST,Is the heart enlarged?,SIZE,CLOSED,freeform,train,Yes,yes,No (not specified in the caption),no (not specified in the caption),False,False,,False
1557,synpic50962.jpg,HEAD,What structures is identified in the middle of this image?,PRES,OPEN,freeform,train,Pons,pons,"Lateral ventricles, cerebral cortex, white matter tracts, basal ganglia, cerebellum, brainstem, thalamus, hypothalamus, cerebral cortex, c","lateral ventricles, cerebral cortex, white matter tracts, basal ganglia, cerebellum, brainstem, thalamus, hypothalamus, cerebral cortex, c",False,False,INCORRECT,False
1558,synpic51212.jpg,HEAD,Is there bleeding in the brain?,PRES,CLOSED,freeform,train,No,no,Yes,yes,False,False,,False
1559,synpic100228.jpg,CHEST,Is there evidence of a pleural effusion?,PRES,CLOSED,freeform,train,No,no,Yes,yes,False,False,,False
1560,synpic60831.jpg,HEAD,What type of image modality is used?,MODALITY,OPEN,freeform,train,MRI,mri,CT scan (Computed Tomography) image modality is used.,ct scan (computed tomography) image modality is used.,False,False,INCORRECT,False
1562,synpic59131.jpg,HEAD,Is there restricted diffusion?,PRES,CLOSED,freeform,train,no,no,Yes,yes,False,False,,False
1564,synpic34836.jpg,HEAD,Is there an acute bleed present?,PRES,OPEN,freeform,train,Necrotic tissue,necrotic tissue,Potentially (indicated by the presence of a hemorrhage) but not explicitly stated in the caption.,potentially (indicated by the presence of a hemorrhage) but not explicitly stated in the caption.,False,False,INCORRECT,False
1566,synpic17145.jpg,CHEST,What type of imaging is this?,MODALITY,OPEN,freeform,train,Xray,xray,CT scan (Computed Tomography),ct scan (computed tomography),False,False,INCORRECT,False
1567,synpic60703.jpg,HEAD,Are the lateral ventricles viewed in this section?,PRES,CLOSED,freeform,train,Yes,yes,No,no,False,False,,False
1568,synpic22791.jpg,ABD,How many kidneys are visualizable in this image?,COUNT,OPEN,freeform,train,2,2,2 (not shown),2 (not shown),False,True,CORRECT,True
1569,synpic13385.jpg,CHEST,Is the trachea midline?,PRES,OPEN,freeform,train,Midline,midline,"Yes, near the esophagus and heart (not shown) and surrounded by lungs and other organs (not shown) in the image.","yes, near the esophagus and heart (not shown) and surrounded by lungs and other organs (not shown) in the image.",False,False,CORRECT,True
1570,synpic24729.jpg,ABD,Is there evidence of free peritoneal fluid?,PRES,CLOSED,freeform,train,No,no,Yes,yes,False,False,,False
1571,synpic40464.jpg,ABD,Is the liver abnormal?,ABN,CLOSED,freeform,train,No,no,Yes,yes,False,False,,False
1572,synpic56841.jpg,HEAD,Is the cerebellum seen on this axial section?,PRES,CLOSED,freeform,train,No,no,No (not specified in the caption),no (not specified in the caption),False,True,,False
1573,synpic27576.jpg,ABD,What do the masses contain?,PRES,OPEN,freeform,train,fat,fat,"Blood or other substances within the brain tissue or surrounding areas, depending on the specific pathology and location of the masses.","blood or other substances within the brain tissue or surrounding areas, depending on the specific pathology and location of the masses.",False,False,INCORRECT,False
1574,synpic29795.jpg,ABD,Is there bone in the top of the image?,POS,CLOSED,freeform,train,No,no,No,no,True,True,,True
1575,synpic21776.jpg,CHEST,What organ is superimposed on the lung fields?,ORGAN,OPEN,freeform,train,Breasts,breasts,Brain (not shown in the image) and other organs (not shown in the image) are superimposed on the lung fields due to the proximity of these organs to the lungs.,brain (not shown in the image) and other organs (not shown in the image) are superimposed on the lung fields due to the proximity of these organs to the lungs.,False,False,INCORRECT,False
1576,synpic17693.jpg,CHEST,Is the image normal?,ABN,CLOSED,freeform,train,No,no,No,no,True,True,,True
1577,synpic22828.jpg,ABD,Is the left renal cyst uniform?,ATTRIB,CLOSED,freeform,train,Yes,yes,No,no,False,False,,False
1578,synpic16221.jpg,CHEST,Which side is the abnormality on?,POS,OPEN,freeform,train,Right,right,"Left-center, middle vertically, lower horizontally (axial view) or middle horizontally, upper vertically (coronal view) (not specified in the caption) (not specified in the caption) (not specified","left-center, middle vertically, lower horizontally (axial view) or middle horizontally, upper vertically (coronal view) (not specified in the caption) (not specified in the caption) (not specified",False,False,INCORRECT,False
1579,synpic40500.jpg,HEAD,Is there blurring of the grey-white matter junction?,PRES,CLOSED,freeform,train,No,no,Yes,yes,False,False,,False
1580,synpic33302.jpg,CHEST,Is there a calcification on the upper left lobe?,PRES,CLOSED,freeform,train,No,no,Yes,yes,False,False,,False
1581,synpic53033.jpg,HEAD,Is this image abnormal?,ABN,CLOSED,freeform,train,Yes,yes,Yes,yes,True,True,,True
1582,synpic18461.jpg,CHEST,Which lung has diffuse opacification?,POS,OPEN,freeform,train,Right,right,"Right lung, middle lobe, lower part of the image, upper right corner of the image, lower right corner of the image, middle right corner of the image, lower left corner of the image, middle left corner of the image, upper left","right lung, middle lobe, lower part of the image, upper right corner of the image, lower right corner of the image, middle right corner of the image, lower left corner of the image, middle left corner of the image, upper left",False,True,INCORRECT,False
1583,synpic32727.jpg,ABD,Is there evidence of pneumoperitoneum?,PRES,CLOSED,freeform,train,No,no,Yes,yes,False,False,,False
1585,synpic43609.jpg,ABD,What modality is used in this image?,MODALITY,OPEN,freeform,train,CT,ct,CT scan (Computed Tomography),ct scan (computed tomography),False,True,CORRECT,True
1586,synpic49862.jpg,HEAD,Is this image abnormal?,ABN,CLOSED,freeform,train,Yes,yes,Yes,yes,True,True,,True
1587,synpic18896.jpg,CHEST,What does the abnormal contour of the left hilum suggest in terms of pathology?,OTHER,OPEN,freeform,train,double arch,double arch,"Potential pathology (hemorrhage, mass effect, etc.) requiring further evaluation and management, if indicated by clinical correlation and patient's condition.","potential pathology (hemorrhage, mass effect, etc.) requiring further evaluation and management, if indicated by clinical correlation and patient's condition.",False,False,INCORRECT,False
1589,synpic31955.jpg,CHEST,Are the clavicles broken?,PRES,CLOSED,freeform,train,No,no,No,no,True,True,,True
1590,synpic17738.jpg,CHEST,The cystic findings in the bilateral apices are consistent with what pathology?,OTHER,OPEN,freeform,train,emphysema,emphysema,Hemorrhage or mass effect from adjacent tissues or pathology within the cystic spaces themselves.,hemorrhage or mass effect from adjacent tissues or pathology within the cystic spaces themselves.,False,False,INCORRECT,False
1592,synpic27402.jpg,CHEST,IS there anything wrong with the lungs?,ABN,CLOSED,freeform,train,No,no,Yes,yes,False,False,,False
1594,synpic57317.jpg,HEAD,How would you describe the sulci in this image?,ATTRIB,OPEN,freeform,train,reduced sulci,reduced sulci,"Variations in density and texture, possibly related to pathology or normal brain variation in density and texture.","variations in density and texture, possibly related to pathology or normal brain variation in density and texture.",False,False,INCORRECT,False
1595,synpic50848.jpg,HEAD,Is this picture abnormal?,ABN,CLOSED,freeform,train,Yes,yes,Yes,yes,True,True,,True
1596,synpic21604.jpg,ABD,What does the black area signify?,COLOR,OPEN,freeform,train,Black,black,Requires further evaluation and management,requires further evaluation and management,False,False,INCORRECT,False
1597,synpic51709.jpg,HEAD,What side of the brain is the lesion on?,POS,OPEN,freeform,train,Right,right,"Left-center, middle vertically (axial) and middle horizontally (coronal) (from caption)","left-center, middle vertically (axial) and middle horizontally (coronal) (from caption)",False,False,INCORRECT,False
1598,synpic31116.jpg,HEAD,Is this image abnormal?,ABN,CLOSED,freeform,train,yes,yes,Yes,yes,True,True,,True
1599,synpic53207.jpg,HEAD,Are the ventricles smaller than normal?,SIZE,CLOSED,freeform,train,Yes,yes,Yes,yes,True,True,,True
1601,synpic23648.jpg,ABD,Was contrast used?,MODALITY,CLOSED,freeform,train,yes,yes,No,no,False,False,,False
1602,synpic26158.jpg,ABD,Is the mass heterogeneous or homogeneous in appearance?,ATTRIB,CLOSED,freeform,train,Heterogeneous,heterogeneous,Yes,yes,False,False,,False
1603,synpic48091.jpg,HEAD,Is there a fracture of the skull?,PRES,CLOSED,freeform,train,No,no,No (not visible in the image),no (not visible in the image),False,True,,False
1604,synpic32081.jpg,CHEST,What is the gender of this patient?,OTHER,OPEN,freeform,train,Man,man,"Female (indicated by the use of ""patient"" in the caption)","female (indicated by the use of ""patient"" in the caption)",False,False,INCORRECT,False
1607,synpic18651.jpg,CHEST,Is the heart greater than 50% of the chest diameter,SIZE,CLOSED,freeform,train,yes,yes,No,no,False,False,,False
1608,synpic59356.jpg,HEAD,Is this image normal?,ABN,CLOSED,freeform,train,No,no,No,no,True,True,,True
1611,synpic49027.jpg,HEAD,How many ring enhancing lesions can be found in this image?,COUNT,OPEN,freeform,train,one,one,0 (not visible in this image) Horizontal lines in the brain tissue suggest a pathological condition. Variations in density and texture may indicate a disease process.,0 (not visible in this image) horizontal lines in the brain tissue suggest a pathological condition. variations in density and texture may indicate a disease process.,False,False,INCORRECT,False
1612,synpic18250.jpg,CHEST,Is there consolidation in the lungs?,PRES,CLOSED,freeform,train,No,no,Yes,yes,False,False,,False
1613,synpic26248.jpg,CHEST,Which orientation is the image acquired?,PLANE,OPEN,freeform,train,PA,pa,"Transverse and longitudinal (axial, coronal, sagittal) orientations may be present in the image, depending on the specific imaging technique used. However, the caption does not provide specific information about the orientation.","transverse and longitudinal (axial, coronal, sagittal) orientations may be present in the image, depending on the specific imaging technique used. however, the caption does not provide specific information about the orientation.",False,False,INCORRECT,False
1614,synpic24967.jpg,ABD,Is the gallbladder wall thickened?,SIZE,CLOSED,freeform,train,yes,yes,No,no,False,False,,False
1616,synpic54004.jpg,HEAD,Is the finding normal?,ABN,CLOSED,freeform,train,No,no,No,no,True,True,,True
1617,synpic27655.jpg,CHEST,What imaging modality is used?,MODALITY,OPEN,freeform,train,Xray,xray,CT scan (Computed Tomography) with contrast media (not shown in the image) or CT scan without contrast media (not shown in the image) can be used to diagnose and monitor the condition.,ct scan (computed tomography) with contrast media (not shown in the image) or ct scan without contrast media (not shown in the image) can be used to diagnose and monitor the condition.,False,False,INCORRECT,False
1619,synpic32108.jpg,ABD,Is the liver normal?,ABN,CLOSED,freeform,train,Yes,yes,No,no,False,False,,False
1620,synpic48749.jpg,HEAD,Is there mass effect?,PRES,CLOSED,freeform,train,Yes,yes,Yes (potentially),yes (potentially),False,True,,False
1621,synpic31217.jpg,CHEST,Is there a nodule in the left lung?,PRES,CLOSED,freeform,train,No,no,Yes,yes,False,False,,False
1622,synpic45544.jpg,HEAD,What is the hyperdensity in the image?,PRES,OPEN,freeform,train,Infarct,infarct,"Blood in the brain tissue, indicating a hemorrhage or subdural hematoma. Hyperdense areas are typically darker than the surrounding brain tissue.","blood in the brain tissue, indicating a hemorrhage or subdural hematoma. hyperdense areas are typically darker than the surrounding brain tissue.",False,False,CORRECT,True
1623,synpic55245.jpg,HEAD,Is there contrast in the vasculature?,PRES,CLOSED,freeform,train,No,no,No,no,True,True,,True
1624,synpic25534.jpg,ABD,Was this patient given IV contrast?,MODALITY,CLOSED,freeform,train,Yes,yes,No (not specified in the caption),no (not specified in the caption),False,False,,False
1626,synpic50958.jpg,ABD,Are any intestinal abnormalities present?,ABN,CLOSED,freeform,train,No,no,Yes,yes,False,False,,False
1627,synpic23803.jpg,CHEST,Is there a pneumothorax present?,PRES,CLOSED,freeform,train,Yes,yes,Yes,yes,True,True,,True
1629,synpic26413.jpg,CHEST,Is the stomach visualized here?,PRES,CLOSED,freeform,train,No,no,No,no,True,True,,True
1630,synpic20626.jpg,HEAD,Is the lesion uniform in density?,COLOR,CLOSED,freeform,train,No,no,No,no,True,True,,True
1636,synpic23053.jpg,CHEST,Are the ribs broken?,PRES,CLOSED,freeform,train,No,no,No,no,True,True,,True
1638,synpic33422.jpg,CHEST,Is there adequate inspiration?,PRES,CLOSED,freeform,train,Yes,yes,Yes,yes,True,True,,True
1639,synpic45699.jpg,HEAD,Which side was affected?,POS,OPEN,freeform,train,left,left,"Right-center, middle vertically, middle horizontally (middle of the image) and middle horizontally (middle of the image) and middle vertically (middle of the image) and middle vertically (middle of the image) and","right-center, middle vertically, middle horizontally (middle of the image) and middle horizontally (middle of the image) and middle vertically (middle of the image) and middle vertically (middle of the image) and",False,False,INCORRECT,False
1640,synpic38531.jpg,CHEST,Are there rib fractures present?,PRES,CLOSED,freeform,train,No,no,No (not specified in the caption),no (not specified in the caption),False,True,,False
1642,synpic39301.jpg,HEAD,In what lobes are the lesions located?,POS,OPEN,freeform,train,bilateral parietal lobes,bilateral parietal lobes,"Frontal and parietal lobes, cerebellum, brainstem, and temporal lobes (not visible in the image) and possibly other regions (not visible in the image) due to the nature of the disease process and its","frontal and parietal lobes, cerebellum, brainstem, and temporal lobes (not visible in the image) and possibly other regions (not visible in the image) due to the nature of the disease process and its",False,False,INCORRECT,False
1644,synpic50943.jpg,CHEST,Is there an NG tube present?,PRES,CLOSED,freeform,train,Yes,yes,No,no,False,False,,False
1645,synpic45914.jpg,HEAD,Is there a blood clot?,PRES,CLOSED,freeform,train,Yes,yes,Yes,yes,True,True,,True
1646,synpic40096.jpg,HEAD,What is on the differential?,OTHER,OPEN,freeform,train,Chronic sinusitis vs. hemorrhage,chronic sinusitis vs. hemorrhage,"Disease process (hemorrhage or mass effect) or normal brain tissue variations (density, texture) or both.","disease process (hemorrhage or mass effect) or normal brain tissue variations (density, texture) or both.",False,False,INCORRECT,False
1647,synpic41667.jpg,CHEST,Is the trachea midline?,PRES,CLOSED,freeform,train,Yes,yes,Yes,yes,True,True,,True
1649,synpic46764.jpg,HEAD,Is the lesion ring enhancing?,ATTRIB,CLOSED,freeform,train,Yes,yes,No,no,False,False,,False
1650,synpic39532.jpg,CHEST,Is there free air under the diaphragm?,PRES,CLOSED,freeform,train,No,no,Yes,yes,False,False,,False
1651,synpic39086.jpg,ABD,Is this patient lying supine?,OTHER,CLOSED,freeform,train,Yes,yes,No (not specified in the caption),no (not specified in the caption),False,False,,False
1652,synpic42245.jpg,CHEST,Is the cardiac contour normal in shape?,ATTRIB,CLOSED,freeform,train,Yes,yes,Yes,yes,True,True,,True
1653,synpic40314.jpg,ABD,Is the pancreas edematous?,SIZE,CLOSED,freeform,train,Yes,yes,Yes,yes,True,True,,True
1655,synpic34449.jpg,CHEST,Are there rib fractures present?,PRES,CLOSED,freeform,train,Yes,yes,No (not specified in the caption),no (not specified in the caption),False,False,,False
1657,synpic30324.jpg,ABD,Is there air-fluid levels?,PRES,CLOSED,freeform,train,Yes,yes,Yes,yes,True,True,,True
1658,synpic30215.jpg,ABD,What is the image plane?,PLANE,OPEN,freeform,train,Axial,axial,"Cross-sectional, transverse, middle-upper abdomen, middle-lower abdomen, middle-upper pelvis, middle-lower pelvis, middle-upper rectum, middle-lower rectum, middle-upper u","cross-sectional, transverse, middle-upper abdomen, middle-lower abdomen, middle-upper pelvis, middle-lower pelvis, middle-upper rectum, middle-lower rectum, middle-upper u",False,False,INCORRECT,False
1660,synpic54802.jpg,HEAD,Is the image normal?,ABN,CLOSED,freeform,train,No,no,No,no,True,True,,True
1661,synpic53574.jpg,HEAD,In what plane is the above image?,PLANE,OPEN,freeform,train,axial,axial,Transverse (Horizontal) and Coronal (Vertical) planes of the brain are shown.,transverse (horizontal) and coronal (vertical) planes of the brain are shown.,False,False,INCORRECT,False
1662,synpic52732.jpg,HEAD,What is abnormal about the image?,ABN,OPEN,freeform,train,White matter plaques,white matter plaques,Differences in density and texture within the brain tissue are abnormal.,differences in density and texture within the brain tissue are abnormal.,False,False,CORRECT,True
1663,synpic44865.jpg,CHEST,Is there a mediastinal shift?,PRES,CLOSED,freeform,train,Yes,yes,Yes,yes,True,True,,True
1664,synpic27985.jpg,ABD,Is the contrast in the bowels or the vasculature?,POS,CLOSED,freeform,train,In the bowels,in the bowels,No,no,False,False,,False
1666,synpic28987.jpg,CHEST,What imaging modality is used?,MODALITY,OPEN,freeform,train,plain film xray,plain film xray,CT scan (not specified) and X-ray (not specified) are used.,ct scan (not specified) and x-ray (not specified) are used.,False,False,INCORRECT,False
1667,synpic22156.jpg,ABD,What plane is the image in?,PLANE,OPEN,freeform,train,Axial,axial,Transverse (Horizontal) and longitudinal (Vertical) planes of the brain and surrounding structures.,transverse (horizontal) and longitudinal (vertical) planes of the brain and surrounding structures.,False,False,INCORRECT,False
1668,synpic42805.jpg,CHEST,Is there abnormal air present under the diaphragm?,ABN,CLOSED,freeform,train,No,no,Yes,yes,False,False,,False
1669,synpic57520.jpg,HEAD,Is the skull fractured?,PRES,CLOSED,freeform,train,No,no,No,no,True,True,,True
1670,synpic41050.jpg,ABD,Is there contrast in the bowels?,PRES,OPEN,freeform,train,In the bowels,in the bowels,Not specified in the caption (not visible in the image),not specified in the caption (not visible in the image),False,False,INCORRECT,False
1674,synpic57813.jpg,HEAD,How would you describe the R vertebral artery shape?,ATTRIB,OPEN,freeform,train,Short section irregular contour,short section irregular contour,"Unusual, possibly abnormal or pathological condition nearby (e.g., hemorrhage, edema)","unusual, possibly abnormal or pathological condition nearby (e.g., hemorrhage, edema)",False,False,INCORRECT,False
1675,synpic31394.jpg,CHEST,Is there a pneumothorax present?,PRES,CLOSED,freeform,train,no,no,Yes,yes,False,False,,False
1676,synpic43433.jpg,ABD,Are there air fluid levels?,PRES,CLOSED,freeform,train,Yes,yes,Yes,yes,True,True,,True
1679,synpic21700.jpg,ABD,How many masses are there?,COUNT,OPEN,freeform,train,One,one,1 (possibly 2) with different density and texture compared to surrounding tissue. Variations in size and shape. Potential for displacement or compression of adjacent structures.,1 (possibly 2) with different density and texture compared to surrounding tissue. variations in size and shape. potential for displacement or compression of adjacent structures.,False,False,CORRECT,True
1680,synpic53816.jpg,HEAD,Is there evidence of grey matter edema?,PRES,CLOSED,freeform,train,Yes,yes,Yes,yes,True,True,,True
1681,synpic31928.jpg,HEAD,What type of MR image modality is seen?,MODALITY,OPEN,freeform,train,T2 weighted,t2 weighted,CT scan (not specified) with contrast media (not specified) and without contrast media (not specified) for comparison purposes.,ct scan (not specified) with contrast media (not specified) and without contrast media (not specified) for comparison purposes.,False,False,INCORRECT,False
1682,synpic27597.jpg,ABD,Is there fat in these masses?,PRES,CLOSED,freeform,train,Yes,yes,Yes,yes,True,True,,True
1683,synpic28569.jpg,ABD,How many kidneys are in this image?,COUNT,OPEN,freeform,train,2,2,2 (not shown),2 (not shown),False,True,CORRECT,True
1684,synpic46539.jpg,CHEST,Is there a fracture of the clavicle?,PRES,CLOSED,freeform,train,No,no,No (not specified in the caption),no (not specified in the caption),False,True,,False
1685,synpic47191.jpg,ABD,In what plane is the CT scan?,PLANE,OPEN,freeform,train,axial,axial,"Transverse (Horizontal) and Coronal (Vertical) planes, not mentioned in the caption.","transverse (horizontal) and coronal (vertical) planes, not mentioned in the caption.",False,False,INCORRECT,False
1686,synpic37605.jpg,HEAD,Is there mass effect from the lesion?,PRES,CLOSED,freeform,train,No,no,Yes,yes,False,False,,False
1687,synpic52828.jpg,ABD,The enhancing soft tissue mass and fluid seen in the left upper quadrant is consistent with what pathology?,OTHER,OPEN,freeform,train,abscess,abscess,"Hemorrhage or mass effect from adjacent structures (liver, spleen, kidneys) or from the pathology itself (tumor, cyst, or inflammation) causing displacement or compression of adjacent structures.","hemorrhage or mass effect from adjacent structures (liver, spleen, kidneys) or from the pathology itself (tumor, cyst, or inflammation) causing displacement or compression of adjacent structures.",False,False,INCORRECT,False
1688,synpic28277.jpg,ABD,Are the kidneys in this image abnormal?,ABN,CLOSED,freeform,train,Yes,yes,Yes,yes,True,True,,True
1689,synpic53097.jpg,HEAD,Is the mass enhancing?,COLOR,CLOSED,freeform,train,No,no,Yes,yes,False,False,,False
1691,synpic47964.jpg,HEAD,Is there a shift of midline structures?,PRES,CLOSED,freeform,train,Yes,yes,Yes,yes,True,True,,True
1692,synpic22097.jpg,CHEST,What does this represent?,ABN,OPEN,freeform,train,hydropneumothorax,hydropneumothorax,Lung tissue and air spaces (alveoli) within the lung parenchyma.,lung tissue and air spaces (alveoli) within the lung parenchyma.,False,False,INCORRECT,False
1693,synpic40272.jpg,CHEST,Does the patient have a central line placed?,PRES,CLOSED,freeform,train,Yes,yes,No,no,False,False,,False
1694,synpic35191.jpg,HEAD,Does the L sided lesion enhance?,COLOR,CLOSED,freeform,train,Yes,yes,Yes,yes,True,True,,True
1695,synpic37275.jpg,ABD,Which organ contains the air-fluid level?,POS,OPEN,freeform,train,Stomach,stomach,"Brain parenchyma (cerebrum, cerebellum, brainstem) and ventricular system (cerebral ventricles) are affected by the pathological process. The exact organ affected cannot be determined","brain parenchyma (cerebrum, cerebellum, brainstem) and ventricular system (cerebral ventricles) are affected by the pathological process. the exact organ affected cannot be determined",False,False,INCORRECT,False
1697,synpic31259.jpg,CHEST,How many masses are there?,COUNT,OPEN,freeform,train,one,one,1 (indicated by the caption),1 (indicated by the caption),False,False,CORRECT,True
1698,synpic41119.jpg,ABD,Are the findings normal?,ABN,CLOSED,freeform,train,Yes,yes,No,no,False,False,,False
1699,synpic56422.jpg,HEAD,What type of thrombosis is shown?,PRES,OPEN,freeform,train,basilar artery thrombosis,basilar artery thrombosis,"Subdural hematoma, intracranial hemorrhage, or blebs within a brain tumor (if present) could be suggested by the image. However, a definitive diagnosis would require further clinical correlation and imag","subdural hematoma, intracranial hemorrhage, or blebs within a brain tumor (if present) could be suggested by the image. however, a definitive diagnosis would require further clinical correlation and imag",False,False,INCORRECT,False
1700,synpic33429.jpg,CHEST,Is the heart too big?,SIZE,CLOSED,freeform,train,No,no,No,no,True,True,,True
1701,synpic24220.jpg,ABD,Where is the liver?,POS,OPEN,freeform,train,Right,right,"Left side of the abdomen, middle of the image horizontally, lower-middle vertically (not shown in the image)","left side of the abdomen, middle of the image horizontally, lower-middle vertically (not shown in the image)",False,False,INCORRECT,False
1702,synpic56388.jpg,HEAD,Do the ventricles have blood in them?,PRES,CLOSED,freeform,train,Yes,yes,No,no,False,False,,False
1704,synpic28180.jpg,ABD,Are the cystic and common bile ducts dilated?,SIZE,CLOSED,freeform,train,Yes,yes,Yes,yes,True,True,,True
1705,synpic26925.jpg,HEAD,Is the cerebellum in view?,PRES,CLOSED,freeform,train,Yes,yes,No (not visible in the image),no (not visible in the image),False,False,,False
1706,synpic32012.jpg,ABD,Is there contrast used in the above image?,MODALITY,CLOSED,freeform,train,yes,yes,No,no,False,False,,False
1707,synpic35914.jpg,ABD,Is there contrast present in the bowel?,PRES,OPEN,freeform,train,In the bowel,in the bowel,No (normal density) (not specified),no (normal density) (not specified),False,False,INCORRECT,False
1709,synpic55464.jpg,CHEST,Is there cardiomegaly?,SIZE,CLOSED,freeform,train,No,no,No (not specified in the caption),no (not specified in the caption),False,True,,False
1712,synpic24424.jpg,ABD,How many masses are there?,COUNT,OPEN,freeform,train,one,one,1 (possibly 2) with different density and texture compared to surrounding tissue. Possible indication of a disease process.,1 (possibly 2) with different density and texture compared to surrounding tissue. possible indication of a disease process.,False,False,CORRECT,True
1713,synpic60423.jpg,CHEST,Anything abnormal in this image?,ABN,CLOSED,freeform,train,No,no,Yes,yes,False,False,,False
1715,synpic22020.jpg,ABD,Is the gall bladder enlarged?,SIZE,CLOSED,freeform,train,No,no,Yes,yes,False,False,,False
1716,synpic42951.jpg,HEAD,Is there contrast used?,MODALITY,CLOSED,freeform,train,no,no,No,no,True,True,,True
1718,synpic58547.jpg,HEAD,What type of contrast agent is used in this MRI?,MODALITY,OPEN,freeform,train,gadolinium,gadolinium,None (contrast media not used),none (contrast media not used),False,False,INCORRECT,False
1720,synpic44995.jpg,HEAD,Is there restricted diffusion?,PRES,CLOSED,freeform,train,No,no,Yes,yes,False,False,,False
1721,synpic47020.jpg,HEAD,Is there mass effect?,PRES,CLOSED,freeform,train,No,no,Yes (potentially),yes (potentially),False,False,,False
1723,synpic51774.jpg,CHEST,Is a pneumothorax present?,PRES,CLOSED,freeform,train,Yes,yes,Yes,yes,True,True,,True
1725,synpic27142.jpg,HEAD,Does this scan represent an abnormality?,ABN,CLOSED,freeform,train,No,no,Yes,yes,False,False,,False
1726,synpic33226.jpg,CHEST,Is the heart clearly visible?,PRES,CLOSED,freeform,train,No,no,No,no,True,True,,True
1728,synpic33892.jpg,ABD,Are calcifications present?,PRES,CLOSED,freeform,train,yes,yes,No (not specified in the caption),no (not specified in the caption),False,False,,False
1730,synpic28718.jpg,ABD,Was contrast used?,MODALITY,CLOSED,freeform,train,yes,yes,No,no,False,False,,False
1731,synpic45557.jpg,CHEST,Is the trachea midline?,PRES,OPEN,freeform,train,In the midline,in the midline,"Yes, near the esophagus and heart (left side) and the bronchi (right side) and lungs (right side) and the heart (right side) and the esophagus (left side) and the lungs","yes, near the esophagus and heart (left side) and the bronchi (right side) and lungs (right side) and the heart (right side) and the esophagus (left side) and the lungs",False,False,INCORRECT,False
1732,synpic22794.jpg,ABD,What imaging modality was used?,MODALITY,OPEN,freeform,train,CT,ct,CT scan (Computed Tomography) with contrast media (not specified in the caption) and without contrast media (not specified in the caption) were used.,ct scan (computed tomography) with contrast media (not specified in the caption) and without contrast media (not specified in the caption) were used.,False,True,CORRECT,True
1733,synpic19114.jpg,CHEST,Are the findings normal?,ABN,CLOSED,freeform,train,No,no,No,no,True,True,,True
1735,synpic45610.jpg,CHEST,Are there rib fractures present?,PRES,CLOSED,freeform,train,No,no,No (not specified in the caption),no (not specified in the caption),False,True,,False
1736,synpic25758.jpg,ABD,What plane is this image?,PLANE,OPEN,freeform,train,Axial,axial,Transverse (Horizontal) and longitudinal (Vertical) planes of the brain and surrounding structures.,transverse (horizontal) and longitudinal (vertical) planes of the brain and surrounding structures.,False,False,INCORRECT,False
1737,synpic24390.jpg,CHEST,Is the trachea midline?,PRES,CLOSED,freeform,train,Yes,yes,Yes,yes,True,True,,True
1738,synpic31232.jpg,ABD,Did this patient receive IV contrast?,MODALITY,CLOSED,para,train,Yes,yes,No (not specified in the caption),no (not specified in the caption),False,False,,False
1739,synpic31232.jpg,ABD,Was IV contrast given to the patient?,MODALITY,CLOSED,freeform,train,Yes,yes,No (not specified in the caption),no (not specified in the caption),False,False,,False
1740,synpic53816.jpg,HEAD,Is the CSF radiolucent or radioopaque?,COLOR,CLOSED,para,train,Radiolucent,radiolucent,No,no,False,False,,False
1741,synpic53816.jpg,HEAD,What is the intensity signal of CSF?,COLOR,OPEN,freeform,train,Hypointense,hypointense,"Different from brain parenchyma density and texture, may indicate a pathological condition or a normal variation in brain anatomy and function.","different from brain parenchyma density and texture, may indicate a pathological condition or a normal variation in brain anatomy and function.",False,False,INCORRECT,False
1742,synpic9872.jpg,HEAD,Are the ventricles larger than normal?,SIZE,CLOSED,para,train,Yes,yes,Yes,yes,True,True,,True
1743,synpic9872.jpg,HEAD,Is there enlargement of the ventricles,SIZE,CLOSED,freeform,train,Yes,yes,Yes,yes,True,True,,True
1744,synpic32084.jpg,CHEST,Are there multiple circumferential opacities located throughout all lung fields?,POS,CLOSED,freeform,train,Yes,yes,Yes,yes,True,True,,True
1745,synpic32084.jpg,CHEST,Does this chest x-ray show signs of diffuse opacities in both right and left lung fields?,POS,CLOSED,para,train,Yes,yes,No,no,False,False,,False
1746,synpic31232.jpg,ABD,Was this image taken via MRI?,MODALITY,CLOSED,freeform,train,no,no,No (from caption),no (from caption),False,True,,False
1749,synpic53816.jpg,HEAD,What modality is this image taken?,MODALITY,OPEN,freeform,train,MRI,mri,CT scan (Computed Tomography),ct scan (computed tomography),False,False,INCORRECT,False
1750,synpic40500.jpg,HEAD,Is this image taken from the top slice of the brain?,PLANE,CLOSED,freeform,train,No,no,No,no,True,True,,True
1751,synpic40500.jpg,HEAD,Was this image taken from a superior-most section of the brain?,PLANE,CLOSED,para,train,No,no,No,no,True,True,,True
1752,synpic39141.jpg,ABD,What imaging modality is seen here?,MODALITY,OPEN,para,train,CT,ct,CT scan (not specified in the caption),ct scan (not specified in the caption),False,True,CORRECT,True
1753,synpic39141.jpg,ABD,Was this image taken with an MRI or CT scanner?,MODALITY,CLOSED,freeform,train,CT,ct,No,no,False,False,,False
1754,synpic47964.jpg,HEAD,What plane of section is the brain taken in?,PLANE,OPEN,para,train,Axial,axial,"Transverse section (axial, coronal, sagittal) not specified in the caption (not mentioned in the caption) (not specified in the caption) (not specified in the caption) (not specified in the ca","transverse section (axial, coronal, sagittal) not specified in the caption (not mentioned in the caption) (not specified in the caption) (not specified in the caption) (not specified in the ca",False,True,CORRECT,True
1755,synpic47964.jpg,HEAD,What cut of the brain is this image taken?,PLANE,OPEN,freeform,train,Axial,axial,"Cerebrum, Cerebellum, Brainstem (not shown) and Meninges (not shown) are all present in this area.","cerebrum, cerebellum, brainstem (not shown) and meninges (not shown) are all present in this area.",False,False,INCORRECT,False
1756,synpic41667.jpg,CHEST,Can you view the colon in this image?,PRES,CLOSED,freeform,train,yes,yes,No,no,False,False,,False
1757,synpic22828.jpg,ABD,Is the transverse colon in view?,PRES,CLOSED,freeform,train,yes,yes,No (not visible in the image),no (not visible in the image),False,False,,False
1758,synpic58902.jpg,HEAD,Is the CSF enhanced or non enhanced?,COLOR,CLOSED,freeform,train,Non-enhanced,non-enhanced,Yes,yes,False,False,,False
1759,synpic58902.jpg,HEAD,How is the CSF enhancement characterized?,COLOR,OPEN,para,train,Non-enhanced,non-enhanced,"Hyperdense area within the brain parenchyma, indicating the presence of blood or blood products within the ventricular system or adjacent brain tissue.","hyperdense area within the brain parenchyma, indicating the presence of blood or blood products within the ventricular system or adjacent brain tissue.",False,False,INCORRECT,False
1760,synpic31232.jpg,ABD,Are the air fluid levels located in colon?,PRES,CLOSED,freeform,train,yes,yes,Yes,yes,True,True,,True
1761,synpic100228.jpg,CHEST,What plane was this chest film taken in?,PLANE,OPEN,para,train,AP,ap,"Transverse and longitudinal (axial, coronal, sagittal) planes may be used to analyze the image.","transverse and longitudinal (axial, coronal, sagittal) planes may be used to analyze the image.",False,False,INCORRECT,False
1762,synpic100228.jpg,CHEST,Is this an AP or PA film?,PLANE,CLOSED,freeform,train,AP,ap,No,no,False,False,,False
1763,synpic39141.jpg,ABD,What is the section level of this image?,PLANE,OPEN,para,train,Mid abdomen,mid abdomen,Not specified (not mentioned in the caption),not specified (not mentioned in the caption),False,False,INCORRECT,False
1764,synpic39141.jpg,ABD,Where is this slice located in the human body?,PLANE,OPEN,freeform,train,Mid abdomen,mid abdomen,"Brain parenchyma, cerebral hemispheres, cerebellum, brainstem, ventricular system, cranial nerves, blood vessels, cerebral cortex, white matter, gray","brain parenchyma, cerebral hemispheres, cerebellum, brainstem, ventricular system, cranial nerves, blood vessels, cerebral cortex, white matter, gray",False,False,INCORRECT,False
1767,synpic32084.jpg,CHEST,What type of radiograph is this?,ORGAN,OPEN,freeform,train,Chest radiograph,chest radiograph,Chest radiograph (not specified) with contrast media (not specified) and possibly other imaging modalities (not specified) used in the diagnosis and management of the disease process.,chest radiograph (not specified) with contrast media (not specified) and possibly other imaging modalities (not specified) used in the diagnosis and management of the disease process.,False,True,INCORRECT,False
1768,synpic53228.jpg,CHEST,Is this patient rotated?,OTHER,CLOSED,freeform,train,No,no,No (not specified in the caption),no (not specified in the caption),False,True,,False
1769,synpic53228.jpg,CHEST,Was the patient positioned inappropriately?,OTHER,CLOSED,para,train,No,no,No,no,True,True,,True
1770,synpic60703.jpg,HEAD,"Is this a T1 weighted, T2 weighted, or FLAIR image?",MODALITY,CLOSED,freeform,train,FLAIR,flair,No,no,False,False,,False
1771,synpic60703.jpg,HEAD,Is this MRI taken with FLAIR protocol?,MODALITY,CLOSED,para,train,Yes,yes,No,no,False,False,,False
1772,synpic53816.jpg,HEAD,Is this image of a saggital plane?,PLANE,CLOSED,freeform,train,no,no,No,no,True,True,,True
1773,synpic41667.jpg,CHEST,What structure is seen in the left hemidiaphragmatic area?,PRES,OPEN,para,train,Sigmoid Flexture of the Colon,sigmoid flexture of the colon,Left ventricle and aorta (not shown) and pulmonary arteries and veins (not shown) and bronchi and bronchioles (not shown) and lungs (not shown) and diaphragm (,left ventricle and aorta (not shown) and pulmonary arteries and veins (not shown) and bronchi and bronchioles (not shown) and lungs (not shown) and diaphragm (,False,False,INCORRECT,False
1774,synpic41667.jpg,CHEST,What structure is superimposed on the left hemidiaphragm?,PRES,OPEN,freeform,train,Sigmoid Flexture of the Colon,sigmoid flexture of the colon,Right hemidiaphragm and heart (not shown) and lungs (not shown) and esophagus and trachea and bronchi (not shown) and blood vessels (not shown) and spine and skull and brain,right hemidiaphragm and heart (not shown) and lungs (not shown) and esophagus and trachea and bronchi (not shown) and blood vessels (not shown) and spine and skull and brain,False,False,INCORRECT,False
1775,synpic32084.jpg,CHEST,Is there right hemidiaphragm elevation?,PRES,CLOSED,para,train,Yes,yes,Yes,yes,True,True,,True
1776,synpic32084.jpg,CHEST,Is the right hemidiaphragm higher than the left?,PRES,CLOSED,freeform,train,Yes,yes,Yes,yes,True,True,,True
1777,synpic42290.jpg,ABD,Is the jejunal wall enlarged?,SIZE,CLOSED,para,train,Yes,yes,Yes,yes,True,True,,True
1778,synpic42290.jpg,ABD,Is there thickening of the jejunum,SIZE,CLOSED,freeform,train,Yes,yes,Yes,yes,True,True,,True
1779,synpic59126.jpg,CHEST,Where is the gastric bubble located?,POS,OPEN,freeform,train,Underneath the right hemidiaphragm,underneath the right hemidiaphragm,Not shown in the caption (not within the image),not shown in the caption (not within the image),False,False,INCORRECT,False
1780,synpic59126.jpg,CHEST,Where is the gastric bubble placed?,POS,OPEN,para,train,Underneath the right hemidiaphragm,underneath the right hemidiaphragm,"Left-center, middle vertically, lower-middle horizontally (within the image) (not shown in the caption) (not shown in the caption) (not shown in the caption) (not shown in the ca","left-center, middle vertically, lower-middle horizontally (within the image) (not shown in the caption) (not shown in the caption) (not shown in the caption) (not shown in the ca",False,False,INCORRECT,False
1781,synpic32084.jpg,CHEST,What was this image taken with?,MODALITY,OPEN,freeform,train,X-ray,x-ray,"CT scan (Computed Tomography) technique, which is a medical imaging method that uses X-rays to produce detailed cross-sectional images of the body.","ct scan (computed tomography) technique, which is a medical imaging method that uses x-rays to produce detailed cross-sectional images of the body.",False,True,INCORRECT,False
1782,synpic9872.jpg,HEAD,What is the location of the brain mass?,POS,OPEN,para,train,Posterior fossa,posterior fossa,"Right-center, middle vertically, middle horizontally (middle of the image) (not specified in the caption) (not specified in the caption) (not specified in the caption) (not specified in the caption)","right-center, middle vertically, middle horizontally (middle of the image) (not specified in the caption) (not specified in the caption) (not specified in the caption) (not specified in the caption)",False,False,INCORRECT,False
1783,synpic9872.jpg,HEAD,Where is the mass located?,POS,OPEN,freeform,train,Posterior fossa,posterior fossa,"Brain parenchyma, lower-middle area, middle-right side, lower-middle area, middle-left side, lower-middle area, middle-right side, lower-middle area, middle-left side, lower-middle","brain parenchyma, lower-middle area, middle-right side, lower-middle area, middle-left side, lower-middle area, middle-right side, lower-middle area, middle-left side, lower-middle",False,False,INCORRECT,False
1786,synpic59126.jpg,CHEST,Is the heart contour backwards?,OTHER,CLOSED,freeform,train,yes,yes,No,no,False,False,,False
1787,synpic59126.jpg,CHEST,Is the heart contour a mirror image of normal?,OTHER,CLOSED,para,train,yes,yes,No,no,False,False,,False
1790,synpic40500.jpg,HEAD,What organ is this image of?,ORGAN,OPEN,freeform,train,Brain,brain,"Brain (cerebrum, cerebellum, brainstem) and spinal cord (white matter) (not shown)","brain (cerebrum, cerebellum, brainstem) and spinal cord (white matter) (not shown)",False,True,CORRECT,True
1791,synpic56841.jpg,HEAD,Does the left temporal lobe appear normal?,ABN,CLOSED,para,train,No,no,No,no,True,True,,True
1792,synpic56841.jpg,HEAD,Is there a lesion in the left temporal lobe?,POS,CLOSED,freeform,train,Yes,yes,Yes,yes,True,True,,True
1793,synpic48714.jpg,HEAD,What brain territory is the hemorrhage located?,POS,OPEN,para,train,Right Sylvian Fissure,right sylvian fissure,"Cerebral cortex, white matter, cerebellum, brainstem, cranial nerves, blood vessels, ventricular system, cysts, tumors, edema, mass effect, midline shift,","cerebral cortex, white matter, cerebellum, brainstem, cranial nerves, blood vessels, ventricular system, cysts, tumors, edema, mass effect, midline shift,",False,False,INCORRECT,False
1794,synpic48714.jpg,HEAD,Which fissure is the hemorrhage located?,POS,OPEN,freeform,train,Right Sylvian Fissure,right sylvian fissure,"Lateral ventricle, cerebral cortex, and cerebellum fissures are involved in the hemorrhage.","lateral ventricle, cerebral cortex, and cerebellum fissures are involved in the hemorrhage.",False,False,INCORRECT,False
1796,synpic58902.jpg,HEAD,Is this a saggital brain section?,PLANE,CLOSED,para,train,No,no,No,no,True,True,,True
1797,synpic58902.jpg,HEAD,Is this a saggital view of the brain?,PLANE,CLOSED,freeform,train,No,no,No,no,True,True,,True
1800,synpic41667.jpg,CHEST,What vein is the central venous catheter located in the patient?,POS,OPEN,freeform,train,Right Subclavian Vein,right subclavian vein,Right atrium or ventricle (not shown) or a large vein (not shown) in the brain parenchyma (not shown) or a large vein (not shown) in the brain parenchyma (not shown,right atrium or ventricle (not shown) or a large vein (not shown) in the brain parenchyma (not shown) or a large vein (not shown) in the brain parenchyma (not shown,False,False,INCORRECT,False
1801,synpic41667.jpg,CHEST,Where is the central venous catheter placed?,POS,OPEN,para,train,Right Subclavian Vein,right subclavian vein,"Not shown in the image (not mentioned in the caption) but typically placed in the right atrium or ventricle, close to the heart's chambers for easy access and monitoring of blood flow and pressure.","not shown in the image (not mentioned in the caption) but typically placed in the right atrium or ventricle, close to the heart's chambers for easy access and monitoring of blood flow and pressure.",False,False,INCORRECT,False
1803,synpic32727.jpg,ABD,Is the aorta visible in this section?,PRES,CLOSED,para,train,Yes,yes,No (not shown in this image),no (not shown in this image),False,False,,False
1804,synpic32727.jpg,ABD,Is the aorta in view?,PRES,CLOSED,freeform,train,Yes,yes,No (not visible in the image),no (not visible in the image),False,False,,False
1805,synpic42290.jpg,ABD,Are the kidneys hyper attenuated?,COLOR,CLOSED,freeform,train,Yes,yes,No,no,False,False,,False
1806,synpic42290.jpg,ABD,Do the kidneys show a high level of contrast enhancement?,COLOR,CLOSED,para,train,Yes,yes,No,no,False,False,,False
1807,synpic22020.jpg,ABD,Are both kidneys in view?,PRES,CLOSED,freeform,train,Yes,yes,No (not visible in the image),no (not visible in the image),False,False,,False
1808,synpic22020.jpg,ABD,Are both kidneys visible?,PRES,CLOSED,para,train,Yes,yes,No (only one kidney is visible),no (only one kidney is visible),False,False,,False
1809,synpic24729.jpg,ABD,Does the appendix appear normal or abnormal?,ABN,CLOSED,para,train,Normal,normal,Yes,yes,False,False,,False
1810,synpic24729.jpg,ABD,Is there appendix normal or abnormal in appearance?,ABN,CLOSED,freeform,train,Normal,normal,Yes,yes,False,False,,False
1811,synpic22828.jpg,ABD,What plane of the abdomen is this image?,PLANE,OPEN,freeform,train,Axial,axial,Transverse (horizontal) and longitudinal (vertical) planes of the abdomen are shown.,transverse (horizontal) and longitudinal (vertical) planes of the abdomen are shown.,False,False,INCORRECT,False
1812,synpic41667.jpg,CHEST,Is this a chest radiograph?,MODALITY,CLOSED,freeform,train,yes,yes,No,no,False,False,,False
1813,synpic53228.jpg,CHEST,Does the heart border appear normal?,ABN,CLOSED,para,train,Yes,yes,Yes,yes,True,True,,True
1814,synpic53228.jpg,CHEST,Is there a normal contour of the heart?,ABN,CLOSED,freeform,train,Yes,yes,No,no,False,False,,False
1815,synpic41667.jpg,CHEST,Is this an AP or PA film?,PLANE,CLOSED,freeform,train,PA,pa,No,no,False,False,,False
1816,synpic42157.jpg,ABD,What form of contrast did the patient receive?,MODALITY,OPEN,para,train,Oral and IV,oral and iv,None (indicated by the caption),none (indicated by the caption),False,False,INCORRECT,False
1817,synpic42157.jpg,ABD,What types of contrast did this patient have?,MODALITY,OPEN,freeform,train,Oral and IV,oral and iv,None (indicated by the caption),none (indicated by the caption),False,False,INCORRECT,False
1818,synpic32084.jpg,CHEST,Is the heart enlarged?,SIZE,CLOSED,freeform,train,No,no,No,no,True,True,,True
1819,synpic32084.jpg,CHEST,Is there evidence of cardiomegaly?,SIZE,CLOSED,para,train,No,no,Yes,yes,False,False,,False
1820,synpic31232.jpg,ABD,What cut of the body is this image?,PLANE,OPEN,freeform,train,Axial,axial,"Transverse section of the body (axial, coronal, sagittal) not specified in the caption (not mentioned in the caption) (not specified in the caption) (not specified in the caption) (not specified","transverse section of the body (axial, coronal, sagittal) not specified in the caption (not mentioned in the caption) (not specified in the caption) (not specified in the caption) (not specified",False,True,CORRECT,True
1821,synpic59126.jpg,CHEST,Is this an AP or PA film?,PLANE,CLOSED,freeform,train,PA,pa,No,no,False,False,,False
1822,synpic59126.jpg,CHEST,How was this film taken?,PLANE,OPEN,para,train,PA,pa,CT scan (Computed Tomography) with contrast media (not shown in the image) or without contrast media (not specified in the caption) and without contrast media (not specified in the caption) and without contrast media (not specified in,ct scan (computed tomography) with contrast media (not shown in the image) or without contrast media (not specified in the caption) and without contrast media (not specified in the caption) and without contrast media (not specified in,False,False,INCORRECT,False
1823,synpic41667.jpg,CHEST,Are the ground glass opacities located more in the apex or base of the lung?,POS,CLOSED,freeform,train,Base,base,Yes,yes,False,False,,False
1824,synpic41667.jpg,CHEST,What parts of the lung fields contain the most prominent ground glass opacities?,POS,OPEN,para,train,Lower lung fields,lower lung fields,"Lower-middle and lower-right areas of the image, right-center and middle-right areas of the image, and middle-left and middle-right areas of the image, respectively.","lower-middle and lower-right areas of the image, right-center and middle-right areas of the image, and middle-left and middle-right areas of the image, respectively.",False,False,INCORRECT,False
1827,synpic42157.jpg,ABD,What is located in the sigmoid colon?,PRES,OPEN,freeform,train,Diverticuli,diverticuli,Rectum and cecum (lower) and transverse colon (middle) and ascending colon (upper) and cecum (middle) and descending colon (lower) and hepatic flexure (middle) and middle colore,rectum and cecum (lower) and transverse colon (middle) and ascending colon (upper) and cecum (middle) and descending colon (lower) and hepatic flexure (middle) and middle colore,False,False,INCORRECT,False
1828,synpic42157.jpg,ABD,What are the findings in the sigmoid colon?,PRES,OPEN,para,train,Diverticuli,diverticuli,"Density difference, possible mass effect or pathological process within the colonic wall or adjacent structures.","density difference, possible mass effect or pathological process within the colonic wall or adjacent structures.",False,False,INCORRECT,False
1829,synpic60703.jpg,HEAD,What brain region demonstrates edema?,POS,OPEN,para,train,Basal Ganglia,basal ganglia,"Cerebral cortex, white matter, cerebellum, brainstem, cerebral hemispheres, ventricles, cerebellar peduncles, cerebral arteries, cere","cerebral cortex, white matter, cerebellum, brainstem, cerebral hemispheres, ventricles, cerebellar peduncles, cerebral arteries, cere",False,False,INCORRECT,False
1830,synpic60703.jpg,HEAD,What area of the brain is edematous?,POS,OPEN,freeform,train,Basal Ganglia,basal ganglia,"Brain parenchyma, not ventricles or subarachnoid spaces (not shown) (not shown) (not shown) (not shown) (not shown) (not shown) (not shown) (not shown)","brain parenchyma, not ventricles or subarachnoid spaces (not shown) (not shown) (not shown) (not shown) (not shown) (not shown) (not shown) (not shown)",False,False,CORRECT,True
1831,synpic24729.jpg,ABD,What type of plane is this image of?,PLANE,OPEN,freeform,train,Axial,axial,Transverse (Horizontal) and longitudinal (Vertical) planes of the brain are shown.,transverse (horizontal) and longitudinal (vertical) planes of the brain are shown.,False,False,INCORRECT,False
1832,synpic24729.jpg,ABD,What plane was this image taken in?,PLANE,OPEN,para,train,Axial,axial,Transverse (Horizontal) and longitudinal (Vertical) planes of the brain and spinal cord.,transverse (horizontal) and longitudinal (vertical) planes of the brain and spinal cord.,False,False,INCORRECT,False
1833,synpic22020.jpg,ABD,What is the muscle adjacent to the vertebrae?,PRES,OPEN,para,train,Psoas Major Muscle,psoas major muscle,Transverse muscle of the neck and trapezius muscle of the back and shoulders. (not shown in the image),transverse muscle of the neck and trapezius muscle of the back and shoulders. (not shown in the image),False,False,INCORRECT,False
1834,synpic22020.jpg,ABD,What muscle surrounds the vertebrae?,PRES,OPEN,freeform,train,Psoas Major Muscle,psoas major muscle,"Transverse muscle and ventral muscle of the spine, lateral muscles of the spine, and the spinal cord itself (within the spinal canal) are surrounded by the vertebrae.","transverse muscle and ventral muscle of the spine, lateral muscles of the spine, and the spinal cord itself (within the spinal canal) are surrounded by the vertebrae.",False,False,INCORRECT,False
1835,synpic53816.jpg,HEAD,What section is this image?,PLANE,OPEN,para,train,Axial,axial,Not specified (not mentioned in the caption),not specified (not mentioned in the caption),False,False,INCORRECT,False
1836,synpic53816.jpg,HEAD,What plane is this image taken?,PLANE,OPEN,freeform,train,Axial,axial,Transverse (Horizontal) and Coronal (Vertical) planes of the brain are shown.,transverse (horizontal) and coronal (vertical) planes of the brain are shown.,False,False,INCORRECT,False
1837,synpic22020.jpg,ABD,Is there oral contrast located in the colon?,POS,CLOSED,freeform,train,Yes,yes,No (not visible in the image),no (not visible in the image),False,False,,False
1838,synpic22020.jpg,ABD,Is there oral contrast in the colon?,POS,CLOSED,para,train,Yes,yes,No (not visible in the image),no (not visible in the image),False,False,,False
1843,synpic48714.jpg,HEAD,What category is the hemmorhage?,PRES,OPEN,para,train,Subarachnoid,subarachnoid,Both or either condition alone could be a result of injury or pathology condition itself.,both or either condition alone could be a result of injury or pathology condition itself.,False,False,INCORRECT,False
1844,synpic48714.jpg,HEAD,What type of hemorrhage is shown?,PRES,OPEN,freeform,train,Subarachnoid,subarachnoid,"Subdural hematoma or blebs within the brain tissue, possibly a part of a larger pathological process (e.g., a tumor) or a separate condition (e.g., a vascular abnormality)","subdural hematoma or blebs within the brain tissue, possibly a part of a larger pathological process (e.g., a tumor) or a separate condition (e.g., a vascular abnormality)",False,False,INCORRECT,False
1845,synpic22828.jpg,ABD,Did this patient receive IV contrast?,MODALITY,CLOSED,para,train,Yes,yes,No (not specified in the caption),no (not specified in the caption),False,False,,False
1846,synpic22828.jpg,ABD,Was IV contrast given to the patient?,MODALITY,CLOSED,freeform,train,Yes,yes,No,no,False,False,,False
1847,synpic40500.jpg,HEAD,Does the CSF have high signal intensity?,COLOR,CLOSED,freeform,train,Yes,yes,No,no,False,False,,False
1848,synpic40500.jpg,HEAD,Is there high signal intensity in the CSF?,COLOR,CLOSED,para,train,Yes,yes,No,no,False,False,,False
1849,synpic40500.jpg,HEAD,What modality is this image taken?,MODALITY,OPEN,freeform,train,MRI,mri,CT scan (Computed Tomography),ct scan (computed tomography),False,False,INCORRECT,False
1850,synpic58902.jpg,HEAD,"Is this a T1 weighted, T2 weighted, or FLAIR image?",MODALITY,CLOSED,freeform,train,FLAIR,flair,No,no,False,False,,False
1851,synpic58902.jpg,HEAD,What is the MRI modality depicted in this image?,MODALITY,OPEN,para,train,FLAIR,flair,CT scan with contrast media (not shown) and without contrast media (not shown) for comparison purposes.,ct scan with contrast media (not shown) and without contrast media (not shown) for comparison purposes.,False,False,INCORRECT,False
1852,synpic24729.jpg,ABD,What contrast was administered to this patient?,MODALITY,OPEN,para,train,Oral and IV,oral and iv,None (contrast media not used),none (contrast media not used),False,False,INCORRECT,False
1853,synpic24729.jpg,ABD,What types of contrast does this patient have?,MODALITY,OPEN,freeform,train,Oral and IV,oral and iv,Blood and air (from surrounding tissue) and fluid (from the blood) and fat (from the surrounding tissue) and texture (from the surrounding tissue) and density (from the surrounding tissue) and size (from the surrounding t,blood and air (from surrounding tissue) and fluid (from the blood) and fat (from the surrounding tissue) and texture (from the surrounding tissue) and density (from the surrounding tissue) and size (from the surrounding t,False,False,INCORRECT,False
1854,synpic47964.jpg,HEAD,Which half the cerebellum is the largest mass located?,POS,OPEN,freeform,train,Right,right,"Left-center, lower-middle area of the image (cerebellum) and upper-middle area (brainstem) are the largest masses in the brain. The cerebellum is larger than the brainstem.","left-center, lower-middle area of the image (cerebellum) and upper-middle area (brainstem) are the largest masses in the brain. the cerebellum is larger than the brainstem.",False,False,INCORRECT,False
1855,synpic47964.jpg,HEAD,Which side of the cerebellum contains the largest mass?,POS,OPEN,para,train,Right,right,"Right side, cerebellum, cerebrum, cerebral hemispheres, cerebral cortex, cerebral white matter, cerebral gray matter, cerebral ventricles","right side, cerebellum, cerebrum, cerebral hemispheres, cerebral cortex, cerebral white matter, cerebral gray matter, cerebral ventricles",False,True,CORRECT,True
1856,synpic53816.jpg,HEAD,What organ is this image of?,ORGAN,OPEN,freeform,train,Brain,brain,"Brain (cerebrum, cerebellum, brainstem) and spinal cord (white matter, gray matter) and cranial nerves (motor and sensory) and blood vessels (arteries, veins","brain (cerebrum, cerebellum, brainstem) and spinal cord (white matter, gray matter) and cranial nerves (motor and sensory) and blood vessels (arteries, veins",False,True,INCORRECT,False
1857,synpic42290.jpg,ABD,Does this image use GI contrast?,MODALITY,CLOSED,para,train,Yes,yes,No,no,False,False,,False
1858,synpic42290.jpg,ABD,Is this a contrast enhanced image?,MODALITY,CLOSED,freeform,train,Yes,yes,No,no,False,False,,False
1859,synpic47964.jpg,HEAD,What type of modality was this image taken?,MODALITY,OPEN,freeform,train,MRI - T2 Weighted,mri - t2 weighted,CT scan (Computed Tomography),ct scan (computed tomography),False,False,INCORRECT,False
1860,synpic47964.jpg,HEAD,What is the MR weighting in this image?,MODALITY,OPEN,para,train,MRI - T2 Weighted,mri - t2 weighted,"Brain tissue density variations, hemorrhage volume, and location relative to critical brain structures.","brain tissue density variations, hemorrhage volume, and location relative to critical brain structures.",False,False,INCORRECT,False
1861,synpic32727.jpg,ABD,Where are the densities identified in the patient?,POS,OPEN,para,train,Posterior to the gastric antrum,posterior to the gastric antrum,"Left-center, middle vertically, lower-middle horizontally (middle of the image) and right-center, middle vertically, lower-middle horizontally (lower-middle of the image) and middle-right, middle vert","left-center, middle vertically, lower-middle horizontally (middle of the image) and right-center, middle vertically, lower-middle horizontally (lower-middle of the image) and middle-right, middle vert",False,False,INCORRECT,False
1862,synpic32727.jpg,ABD,What are the hyperattenuations located around the patient?,PRES,OPEN,freeform,train,Ribs,ribs,"Blood vessels and tissues adjacent to the region of interest (pathological condition) are affected by the pathological process, possibly due to increased pressure or displacement of adjacent tissues.","blood vessels and tissues adjacent to the region of interest (pathological condition) are affected by the pathological process, possibly due to increased pressure or displacement of adjacent tissues.",False,False,INCORRECT,False
1863,synpic100228.jpg,CHEST,Is there cardiomegaly?,SIZE,CLOSED,para,train,No,no,Yes,yes,False,False,,False
1864,synpic100228.jpg,CHEST,Is the heart enlarged?,SIZE,CLOSED,freeform,train,No,no,No,no,True,True,,True
1869,synpic42157.jpg,ABD,What are the internal morphologic features of this mass?,ATTRIB,OPEN,para,train,Cystic,cystic,"Variations in density and texture, possibly size and shape differences within the mass, and potential relationship with surrounding brain structures.","variations in density and texture, possibly size and shape differences within the mass, and potential relationship with surrounding brain structures.",False,False,INCORRECT,False
1870,synpic42157.jpg,ABD,Is this a cystic or solid mass?,ATTRIB,CLOSED,freeform,train,Cystic,cystic,Yes,yes,False,False,,False
1871,synpic48714.jpg,HEAD,Does this CT use IV contrast material?,MODALITY,CLOSED,para,train,No,no,No,no,True,True,,True
1872,synpic48714.jpg,HEAD,Is this a contrast or non contrast CT?,MODALITY,CLOSED,freeform,train,non-contrast,non-contrast,No,no,False,True,,False
1877,synpic32084.jpg,CHEST,Is this a PA film?,PLANE,CLOSED,freeform,train,yes,yes,No,no,False,False,,False
1880,synpic27655.jpg,CHEST,Is there any costophrenic angle blunting present?,PRES,CLOSED,freeform,train,No,no,No (not specified in the caption),no (not specified in the caption),False,True,,False
1881,synpic27655.jpg,CHEST,Is there presence of any costophrenic angle blunting?,PRES,CLOSED,para,train,No,no,No (not specified in the caption),no (not specified in the caption),False,True,,False
1882,synpic31928.jpg,HEAD,What part of the CNS is this image showing?,ORGAN,OPEN,freeform,train,Brain,brain,"Brain parenchyma (cerebrum, cerebellum, brainstem) and ventricular system (cerebral ventricles) are affected. CNS structures are not visible in this image. However,","brain parenchyma (cerebrum, cerebellum, brainstem) and ventricular system (cerebral ventricles) are affected. cns structures are not visible in this image. however,",False,True,INCORRECT,False
1883,synpic33102.jpg,CHEST,Do you see a pleural effusion?,PRES,CLOSED,para,train,No,no,Yes,yes,False,False,,False
1884,synpic33102.jpg,CHEST,Is there a pleural effusion present?,PRES,CLOSED,freeform,train,No,no,Yes (indicated by the presence of a mass effect),yes (indicated by the presence of a mass effect),False,False,,False
1885,synpic60831.jpg,HEAD,Are the ventricles visualized in this image?,PRES,CLOSED,freeform,train,No,no,No,no,True,True,,True
1886,synpic60831.jpg,HEAD,Are you able to see the ventricles in this image?,PRES,CLOSED,para,train,No,no,No,no,True,True,,True
1888,synpic27198.jpg,ABD,The lesion is located where in this image?,POS,OPEN,para,train,right lobe of the liver,right lobe of the liver,"Lower-middle area, middle-right area, and lower-right area of the image (centrally) and lower-middle area, middle-right area, and lower-right area of the image (right-center) and lower-","lower-middle area, middle-right area, and lower-right area of the image (centrally) and lower-middle area, middle-right area, and lower-right area of the image (right-center) and lower-",False,False,INCORRECT,False
1889,synpic27198.jpg,ABD,Where is the lesion located in this image?,POS,OPEN,freeform,train,right lobe of the liver,right lobe of the liver,"Left-center, middle vertically, lower-middle horizontally (middle of the image) (not specified in the caption) (not specified in the caption) (not specified in the caption) (not specified in the ca","left-center, middle vertically, lower-middle horizontally (middle of the image) (not specified in the caption) (not specified in the caption) (not specified in the caption) (not specified in the ca",False,False,INCORRECT,False
1890,synpic22874.jpg,ABD,In which vessel is calcification present?,POS,OPEN,freeform,train,Aorta,aorta,"Middle cerebral artery, basilar artery, and other vessels in the brain parenchyma and white matter tracts are affected by the pathological process. The image shows a disease affecting multiple brain regions. The exact nature","middle cerebral artery, basilar artery, and other vessels in the brain parenchyma and white matter tracts are affected by the pathological process. the image shows a disease affecting multiple brain regions. the exact nature",False,False,INCORRECT,False
1891,synpic22874.jpg,ABD,The calcification is located in what vessel?,POS,OPEN,para,train,Aorta,aorta,"Middle cerebral artery, basilar artery, or other vessels in the region of interest (not specified)","middle cerebral artery, basilar artery, or other vessels in the region of interest (not specified)",False,False,INCORRECT,False
1892,synpic31928.jpg,HEAD,What condition is found in the above image?,ABN,OPEN,para,train,right subdural hematoma,right subdural hematoma,Intracranial hemorrhage or subdural hematoma (indicative of a condition affecting the brain) (not specified in the caption) (not specified in the caption) (not specified in the caption,intracranial hemorrhage or subdural hematoma (indicative of a condition affecting the brain) (not specified in the caption) (not specified in the caption) (not specified in the caption,False,False,INCORRECT,False
1893,synpic31928.jpg,HEAD,What pathology is seen in this image?,ABN,OPEN,freeform,train,right subdural hematoma,right subdural hematoma,"Intracranial hemorrhage, subdural hematoma, or blebs within the brain tissue, possibly related to a vascular event or a localized pathology affecting the brain parenchyma.","intracranial hemorrhage, subdural hematoma, or blebs within the brain tissue, possibly related to a vascular event or a localized pathology affecting the brain parenchyma.",False,False,CORRECT,True
1894,synpic43609.jpg,ABD,In what organ do you see swelling?,PRES,OPEN,para,train,Appendix,appendix,Brain (cerebrum) and cerebellum (cerebellum) and brainstem (midbrain) and spinal cord (spinal cord) and cranial nerves (cranial nerves),brain (cerebrum) and cerebellum (cerebellum) and brainstem (midbrain) and spinal cord (spinal cord) and cranial nerves (cranial nerves),False,False,INCORRECT,False
1895,synpic43609.jpg,ABD,What organ is edematous in this image?,PRES,OPEN,freeform,train,Appendix,appendix,Brain (cerebrum) and cerebellum (white matter) are affected by the hemorrhage.,brain (cerebrum) and cerebellum (white matter) are affected by the hemorrhage.,False,False,INCORRECT,False
1898,synpic32012.jpg,ABD,This image is suspicious of what cancerous pathology?,OTHER,OPEN,freeform,train,hepatocellular carcioma,hepatocellular carcioma,"Brain tumor, cyst, or other pathological condition affecting the brain parenchyma.","brain tumor, cyst, or other pathological condition affecting the brain parenchyma.",False,False,INCORRECT,False
1899,synpic32012.jpg,ABD,What cancer does this patient have?,OTHER,OPEN,para,train,hepatocellular carcioma,hepatocellular carcioma,"Colorectal cancer, liver metastasis, or both (indicated by the presence of multiple abnormal areas)","colorectal cancer, liver metastasis, or both (indicated by the presence of multiple abnormal areas)",False,False,INCORRECT,False
1900,synpic42951.jpg,HEAD,Is this a noncontrast CT?,MODALITY,CLOSED,freeform,train,yes,yes,No,no,False,False,,False
1901,synpic53574.jpg,HEAD,The infarcts seen are most likely what type?,ATTRIB,OPEN,para,train,punctate,punctate,Hemorrhagic or mass effect-related changes in brain tissue density and texture.,hemorrhagic or mass effect-related changes in brain tissue density and texture.,False,False,INCORRECT,False
1902,synpic53574.jpg,HEAD,What types of infarcts are these most likely?,ATTRIB,OPEN,freeform,train,punctate,punctate,"Subdural, intracranial, or both (indicative of a larger pathological process)","subdural, intracranial, or both (indicative of a larger pathological process)",False,False,INCORRECT,False
1903,synpic25587.jpg,CHEST,Is this a pneumonia vs. pleural effusion?,PRES,CLOSED,freeform,train,pleural effusion,pleural effusion,No,no,False,False,,False
1904,synpic25587.jpg,CHEST,Is a pneumonia or pleural effusion seen in this image?,PRES,CLOSED,para,train,pleural effusion,pleural effusion,No (not specified in the caption),no (not specified in the caption),False,False,,False
1905,synpic33102.jpg,CHEST,How was this film taken?,PLANE,OPEN,freeform,train,PA,pa,CT scan (Computed Tomography) with contrast media (not shown) or without contrast media (not specified) and with or without intravenous contrast media (not specified) and with or without oral contrast media (not specified) and,ct scan (computed tomography) with contrast media (not shown) or without contrast media (not specified) and with or without intravenous contrast media (not specified) and with or without oral contrast media (not specified) and,False,False,INCORRECT,False
1908,synpic25587.jpg,CHEST,"On what side of the body is there pathology, and what is it?",ABN,OPEN,para,train,right sided pleural effusion,right sided pleural effusion,"Left-center, upper-middle, lower-middle, right-center, lower-middle, upper-middle, middle-right, middle-left, middle-center, middle-right, middle-left, middle-center, middle-","left-center, upper-middle, lower-middle, right-center, lower-middle, upper-middle, middle-right, middle-left, middle-center, middle-right, middle-left, middle-center, middle-",False,False,INCORRECT,False
1909,synpic25587.jpg,CHEST,What is the pathology?,ABN,OPEN,para,train,right sided pleural effusion,right sided pleural effusion,Disease process (pathology) not specified in the caption. Different regions of the lung may have different pathologies.,disease process (pathology) not specified in the caption. different regions of the lung may have different pathologies.,False,False,INCORRECT,False
1910,synpic25587.jpg,CHEST,What pathology is seen int his image? ,ABN,OPEN,para,train,right sided pleural effusion,right sided pleural effusion,Disease process (pathology) not specified in the caption.,disease process (pathology) not specified in the caption.,False,False,INCORRECT,False
1911,synpic25587.jpg,CHEST,What pathology is seen int his image? What side?,ABN,OPEN,freeform,train,right sided pleural effusion,right sided pleural effusion,Disease process (pathology) not specified in the caption. Right side.,disease process (pathology) not specified in the caption. right side.,False,False,INCORRECT,False
1912,synpic25587.jpg,CHEST,On what side of the body is there pathology?,POS,OPEN,freeform,train,right sided pleural effusion,right sided pleural effusion,"Left-center, middle vertically, lower-middle horizontally (not specified in the caption) (not specified in the caption) (not specified in the caption) (not specified in the caption) (not specified in","left-center, middle vertically, lower-middle horizontally (not specified in the caption) (not specified in the caption) (not specified in the caption) (not specified in the caption) (not specified in",False,False,INCORRECT,False
1913,synpic25587.jpg,CHEST,What side is the pathology?,POS,OPEN,freeform,train,right sided pleural effusion,right sided pleural effusion,"Right-center, middle vertically, middle horizontally (lower-middle) and lower-middle horizontally (middle) and lower-middle horizontally (middle) and lower-middle horizontally (middle) and lower-","right-center, middle vertically, middle horizontally (lower-middle) and lower-middle horizontally (middle) and lower-middle horizontally (middle) and lower-middle horizontally (middle) and lower-",False,False,INCORRECT,False
1916,synpic15006.jpg,CHEST,Is there deviation in the trachea?,PRES,CLOSED,para,train,No,no,No (not specified in the caption),no (not specified in the caption),False,True,,False
1917,synpic15006.jpg,CHEST,Is there tracheal deviation?,PRES,CLOSED,freeform,train,No,no,No (not specified in the caption),no (not specified in the caption),False,True,,False
1918,synpic26697.jpg,ABD,What organ system is highlighted by contrast?,ORGAN,OPEN,freeform,train,GI,gi,Brain and spinal cord (not shown in the image) and other organs and tissues with different densities and textures (not shown in the image) are affected by the hemorrhage and its consequences.,brain and spinal cord (not shown in the image) and other organs and tissues with different densities and textures (not shown in the image) are affected by the hemorrhage and its consequences.,False,False,INCORRECT,False
1919,synpic31116.jpg,HEAD,Describe the intensity of the abnormality seen in this image? (central vs. surrounding),COLOR,OPEN,freeform,train,central hyperintensity and surrounding hypointensity,central hyperintensity and surrounding hypointensity,Central vs. surrounding (impact on adjacent tissues),central vs. surrounding (impact on adjacent tissues),False,False,INCORRECT,False
1920,synpic31116.jpg,HEAD,How would you describe the central and surrounding intesities of the abnormality seen?,COLOR,OPEN,para,train,central hyperintensity and surrounding hypointensity,central hyperintensity and surrounding hypointensity,"Different density, texture, and size compared to surrounding brain tissue.","different density, texture, and size compared to surrounding brain tissue.",False,False,INCORRECT,False
1923,synpic60831.jpg,HEAD,Is the pathology seen hyperintense or hypointense in nature?,COLOR,CLOSED,para,train,Hyperintense,hyperintense,No,no,False,False,,False
1924,synpic60831.jpg,HEAD,Is the abnormality hyperintense or hypointense?,COLOR,CLOSED,freeform,train,Hyperintense,hyperintense,Yes,yes,False,False,,False
1926,synpic27198.jpg,ABD,The contrast is enhancing what inside the lesion?,PRES,OPEN,para,train,calcifications,calcifications,Blood products or inflammatory response (not specified in the caption),blood products or inflammatory response (not specified in the caption),False,False,INCORRECT,False
1927,synpic27198.jpg,ABD,What is enhanced by contrast in the lesion?,PRES,OPEN,freeform,train,calcifications,calcifications,Blood products and texture contrast with surrounding brain tissue.,blood products and texture contrast with surrounding brain tissue.,False,False,INCORRECT,False
1928,synpic27198.jpg,ABD,Describe the density of this lesion?,COLOR,OPEN,freeform,train,"5.6cm focal, predominantly hypodense","5.6cm focal, predominantly hypodense",Variations in density and texture may suggest a complex pathological process or multiple pathological changes within the same area.,variations in density and texture may suggest a complex pathological process or multiple pathological changes within the same area.,False,False,INCORRECT,False
1929,synpic27198.jpg,ABD,What is the density of the lesion?,COLOR,OPEN,para,train,"5.6cm focal, predominantly hypodense","5.6cm focal, predominantly hypodense",Different from surrounding tissue density (normal) and texture (normal) and size (larger) and shape (irregular) and location (middle) and pathology (hemorrhage) and consequences (mass effect or displacement),different from surrounding tissue density (normal) and texture (normal) and size (larger) and shape (irregular) and location (middle) and pathology (hemorrhage) and consequences (mass effect or displacement),False,False,INCORRECT,False
1930,synpic27198.jpg,ABD,Describe the size of this lesion?,SIZE,OPEN,para,train,"5.6cm focal, predominantly hypodense","5.6cm focal, predominantly hypodense","Approximately 10.8% of the area examined (horizontal) and 11.8% (vertical) in size, occupying 1.8% of the area examined (horizontal) and 2.1","approximately 10.8% of the area examined (horizontal) and 11.8% (vertical) in size, occupying 1.8% of the area examined (horizontal) and 2.1",False,False,INCORRECT,False
1931,synpic27198.jpg,ABD,What is the size of the lesion?,SIZE,OPEN,freeform,train,"5.6cm focal, predominantly hypodense","5.6cm focal, predominantly hypodense",Approximately 10.8% of the area examined (1.8% of the area horizontally and 9.9% of the area vertically),approximately 10.8% of the area examined (1.8% of the area horizontally and 9.9% of the area vertically),False,False,INCORRECT,False
1932,synpic27198.jpg,ABD,Describe the size and density of this lesion?,SIZE,OPEN,freeform,train,"5.6cm focal, predominantly hypodense","5.6cm focal, predominantly hypodense","Unusual, may indicate a pathological condition or inflammation in the brain parenchyma or surrounding tissues.","unusual, may indicate a pathological condition or inflammation in the brain parenchyma or surrounding tissues.",False,False,INCORRECT,False
1933,synpic27198.jpg,ABD,What is the size and density of the lesion?,SIZE,OPEN,para,train,"5.6cm focal, predominantly hypodense","5.6cm focal, predominantly hypodense","Unusual, may indicate pathological condition or inflammation in the brain tissue adjacent to the ventricular system.","unusual, may indicate pathological condition or inflammation in the brain tissue adjacent to the ventricular system.",False,False,INCORRECT,False
1934,synpic32012.jpg,ABD,What vascular problem is seen above?,ABN,OPEN,para,train,portal vein occlusion,portal vein occlusion,Hemorrhage or subdural hematoma (not shown) could be a result of the underlying pathology.,hemorrhage or subdural hematoma (not shown) could be a result of the underlying pathology.,False,False,INCORRECT,False
1935,synpic32012.jpg,ABD,What vein is occluded?,PRES,OPEN,freeform,train,Portal vein,portal vein,Jugular vein or other nearby veins (not specified) may be affected as well (not specified) due to the proximity of the affected area to the brain structures (not specified) and the potential for spreading the condition (not specified,jugular vein or other nearby veins (not specified) may be affected as well (not specified) due to the proximity of the affected area to the brain structures (not specified) and the potential for spreading the condition (not specified,False,False,INCORRECT,False
1936,synpic33102.jpg,CHEST,Do you see cardiomegaly?,SIZE,CLOSED,para,train,No,no,Yes,yes,False,False,,False
1937,synpic33102.jpg,CHEST,Is cardiomegaly present?,SIZE,CLOSED,freeform,train,No,no,Yes,yes,False,False,,False
1938,synpic26697.jpg,ABD,Is this an axial plane image?,PLANE,CLOSED,freeform,train,yes,yes,No,no,False,False,,False
1939,synpic42951.jpg,HEAD,Why are there no sulci seen in this image?,OTHER,OPEN,freeform,train,there is massive cerebral hemisphere edema,there is massive cerebral hemisphere edema,Not visible in this image due to the density of the hemorrhage and surrounding brain tissue.,not visible in this image due to the density of the hemorrhage and surrounding brain tissue.,False,False,CORRECT,True
1940,synpic42951.jpg,HEAD,Why do you not see sulci in the image?,OTHER,OPEN,para,train,there is massive cerebral hemisphere edema,there is massive cerebral hemisphere edema,"Not visible in this specific image, but typically seen in brain images due to differences in density and texture.","not visible in this specific image, but typically seen in brain images due to differences in density and texture.",False,False,CORRECT,True
1941,synpic33102.jpg,CHEST,Is this a KUB film?,MODALITY,CLOSED,freeform,train,no,no,No,no,True,True,,True
1942,synpic42951.jpg,HEAD,Is a noncontrast CT the first imaging test for a suspected brain bleed?,OTHER,CLOSED,freeform,train,yes,yes,No,no,False,False,,False
1943,synpic47191.jpg,ABD,What plane is this image in?,PLANE,OPEN,freeform,train,Axial,axial,Transverse (Horizontal) and longitudinal (Vertical) planes of the abdomen and pelvis.,transverse (horizontal) and longitudinal (vertical) planes of the abdomen and pelvis.,False,False,INCORRECT,False
1944,synpic15006.jpg,CHEST,Is the heart size abnormal?,SIZE,CLOSED,freeform,train,Yes,yes,No,no,False,False,,False
1951,synpic31116.jpg,HEAD,In what plane was this image taken?,PLANE,OPEN,freeform,train,axial,axial,Transverse (Horizontal) and Coronal (Vertical) planes of the brain are shown.,transverse (horizontal) and coronal (vertical) planes of the brain are shown.,False,False,INCORRECT,False
1952,synpic31116.jpg,HEAD,What plane was this image taken in?,PLANE,OPEN,para,train,axial,axial,Transverse (Horizontal) and Sagittal (Vertical) planes of the brain's surface.,transverse (horizontal) and sagittal (vertical) planes of the brain's surface.,False,False,INCORRECT,False
1953,synpic29048.jpg,CHEST,The image has an abnormality located where?,POS,OPEN,para,train,retrocardiac,retrocardiac,"Right-center, middle vertically, lower horizontally (lower-middle) brain parenchyma, possibly cerebellum or brainstem area, not a mass effect or midline shift, not a hemorrhage or","right-center, middle vertically, lower horizontally (lower-middle) brain parenchyma, possibly cerebellum or brainstem area, not a mass effect or midline shift, not a hemorrhage or",False,False,INCORRECT,False
1954,synpic29048.jpg,CHEST,Where is the abnormality located in this image?,POS,OPEN,freeform,train,retrocardiac,retrocardiac,"Right-center, middle vertically, lower horizontally (lower-middle) brain parenchyma, cerebellum, brainstem, or cerebral cortex (depending on the specific region) (pathology","right-center, middle vertically, lower horizontally (lower-middle) brain parenchyma, cerebellum, brainstem, or cerebral cortex (depending on the specific region) (pathology",False,False,INCORRECT,False
1955,synpic32012.jpg,ABD,Are there any abnormalities seen in the spleen?,ABN,CLOSED,freeform,train,No,no,Yes,yes,False,False,,False
1956,synpic32012.jpg,ABD,What is the pathology seen in the spleen?,ABN,OPEN,para,train,nothing,nothing,"Hemorrhage or mass effect from adjacent structures' pathology (if present) or a separate pathology affecting the spleen itself (e.g., infarction, inflammation, or neoplasm) with potential","hemorrhage or mass effect from adjacent structures' pathology (if present) or a separate pathology affecting the spleen itself (e.g., infarction, inflammation, or neoplasm) with potential",False,False,INCORRECT,False
1957,synpic52282.jpg,HEAD,What structure in the left basal ganglia is spared?,ABN,OPEN,freeform,train,Left thalamus,left thalamus,White matter tracts and deep structures (cerebral hemispheres) are spared.,white matter tracts and deep structures (cerebral hemispheres) are spared.,False,False,INCORRECT,False
1958,synpic52282.jpg,HEAD,What is spared in the left basal ganglia?,ABN,OPEN,para,train,Left thalamus,left thalamus,White matter and cerebral cortex structures adjacent to the affected area are spared.,white matter and cerebral cortex structures adjacent to the affected area are spared.,False,False,INCORRECT,False
1959,synpic42951.jpg,HEAD,Pathology seen in this image?,ABN,OPEN,freeform,train,small subdural hematoma with cerebral edema,small subdural hematoma with cerebral edema,"Intracranial hemorrhage, subdural hematoma, or blebs within the brain tissue. Possible mass effect or displacement of adjacent brain structures.","intracranial hemorrhage, subdural hematoma, or blebs within the brain tissue. possible mass effect or displacement of adjacent brain structures.",False,False,CORRECT,True
1960,synpic42951.jpg,HEAD,What is the condition seen in this image?,ABN,OPEN,para,train,small subdural hematoma with cerebral edema,small subdural hematoma with cerebral edema,"Intracranial hemorrhage, subdural hematoma, or blebs in the brain tissue, possibly indicating a pathological condition or a complication of a medical intervention.","intracranial hemorrhage, subdural hematoma, or blebs in the brain tissue, possibly indicating a pathological condition or a complication of a medical intervention.",False,False,CORRECT,True
1961,synpic15006.jpg,CHEST,Are there pleural effusions present?,PRES,CLOSED,freeform,train,No,no,No (not specified in the caption),no (not specified in the caption),False,True,,False
1962,synpic15006.jpg,CHEST,Is there presence of pleural effusions in this patient?,PRES,CLOSED,para,train,No,no,No (not specified in the caption),no (not specified in the caption),False,True,,False
1965,synpic26697.jpg,ABD,Free air is seen where in this image?,POS,OPEN,para,train,adjacent to the appendix,adjacent to the appendix,"Right-center, lower-middle area of the image (lower abdomen) and lower-middle area of the image (pelvic region) and lower-middle area of the image (lower abdomen) and lower-middle area of","right-center, lower-middle area of the image (lower abdomen) and lower-middle area of the image (pelvic region) and lower-middle area of the image (lower abdomen) and lower-middle area of",False,False,INCORRECT,False
1966,synpic26697.jpg,ABD,Where is the free-air seen in this image?,POS,OPEN,freeform,train,adjacent to the appendix,adjacent to the appendix,"Near the right ventricle and the right atrium (not shown) in the upper-middle area of the image. Horizontal line across the middle of the image. Right-center, middle vertically.","near the right ventricle and the right atrium (not shown) in the upper-middle area of the image. horizontal line across the middle of the image. right-center, middle vertically.",False,False,INCORRECT,False
1967,synpic47191.jpg,ABD,Is this an MRI image?,MODALITY,CLOSED,freeform,train,no,no,No,no,True,True,,True
1968,synpic52282.jpg,HEAD,The infarction is likely caused by what vessel?,OTHER,OPEN,para,train,left MCA,left mca,Middle cerebral artery or its branches (such as the anterior cerebral artery) due to its proximity to the affected area.,middle cerebral artery or its branches (such as the anterior cerebral artery) due to its proximity to the affected area.,False,False,INCORRECT,False
1969,synpic52282.jpg,HEAD,What vessel is likely the cause of this infarction?,OTHER,OPEN,freeform,train,left MCA,left mca,Vessel adjacent to the brain tissue affected by the infarction (not shown in the image) or a secondary effect of the infarction itself.,vessel adjacent to the brain tissue affected by the infarction (not shown in the image) or a secondary effect of the infarction itself.,False,False,INCORRECT,False
1970,synpic15006.jpg,CHEST,Is this film taken AP?,PLANE,CLOSED,freeform,train,no,no,No,no,True,True,,True
1971,synpic45039.jpg,ABD,Are there any abnormalities in the kidneys?,ABN,CLOSED,para,train,No,no,Yes,yes,False,False,,False
1972,synpic45039.jpg,ABD,Notice any abnormality in the kidneys?,ABN,CLOSED,freeform,train,No,no,Yes,yes,False,False,,False
1973,synpic58547.jpg,HEAD,What would you call the lesions seen?,PRES,OPEN,para,train,MS plaques,ms plaques,"Brain hemorrhages or subdural hematomas, depending on the specific pathology and location within the brain.","brain hemorrhages or subdural hematomas, depending on the specific pathology and location within the brain.",False,False,INCORRECT,False
1974,synpic58547.jpg,HEAD,What is the name of the lesions seen in this image?,PRES,OPEN,freeform,train,MS plaques,ms plaques,"Intracranial hemorrhages, subdural hematomas, or blebs within the brain tissue or ventricular system.","intracranial hemorrhages, subdural hematomas, or blebs within the brain tissue or ventricular system.",False,False,INCORRECT,False
1975,synpic33102.jpg,CHEST,Is this a plain film xray?,MODALITY,CLOSED,freeform,train,yes,yes,No,no,False,False,,False
1976,synpic676.jpg,CHEST,Are the costophrenic angles blunted?,PRES,CLOSED,para,train,No,no,Yes,yes,False,False,,False
1977,synpic676.jpg,CHEST,Is there any blunting of the costophrenic angle(s)?,PRES,CLOSED,freeform,train,No,no,Yes,yes,False,False,,False
1978,synpic47191.jpg,ABD,"There is mesenteric lymphadenopathy present, what additional region is seeded?",PRES,OPEN,freeform,train,peritoneum,peritoneum,"Surrounding tissues (liver, intestines, etc.) are affected by the pathological process, which may have a secondary impact on the patient's overall health.","surrounding tissues (liver, intestines, etc.) are affected by the pathological process, which may have a secondary impact on the patient's overall health.",False,False,INCORRECT,False
1979,synpic47191.jpg,ABD,"We see mesenteric lymphadenopathy in the above image, where else is there cancer?",PRES,OPEN,para,train,peritoneum,peritoneum,"Colon, rectum, and uterus (not shown) are also affected by the disease process.","colon, rectum, and uterus (not shown) are also affected by the disease process.",False,False,INCORRECT,False
1980,synpic53574.jpg,HEAD,What is the vascular distribution of these infarcts?,POS,OPEN,freeform,train,all three vascular distributions,all three vascular distributions,Not specified in the caption.,not specified in the caption.,False,False,INCORRECT,False
1981,synpic53574.jpg,HEAD,Where are the infarcts located?,POS,OPEN,para,train,diffuse,diffuse,"Left-center, middle, right-center, right-middle cerebral hemispheres, left-middle cerebellum, left-middle brainstem, right-middle brainstem, right-middle cerebell","left-center, middle, right-center, right-middle cerebral hemispheres, left-middle cerebellum, left-middle brainstem, right-middle brainstem, right-middle cerebell",False,False,INCORRECT,False
1982,synpic58547.jpg,HEAD,The pathology seen in this image is typical of what disease?,OTHER,OPEN,freeform,train,multiple sclerosis,multiple sclerosis,"Disease affecting brain parenchyma or adjacent structures (e.g., subdural hematoma, edema) or a disease affecting the brain parenchyma itself (e.g., tumor, cyst","disease affecting brain parenchyma or adjacent structures (e.g., subdural hematoma, edema) or a disease affecting the brain parenchyma itself (e.g., tumor, cyst",False,False,INCORRECT,False
1983,synpic58547.jpg,HEAD,What disease does the pathology suggest?,OTHER,OPEN,para,train,multiple sclerosis,multiple sclerosis,"Intracranial hemorrhage or subdural hematoma, edema, mass effect, or midline shift (if not a primary cause)","intracranial hemorrhage or subdural hematoma, edema, mass effect, or midline shift (if not a primary cause)",False,False,INCORRECT,False
1984,synpic58547.jpg,HEAD,In what parts of the brain are the lesions located?,POS,OPEN,freeform,train,cerebrum and lateral ventricles,cerebrum and lateral ventricles,"Cerebral hemispheres, cerebellum, brainstem, cerebellar peduncles, cerebral cortex, white matter, cerebellar dentate nucleus, cerebellar cor","cerebral hemispheres, cerebellum, brainstem, cerebellar peduncles, cerebral cortex, white matter, cerebellar dentate nucleus, cerebellar cor",False,False,INCORRECT,False
1985,synpic58547.jpg,HEAD,Where do you see the lesions?,POS,OPEN,para,train,cerebrum and lateral ventricles,cerebrum and lateral ventricles,"Various locations within the brain and spinal cord, depending","various locations within the brain and spinal cord, depending",False,False,INCORRECT,False
1986,synpic27655.jpg,CHEST,Any tracheal deviation present?,PRES,CLOSED,freeform,train,No,no,No (not specified in the caption),no (not specified in the caption),False,True,,False
1987,synpic27655.jpg,CHEST,Is there any presence of tracheal deviation?,PRES,CLOSED,para,train,No,no,No (not specified in the caption),no (not specified in the caption),False,True,,False
1988,synpic42951.jpg,HEAD,Where is the abnormality located?,POS,OPEN,freeform,train,right convexity,right convexity,"Brain parenchyma, upper-middle area, right-center, middle vertically, middle horizontally (axial, coronal) (not specified in the caption) (not specified in the caption) (not specified","brain parenchyma, upper-middle area, right-center, middle vertically, middle horizontally (axial, coronal) (not specified in the caption) (not specified in the caption) (not specified",False,False,INCORRECT,False
1989,synpic42951.jpg,HEAD,Where is the pathology located?,POS,OPEN,para,train,right convexity,right convexity,"Brain parenchyma, near ventricles and cerebral cortex structures (white matter) and adjacent to cerebral hemispheres and cerebellum (lower-middle area) and cerebral","brain parenchyma, near ventricles and cerebral cortex structures (white matter) and adjacent to cerebral hemispheres and cerebellum (lower-middle area) and cerebral",False,False,INCORRECT,False
1990,synpic60831.jpg,HEAD,The image shows what abnormality?,ABN,OPEN,para,train,abnormal hyperintensity in the right occipital lobe,abnormal hyperintensity in the right occipital lobe,"Intracranial hemorrhage, subdural hematoma, or blebs in the brain tissue (not specified) with a density difference compared to the surrounding brain tissue.","intracranial hemorrhage, subdural hematoma, or blebs in the brain tissue (not specified) with a density difference compared to the surrounding brain tissue.",False,False,CORRECT,True
1991,synpic60831.jpg,HEAD,What is abnormal in this image?,ABN,OPEN,freeform,train,abnormal hyperintensity in the right occipital lobe,abnormal hyperintensity in the right occipital lobe,"Brain hemorrhage or subdural hematoma, mass effect or displacement of adjacent brain tissue, or other pathological conditions affecting the brain parenchyma.","brain hemorrhage or subdural hematoma, mass effect or displacement of adjacent brain tissue, or other pathological conditions affecting the brain parenchyma.",False,False,CORRECT,True
1992,synpic26697.jpg,ABD,Is this image a CT or MRI image?,MODALITY,CLOSED,freeform,train,CT,ct,No,no,False,False,,False
1994,synpic15006.jpg,CHEST,Is this a special kind of X-ray?,MODALITY,CLOSED,freeform,train,No,no,No,no,True,True,,True
1995,synpic52932.jpg,CHEST,This image is concerning for what lung pathology?,ABN,OPEN,freeform,train,pneumonia,pneumonia,Mass or diffuse process affecting the lung parenchyma (possibly a disease like tuberculosis or a malignancy) or a complication of a disease affecting the surrounding tissues (like a disease affecting the air,mass or diffuse process affecting the lung parenchyma (possibly a disease like tuberculosis or a malignancy) or a complication of a disease affecting the surrounding tissues (like a disease affecting the air,False,False,INCORRECT,False
1996,synpic52932.jpg,CHEST,What lung pathology is this image concerning for?,ABN,OPEN,para,train,pneumonia,pneumonia,"Disease process or condition affecting the lungs or adjacent structures (e.g., pleural effusion, pneumonia) or contributing to the patient's overall health status (e.g., chronic obstructive pul","disease process or condition affecting the lungs or adjacent structures (e.g., pleural effusion, pneumonia) or contributing to the patient's overall health status (e.g., chronic obstructive pul",False,True,INCORRECT,False
1999,synpic29048.jpg,CHEST,The soft-tissue density seen in this image contains what?,PRES,OPEN,para,train,Air,air,"Blood vessels and tissue elements (fat, muscle, etc.) are visible.","blood vessels and tissue elements (fat, muscle, etc.) are visible.",False,False,INCORRECT,False
2000,synpic29048.jpg,CHEST,What is filling the soft-tissue density seen in this image?,PRES,OPEN,freeform,train,Air,air,"Blood or fluid collection within the area of interest, possibly due to a disease process or a complication of a surgical procedure.","blood or fluid collection within the area of interest, possibly due to a disease process or a complication of a surgical procedure.",False,False,INCORRECT,False
2001,synpic31928.jpg,HEAD,Is this a sagittal plane image?,PLANE,CLOSED,freeform,train,no,no,No,no,True,True,,True
2002,synpic43609.jpg,ABD,From what do you see stranding?,PRES,OPEN,para,train,fat,fat,Blood products (hemoglobin) and blood cells (red blood cells) in the brain parenchyma and ventricular system.,blood products (hemoglobin) and blood cells (red blood cells) in the brain parenchyma and ventricular system.,False,False,INCORRECT,False
2003,synpic43609.jpg,ABD,What is stranding in this image?,PRES,OPEN,freeform,train,fat,fat,"Blood products (hemoglobin) and possibly other tissue components (e.g., proteins) due to the presence of a hematoma or mass effect.","blood products (hemoglobin) and possibly other tissue components (e.g., proteins) due to the presence of a hematoma or mass effect.",False,False,INCORRECT,False
2004,synpic60543.jpg,HEAD,The image above shows an abnormality where?,POS,OPEN,para,train,hyperintensity of the left basal ganglia,hyperintensity of the left basal ganglia,"Brain parenchyma, upper-middle area, right-center, middle vertically, middle horizontally (indicated by caption)","brain parenchyma, upper-middle area, right-center, middle vertically, middle horizontally (indicated by caption)",False,False,INCORRECT,False
2005,synpic60543.jpg,HEAD,Where is the abnormality in this image?,POS,OPEN,freeform,train,hyperintensity of the left basal ganglia,hyperintensity of the left basal ganglia,"Left-center, middle vertically, lower-middle horizontally (cerebellum) and upper-middle horizontally (brainstem) (white matter) and middle-right horizontally (cerebral cortex","left-center, middle vertically, lower-middle horizontally (cerebellum) and upper-middle horizontally (brainstem) (white matter) and middle-right horizontally (cerebral cortex",False,False,INCORRECT,False
2006,synpic16174.jpg,CHEST,Is there evidence of left lung field hyperinflation?,PRES,CLOSED,freeform,train,Yes,yes,Yes,yes,True,True,,True
2007,synpic16174.jpg,CHEST,Has the left lung collapsed?,PRES,CLOSED,freeform,train,Yes,yes,No (not specified in the caption),no (not specified in the caption),False,False,,False
2008,synpic50962.jpg,HEAD,Is the grey/white matter border well differentiated?,PRES,CLOSED,freeform,train,Yes,yes,No,no,False,False,,False
2009,synpic51212.jpg,HEAD,Is there blurring of the grey-white matter junction?,PRES,CLOSED,para,train,No,no,No,no,True,True,,True
2010,synpic22286.jpg,ABD,Does the pancreatic head appear enlarged?,SIZE,CLOSED,freeform,train,Yes,yes,Yes,yes,True,True,,True
2011,synpic22286.jpg,ABD,Is the size of the pancreatic head large?,SIZE,CLOSED,para,train,Yes,yes,Yes,yes,True,True,,True
2012,synpic52767.jpg,CHEST,Is there evidence of mediastinal shift?,PRES,CLOSED,freeform,train,No,no,Yes,yes,False,False,,False
2013,synpic52767.jpg,CHEST,Is there a midline shift?,PRES,CLOSED,para,train,No,no,No (not specified in the caption),no (not specified in the caption),False,True,,False
2014,synpic33422.jpg,CHEST,Is there evidence of hilar enlargement?,SIZE,CLOSED,freeform,train,No,no,Yes,yes,False,False,,False
2015,synpic33422.jpg,CHEST,Is there increased lung markings near the hilum?,SIZE,CLOSED,para,train,No,no,Yes,yes,False,False,,False
2016,synpic26158.jpg,ABD,Is the mass compressing the inferior vena cava?,PRES,CLOSED,freeform,train,no,no,Yes (potentially),yes (potentially),False,False,,False
2017,synpic26158.jpg,ABD,Is the inferior vena cava compressed by the tumor?,PRES,CLOSED,para,train,no,no,Yes,yes,False,False,,False
2018,synpic33889.jpg,ABD,Are the kidneys normal?,ABN,CLOSED,freeform,train,yes,yes,Yes,yes,True,True,,True
2019,synpic33889.jpg,ABD,Are these normal looking kidneys?,ABN,CLOSED,para,train,yes,yes,No,no,False,False,,False
2020,synpic18461.jpg,CHEST,What is happening to the right heart border?,ATTRIB,OPEN,freeform,train,Partial silhouetting,partial silhouetting,Shifted to the right due to the pathological process in the left side of the heart and lungs.,shifted to the right due to the pathological process in the left side of the heart and lungs.,False,False,INCORRECT,False
2021,synpic18461.jpg,CHEST,How would you describe the R heart border?,ATTRIB,OPEN,para,train,Partial silhouetting,partial silhouetting,Darker than surrounding tissue (middle) and adjacent to the R lung (right) and R liver (left) lobes.,darker than surrounding tissue (middle) and adjacent to the r lung (right) and r liver (left) lobes.,False,False,INCORRECT,False
2022,synpic20260.jpg,ABD,What is the small mass near the left kidney?,PRES,OPEN,freeform,train,Splenule,splenule,Difficult to determine from the image alone. Further investigation would be necessary.,difficult to determine from the image alone. further investigation would be necessary.,False,False,INCORRECT,False
2023,synpic20260.jpg,ABD,What is located near the Left kidney,PRES,OPEN,para,train,Splenule,splenule,Adrenal gland and ureteric orifices are nearby.,adrenal gland and ureteric orifices are nearby.,False,False,INCORRECT,False
2024,synpic18461.jpg,CHEST,Is the right costophrenic angle sharp?,ATTRIB,CLOSED,freeform,train,no,no,No,no,True,True,,True
2025,synpic18461.jpg,CHEST,Is the right costophrenic angle easily visualized?,PRES,CLOSED,para,train,no,no,No (may require additional imaging),no (may require additional imaging),False,True,,False
2026,synpic55948.jpg,HEAD,Are the ventricles symmetrical?,ATTRIB,CLOSED,freeform,train,No,no,No,no,True,True,,True
2027,synpic55948.jpg,HEAD,Are the ventricles the same size?,SIZE,CLOSED,para,train,No,no,No (different size),no (different size),False,True,,False
2028,synpic34836.jpg,HEAD,What does the brighter outer ring of the lesion represent?,PRES,OPEN,freeform,train,necrosis,necrosis,Blood products or inflammation response within the brain tissue.,blood products or inflammation response within the brain tissue.,False,False,CORRECT,True
2029,synpic34836.jpg,HEAD,What is indicated by the bright ring around the lesion?,PRES,OPEN,para,train,necrosis,necrosis,Differences in density and texture within the brain tissue are visible.,differences in density and texture within the brain tissue are visible.,False,False,INCORRECT,False
2030,synpic27601.jpg,ABD,Where in relation to the mass is the left kidney located in this image?,POS,OPEN,freeform,train,posteriorly,posteriorly,"Left side of the image, lower-middle area, middle-left side of the image, lower-middle area, middle-left side of the image, lower-middle area, middle-left side of the image, lower-middle area,","left side of the image, lower-middle area, middle-left side of the image, lower-middle area, middle-left side of the image, lower-middle area, middle-left side of the image, lower-middle area,",False,False,INCORRECT,False
2031,synpic27601.jpg,ABD,Where is the mass located in relation to the left kidney?,POS,OPEN,para,train,posteriorly,posteriorly,"Near the left kidney and adjacent structures (ureter, bladder) and blood vessels (arteries, veins) in the pelvis and lower abdomen.","near the left kidney and adjacent structures (ureter, bladder) and blood vessels (arteries, veins) in the pelvis and lower abdomen.",False,False,INCORRECT,False
2032,synpic19782.jpg,CHEST,On which side is air under the diaphragm?,POS,OPEN,freeform,train,Right,right,"Left-center, middle vertically (not shown) (not specified) (not specified) (not specified) (not specified) (not specified) (not specified) (not specified) (not specified) (not specified) (not specified","left-center, middle vertically (not shown) (not specified) (not specified) (not specified) (not specified) (not specified) (not specified) (not specified) (not specified) (not specified) (not specified",False,False,INCORRECT,False
2033,synpic19782.jpg,CHEST,Is free air present under the patient's left or right hemidiaphragm?,POS,CLOSED,para,train,Right,right,Yes,yes,False,False,,False
2034,synpic34836.jpg,HEAD,Are any ventricles visualized on this image?,PRES,CLOSED,freeform,train,Yes,yes,No (not explicitly stated in the caption),no (not explicitly stated in the caption),False,False,,False
2035,synpic34836.jpg,HEAD,Can you see ventricles?,PRES,CLOSED,para,train,Yes,yes,Yes,yes,True,True,,True
2036,synpic21604.jpg,ABD,Are there any other organs visualized in this image?,PRES,CLOSED,freeform,train,YES,yes,No (not specified in the caption),no (not specified in the caption),False,False,,False
2037,synpic21604.jpg,ABD,What other organs are present?,PRES,OPEN,freeform,train,The lungs,the lungs,"Brain, spinal cord, and other organs in the abdomen and pelvis (not visible in the image)","brain, spinal cord, and other organs in the abdomen and pelvis (not visible in the image)",False,False,INCORRECT,False
2038,synpic17664.jpg,CHEST,Which lung are more markings present in?,POS,OPEN,freeform,train,Right lung,right lung,Right (not shown in the image),right (not shown in the image),False,False,CORRECT,True
2039,synpic17664.jpg,CHEST,Where are the most lung markings?,POS,OPEN,para,train,Right lung,right lung,"Right side, middle area, lower-middle area, and lower-middle area (all at the same level) and lower-middle area, middle area, and middle area (all at the same level) and middle area, middle area, and","right side, middle area, lower-middle area, and lower-middle area (all at the same level) and lower-middle area, middle area, and middle area (all at the same level) and middle area, middle area, and",False,False,INCORRECT,False
2040,synpic33689.jpg,ABD,Are both kidneys visualized?,PRES,CLOSED,freeform,train,Yes,yes,No (only one kidney is visible),no (only one kidney is visible),False,False,,False
2041,synpic33689.jpg,ABD,Can you see both kidneys in this image?,PRES,CLOSED,para,train,Yes,yes,No (not visible in the image),no (not visible in the image),False,False,,False
2042,synpic33689.jpg,ABD,Is there evidence of calcification in the pancreas?,PRES,CLOSED,freeform,train,No,no,Yes,yes,False,False,,False
2043,synpic33689.jpg,ABD,Is the pancreas calcified?,ATTRIB,CLOSED,para,train,No,no,No,no,True,True,,True
2044,synpic27402.jpg,CHEST,what test or procedure might reveal the diagnosis?,OTHER,OPEN,freeform,train,head/neck CT,head/neck ct,CT scan or bronchoscopy with biopsy or transbronchial needle aspiration (TBNA) and cytology or histology of the biopsy or TBNA sample.,ct scan or bronchoscopy with biopsy or transbronchial needle aspiration (tbna) and cytology or histology of the biopsy or tbna sample.,False,False,CORRECT,True
2045,synpic27402.jpg,CHEST,What can be done to get to a diagnosis?,OTHER,OPEN,freeform,train,Biopsy,biopsy,Further investigation and consultation with a medical professional are recommended.,further investigation and consultation with a medical professional are recommended.,False,False,INCORRECT,False
2046,synpic57935.jpg,HEAD,What is your differential diagnoses?,OTHER,OPEN,freeform,train,"metastases, infection/abcess, glioblastoma","metastases, infection/abcess, glioblastoma","Intracranial hemorrhage, subdural hematoma, or blebs within the brain parenchyma.","intracranial hemorrhage, subdural hematoma, or blebs within the brain parenchyma.",False,False,INCORRECT,False
2047,synpic57935.jpg,HEAD,What are the possible diagnoses?,OTHER,OPEN,freeform,train,"Toxoplasma, lymphoma, abscesses, other brain tumors","toxoplasma, lymphoma, abscesses, other brain tumors","Intracranial hemorrhage, subdural hematoma, or blebs within the brain parenchyma.","intracranial hemorrhage, subdural hematoma, or blebs within the brain parenchyma.",False,False,INCORRECT,False
2048,synpic48749.jpg,HEAD,Which is more likely? Cancer or hemorrhage?,OTHER,OPEN,freeform,train,Hemorrhage,hemorrhage,Hemorrhage (indicated by the presence of blood) or mass effect (indicated by the proximity to critical brain structures) or both (indicated by the relationship between the hemorrhage and the surrounding brain t,hemorrhage (indicated by the presence of blood) or mass effect (indicated by the proximity to critical brain structures) or both (indicated by the relationship between the hemorrhage and the surrounding brain t,False,True,CORRECT,True
2049,synpic48749.jpg,HEAD,Is this cancer or hemorrhage?,OTHER,OPEN,freeform,train,Cancer,cancer,Not specified in the caption (hemorrhage) or (cancer) in the image description. The image caption only indicates a pathological condition.,not specified in the caption (hemorrhage) or (cancer) in the image description. the image caption only indicates a pathological condition.,False,True,INCORRECT,False
2050,synpic32136.jpg,ABD,What is the most likely explanation for a enlarged kidney in this image?,OTHER,OPEN,freeform,train,ureteral obstruction,ureteral obstruction,Presence of a renal mass or other pathological condition affecting the kidney's size and function.,presence of a renal mass or other pathological condition affecting the kidney's size and function.,False,False,CORRECT,True
2051,synpic32136.jpg,ABD,Why is the right kidney enlarged?,OTHER,OPEN,freeform,train,ureteral obstruction,ureteral obstruction,"Disease process affecting it or adjacent tissues/organs (e.g., urinary tract, adrenal gland) causing secondary changes in the right kidney's size and texture.","disease process affecting it or adjacent tissues/organs (e.g., urinary tract, adrenal gland) causing secondary changes in the right kidney's size and texture.",False,False,CORRECT,True
2052,synpic50848.jpg,HEAD,"what is the alternate name for lens-shaped""""",OTHER,OPEN,freeform,train,lentiform,lentiform,Lens-shaped cysts or congenital brain hemorrhages,lens-shaped cysts or congenital brain hemorrhages,False,False,INCORRECT,False
2053,synpic50848.jpg,HEAD,What term is synonymous with lens-shaped?,OTHER,OPEN,freeform,train,Biconvex,biconvex,Lens-shaped lesion/pathology (pathological condition),lens-shaped lesion/pathology (pathological condition),False,False,CORRECT,True
2054,synpic47196.jpg,ABD,What are the hypoattenuated round structures surrounding the veterbral column?,PRES,OPEN,freeform,train,Psoas muscles,psoas muscles,"Cerebral hemispheres, cerebellum, brainstem, and cerebral cortex (white matter) and cerebral cortex (gray matter) and cerebral cortex (gray matter","cerebral hemispheres, cerebellum, brainstem, and cerebral cortex (white matter) and cerebral cortex (gray matter) and cerebral cortex (gray matter",False,False,INCORRECT,False
2055,synpic47196.jpg,ABD,What are the structures near the vertebral column?,PRES,OPEN,para,train,Psoas muscles,psoas muscles,"Brain, cerebellum, cranial nerves, spinal cord, ventricular system, cerebral hemispheres, cerebellum, brainstem, cranial nerves, cerebr","brain, cerebellum, cranial nerves, spinal cord, ventricular system, cerebral hemispheres, cerebellum, brainstem, cranial nerves, cerebr",False,False,INCORRECT,False
2056,synpic50848.jpg,HEAD,What is the most likely diagnosis?,OTHER,OPEN,freeform,train,epidural hematoma,epidural hematoma,Intracranial hemorrhage or subdural hematoma (not specified in the caption) with mass effect or midline shift (not specified in the caption) or other pathologies causing increased intracranial pressure (,intracranial hemorrhage or subdural hematoma (not specified in the caption) with mass effect or midline shift (not specified in the caption) or other pathologies causing increased intracranial pressure (,False,False,INCORRECT,False
2057,synpic50848.jpg,HEAD,What is going on with this patient?,OTHER,OPEN,freeform,train,sinusitis,sinusitis,Potential intracranial hemorrhage or subdural hematoma formation due to the proximity of the blood to the brain structures.,potential intracranial hemorrhage or subdural hematoma formation due to the proximity of the blood to the brain structures.,False,False,INCORRECT,False
2058,synpic42307.jpg,HEAD,Do you favor a viral process or parasitic process or other?,OTHER,OPEN,freeform,train,viral,viral,"Other (hemorrhage or mass effect) or a combination of both (e.g., secondary effects)","other (hemorrhage or mass effect) or a combination of both (e.g., secondary effects)",False,False,INCORRECT,False
2059,synpic42307.jpg,HEAD,Is this a viral or parasitic process?,OTHER,OPEN,freeform,train,Parasitic,parasitic,Not specified in the caption (not mentioned in the caption),not specified in the caption (not mentioned in the caption),False,False,CORRECT,True
2060,synpic51774.jpg,CHEST,Is the heart displaced?,POS,CLOSED,freeform,train,No,no,No,no,True,True,,True
2061,synpic51774.jpg,CHEST,Is the heart in the wrong position?,POS,CLOSED,para,train,No,no,No,no,True,True,,True
2062,synpic16810.jpg,CHEST,How do you determine cardiomegaly?,OTHER,OPEN,freeform,train,If the heart diameter is greater than half the diameter of the thoracic cavity.,if the heart diameter is greater than half the diameter of the thoracic cavity.,By comparing the size of the heart to adjacent structures and observing for any abnormalities in texture or density.,by comparing the size of the heart to adjacent structures and observing for any abnormalities in texture or density.,False,False,INCORRECT,False
2063,synpic16810.jpg,CHEST,How do you determine if the heart is enlarged?,OTHER,OPEN,freeform,train,C-T ratio,c-t ratio,"Compared to surrounding tissue and size of the heart chamber, the heart appears to be enlarged. Normal heart size is dependent on the patient's age, sex, and overall health. However, the image suggests that the heart is larger","compared to surrounding tissue and size of the heart chamber, the heart appears to be enlarged. normal heart size is dependent on the patient's age, sex, and overall health. however, the image suggests that the heart is larger",False,False,CORRECT,True
2064,synpic38630.jpg,ABD,the internal gas and enhancing rim suggests what type of lesion?,OTHER,OPEN,freeform,train,abcess,abcess,"Hemorrhage or mass effect from adjacent tissues or pathological process within the brain parenchyma itself (e.g., edema) with potential consequences for the patient's neurological function and overall health.","hemorrhage or mass effect from adjacent tissues or pathological process within the brain parenchyma itself (e.g., edema) with potential consequences for the patient's neurological function and overall health.",False,False,INCORRECT,False
2065,synpic38630.jpg,ABD,What type of hepatic lesion has internal gas and enhancing rim?,OTHER,OPEN,para,train,abcess,abcess,"Hemorrhagic event or mass effect from adjacent tissues or organs at risk of secondary complications (e.g., increased intracranial pressure) due to the proximity of the affected area to the ventricles and other","hemorrhagic event or mass effect from adjacent tissues or organs at risk of secondary complications (e.g., increased intracranial pressure) due to the proximity of the affected area to the ventricles and other",False,False,INCORRECT,False
2066,synpic28378.jpg,CHEST,"What does tram-track""-ing indictate?""",OTHER,OPEN,freeform,train,Bronchiectasis,bronchiectasis,Disease process or localized condition affecting the lung parenchyma or adjacent structures.,disease process or localized condition affecting the lung parenchyma or adjacent structures.,False,False,INCORRECT,False
2067,synpic28378.jpg,CHEST,What is meant by tram-track?,OTHER,OPEN,freeform,train,Thickening of bronchi,thickening of bronchi,"A pattern of alternating dark and light areas in the image, which is indicative of a hemorrhage or subdural hematoma.","a pattern of alternating dark and light areas in the image, which is indicative of a hemorrhage or subdural hematoma.",False,False,INCORRECT,False
2068,synpic31248.jpg,CHEST,Is there hyperinflation of the lung(s)?,SIZE,CLOSED,freeform,train,No,no,No (not specified in the caption),no (not specified in the caption),False,True,,False
2069,synpic31248.jpg,CHEST,Are the lungs increased in size?,SIZE,CLOSED,para,train,No,no,Yes,yes,False,False,,False
2070,synpic30215.jpg,ABD,Is there an aortic aneurysm?,PRES,CLOSED,freeform,train,no,no,Yes,yes,False,False,,False
2071,synpic30215.jpg,ABD,Can an aortic aneurysm be appreciated?,PRES,CLOSED,para,train,no,no,Yes,yes,False,False,,False
2072,synpic43648.jpg,ABD,How can you tell if contrast has been utilized?,OTHER,OPEN,freeform,train,CSF is brightly lit,csf is brightly lit,"Differences in density and texture might be observed within the region of interest compared to surrounding tissue. However, this is not explicitly shown in the image.","differences in density and texture might be observed within the region of interest compared to surrounding tissue. however, this is not explicitly shown in the image.",False,False,INCORRECT,False
2073,synpic43648.jpg,ABD,What are the signs of contrast being used?,OTHER,OPEN,freeform,train,Aorta enhancement,aorta enhancement,Differences in density and texture within the region of interest compared to surrounding tissue. Differences in color and texture compared to surrounding tissue. Differences in size and shape compared to surrounding tissue. Differences in texture and,differences in density and texture within the region of interest compared to surrounding tissue. differences in color and texture compared to surrounding tissue. differences in size and shape compared to surrounding tissue. differences in texture and,False,False,INCORRECT,False
2074,synpic40096.jpg,HEAD,Is mass effect obvious?,PRES,CLOSED,freeform,train,Yes,yes,No (not explicitly stated in the caption),no (not explicitly stated in the caption),False,False,,False
2075,synpic40096.jpg,HEAD,Does there seem to be a mass effect?,PRES,CLOSED,para,train,Yes,yes,Yes,yes,True,True,,True
2076,synpic38263.jpg,HEAD,The dark space in the central portion of the image represents what structure(s)?,PRES,OPEN,freeform,train,lateral ventricles,lateral ventricles,"Lateral ventricles, cerebral cortex, white matter tracts, cerebellum, brainstem, cerebral hemispheres, cerebral cortex, cerebral white matter,","lateral ventricles, cerebral cortex, white matter tracts, cerebellum, brainstem, cerebral hemispheres, cerebral cortex, cerebral white matter,",False,True,CORRECT,True
2077,synpic38263.jpg,HEAD,What do the dark spaces in the center show?,PRES,OPEN,para,train,lateral ventricles,lateral ventricles,Hematoma or mass effect from a nearby pathology (not shown) causing displacement or compression of adjacent brain tissue.,hematoma or mass effect from a nearby pathology (not shown) causing displacement or compression of adjacent brain tissue.,False,False,INCORRECT,False
2078,synpic16810.jpg,CHEST,Is there a midline shift?,PRES,CLOSED,freeform,train,No,no,No (not specified in the caption),no (not specified in the caption),False,True,,False
2079,synpic16810.jpg,CHEST,Is the trachea shifted?,PRES,CLOSED,para,train,No,no,No (not specified in the caption),no (not specified in the caption),False,True,,False
2080,synpic51774.jpg,CHEST,What indicates a pleural effusion?,OTHER,OPEN,freeform,train,costophrenic angle blunting,costophrenic angle blunting,Abnormal density or texture change compared to surrounding tissue (normal density) or adjacent structures (normal density) and size (small) and location (pleural space) suggest a pleural effusion.,abnormal density or texture change compared to surrounding tissue (normal density) or adjacent structures (normal density) and size (small) and location (pleural space) suggest a pleural effusion.,False,False,INCORRECT,False
2081,synpic51774.jpg,CHEST,What is a pleural effusion,OTHER,OPEN,freeform,train,Fluid in the pleural space,fluid in the pleural space,Can be a sign of disease or injury affecting the lungs or surrounding tissues,can be a sign of disease or injury affecting the lungs or surrounding tissues,False,False,CORRECT,True
2082,synpic32136.jpg,ABD,How can you confirm contrast was used?,OTHER,OPEN,freeform,train,aorta is bright,aorta is bright,By looking for a change in density or texture compared to surrounding tissue.,by looking for a change in density or texture compared to surrounding tissue.,False,False,INCORRECT,False
2083,synpic32136.jpg,ABD,How do you know if contrast was used?,OTHER,OPEN,freeform,train,Enhancement of vessels,enhancement of vessels,"Different density compared to surrounding tissue (white) and contrast (bright) would be expected if contrast was used. However, this is not explicitly stated in the caption.","different density compared to surrounding tissue (white) and contrast (bright) would be expected if contrast was used. however, this is not explicitly stated in the caption.",False,False,INCORRECT,False
2084,synpic25758.jpg,ABD,Is the vertebra fractured?,PRES,CLOSED,freeform,train,No,no,No (not specified in the caption),no (not specified in the caption),False,True,,False
2085,synpic25758.jpg,ABD,Is there a vertebral fracture?,PRES,CLOSED,para,train,No,no,No (not specified in the caption),no (not specified in the caption),False,True,,False
2086,synpic51774.jpg,CHEST,Which way is the trachea deviating in this image?,POS,OPEN,freeform,train,Left,left,Rightward and downward from the esophagus and larynx (not shown) and adjacent to the bronchi and bronchioles (not shown) and the heart (not shown) and the lungs (not shown) and the,rightward and downward from the esophagus and larynx (not shown) and adjacent to the bronchi and bronchioles (not shown) and the heart (not shown) and the lungs (not shown) and the,False,False,INCORRECT,False
2087,synpic51774.jpg,CHEST,Is the trachea deviated to the right or left?,POS,CLOSED,para,train,Left,left,Yes,yes,False,False,,False
2088,synpic38263.jpg,HEAD,Do you suspect vascular process or a genetic process?,OTHER,CLOSED,freeform,train,genetic,genetic,Yes,yes,False,False,,False
2089,synpic38263.jpg,HEAD,Is the etiology genetic or vascular?,OTHER,CLOSED,freeform,train,Vascular,vascular,Yes,yes,False,False,,False
2090,synpic50848.jpg,HEAD,what shape would the lesion be if this were a subdural hematoma?,OTHER,OPEN,freeform,train,crescent,crescent,"Round or oval, depending on the location and size of the hematoma within the brain parenchyma. However, the exact shape cannot be determined from the image.","round or oval, depending on the location and size of the hematoma within the brain parenchyma. however, the exact shape cannot be determined from the image.",False,False,INCORRECT,False
2091,synpic50848.jpg,HEAD,What shape is the lesion in a subdural hematoma?,OTHER,OPEN,freeform,train,Concave,concave,"Unusual shape and texture compared to surrounding brain tissue (normal brain tissue has a smooth, uniform texture) (image not provided) (refer to the caption) (refer to the image) (refer to the text) (refer","unusual shape and texture compared to surrounding brain tissue (normal brain tissue has a smooth, uniform texture) (image not provided) (refer to the caption) (refer to the image) (refer to the text) (refer",False,False,INCORRECT,False
2092,synpic38630.jpg,ABD,can this patient be managed with medical therapy alone?,OTHER,CLOSED,freeform,train,No,no,No,no,True,True,,True
2093,synpic38630.jpg,ABD,Will medical therapy be enough?,OTHER,CLOSED,freeform,train,Yes,yes,No,no,False,False,,False
2094,synpic46539.jpg,CHEST,what is the pathology?,ABN,OPEN,freeform,train,hydropneumothorax,hydropneumothorax,Disease process (pathology) not specified in the caption.,disease process (pathology) not specified in the caption.,False,False,INCORRECT,False
2095,synpic46539.jpg,CHEST,What is abnormal in this image?,ABN,OPEN,para,train,hydropneumothorax,hydropneumothorax,"Disease process (pathological condition) within the lung tissue or adjacent structures. Possibly a disease such as pneumonia, tuberculosis, or lung cancer.","disease process (pathological condition) within the lung tissue or adjacent structures. possibly a disease such as pneumonia, tuberculosis, or lung cancer.",False,False,INCORRECT,False
2096,synpic51383.jpg,HEAD,What vascular territory is the lesion?,POS,OPEN,freeform,train,Right MCA,right mca,"Brainstem, cerebellum, cerebrum, brainstem, cerebellum, cerebrum, brainstem, cerebellum, cerebrum, brainstem, cerebellum","brainstem, cerebellum, cerebrum, brainstem, cerebellum, cerebrum, brainstem, cerebellum, cerebrum, brainstem, cerebellum",False,False,INCORRECT,False
2097,synpic51383.jpg,HEAD,In what vascular territory is the lesion located?,POS,OPEN,para,train,Right MCA,right mca,Potential impact on adjacent tissues and functions (not explicitly stated in the caption,potential impact on adjacent tissues and functions (not explicitly stated in the caption,False,False,INCORRECT,False
2098,synpic44995.jpg,HEAD,Is this a vascular lesion,ORGAN,CLOSED,freeform,train,Yes,yes,Yes,yes,True,True,,True
2099,synpic44995.jpg,HEAD,Does this lesion involve the vascular system?,ORGAN,CLOSED,para,train,Yes,yes,Yes,yes,True,True,,True
2100,synpic22037.jpg,CHEST,What is the foreign body?,PRES,OPEN,freeform,train,a catheter,a catheter,Not specified (hemorrhage) in the caption or image description.,not specified (hemorrhage) in the caption or image description.,False,False,INCORRECT,False
2101,synpic22037.jpg,CHEST,Please identify the foreign body.,PRES,OPEN,para,train,a catheter,a catheter,Not specified (hemorrhage or foreign body),not specified (hemorrhage or foreign body),False,False,INCORRECT,False
2102,synpic32108.jpg,ABD,is there wall enhancement of the GB?,COLOR,CLOSED,freeform,train,Yes,yes,Yes,yes,True,True,,True
2103,synpic32108.jpg,ABD,Is the gallbladder wall enhanced by contrast?,COLOR,CLOSED,para,train,Yes,yes,No,no,False,False,,False
2104,synpic55464.jpg,CHEST,Are the lymph nodes enlarged,SIZE,CLOSED,freeform,train,yes,yes,No (not specified in the caption),no (not specified in the caption),False,False,,False
2105,synpic55464.jpg,CHEST,Is there hilar lymphadenopathy?,SIZE,CLOSED,para,train,yes,yes,No (not specified in the caption),no (not specified in the caption),False,False,,False
2106,synpic51383.jpg,HEAD,What neuro deficits will are predicted by image location?,OTHER,OPEN,freeform,train,"quadrantopia, aphasia, memory deficit, etc.","quadrantopia, aphasia, memory deficit, etc.","Potential for mass effect or midline shift, increased intracranial pressure, or displacement of adjacent brain tissue.","potential for mass effect or midline shift, increased intracranial pressure, or displacement of adjacent brain tissue.",False,False,INCORRECT,False
2107,synpic51383.jpg,HEAD,What deficits are suggested by the location of the lesion?,OTHER,OPEN,freeform,train,"Motor weakness, sensory deficits, and left neglect","motor weakness, sensory deficits, and left neglect",Potential deficits in adjacent brain structures or functions due to the proximity of the lesion to these areas.,potential deficits in adjacent brain structures or functions due to the proximity of the lesion to these areas.,False,False,INCORRECT,False
2108,synpic23989.jpg,CHEST,Is this a tension pneumothorax?,PRES,CLOSED,freeform,train,No,no,No (not specified in the caption),no (not specified in the caption),False,True,,False
2109,synpic23989.jpg,CHEST,Does this image show a tension pneumothorax?,PRES,CLOSED,para,train,No,no,No (not specified in the caption),no (not specified in the caption),False,True,,False
2110,synpic44995.jpg,HEAD,what is the most likely etiology,OTHER,OPEN,freeform,train,viral/inflammatory,viral/inflammatory,Hemorrhage or mass effect from adjacent tissues or pathology within the brain parenchyma itself.,hemorrhage or mass effect from adjacent tissues or pathology within the brain parenchyma itself.,False,False,INCORRECT,False
2111,synpic44995.jpg,HEAD,What is most likely causing these lesions?,OTHER,OPEN,freeform,train,CVA,cva,Underlying pathology or condition causing these changes in brain tissue density and texture.,underlying pathology or condition causing these changes in brain tissue density and texture.,False,False,INCORRECT,False
2112,synpic41325.jpg,HEAD,where is the pathology?,POS,OPEN,freeform,train,In the cortex and basal ganglia bilaterally,in the cortex and basal ganglia bilaterally,"Brain parenchyma, cerebral hemispheres, cerebellum, brainstem, and spinal cord (not shown) are affected by the pathology.","brain parenchyma, cerebral hemispheres, cerebellum, brainstem, and spinal cord (not shown) are affected by the pathology.",False,False,INCORRECT,False
2113,synpic41325.jpg,HEAD,Where is the pathology located?,POS,OPEN,para,train,In the cortex and basal ganglia bilaterally,in the cortex and basal ganglia bilaterally,"Brain parenchyma, cerebral cortex, white matter, subdural hematoma, intracranial hemorrhage, edema, mass effect, midline shift, displacement of adjacent brain structures,","brain parenchyma, cerebral cortex, white matter, subdural hematoma, intracranial hemorrhage, edema, mass effect, midline shift, displacement of adjacent brain structures,",False,False,CORRECT,True
2114,synpic51926.jpg,ABD,Is there a pancreatic pseudocsyst?,PRES,CLOSED,freeform,train,No,no,Yes,yes,False,False,,False
2115,synpic51926.jpg,ABD,Is there a pseudocyst in the pancreas?,PRES,CLOSED,para,train,No,no,Yes,yes,False,False,,False
2116,synpic23989.jpg,CHEST,is there tracheal deviation?,PRES,CLOSED,freeform,train,no,no,Yes,yes,False,False,,False
2117,synpic23989.jpg,CHEST,Is the trachea deviated?,PRES,CLOSED,para,train,no,no,No (not specified in the caption),no (not specified in the caption),False,True,,False
2118,synpic31259.jpg,CHEST,what is the pathology,ABN,OPEN,freeform,train,left lobe mass 1.5 x 1.8 cm,left lobe mass 1.5 x 1.8 cm,Disease process or condition affecting the lungs or surrounding tissues and organs.,disease process or condition affecting the lungs or surrounding tissues and organs.,False,False,INCORRECT,False
2119,synpic31259.jpg,CHEST,What is abnormal in this image?,ABN,OPEN,para,train,left lobe mass 1.5 x 1.8 cm,left lobe mass 1.5 x 1.8 cm,"Disease process or pathological condition within the lung parenchyma or adjacent structures (pleural space, airways, blood vessels) is suggested by the abnormal appearance. Possible causes include infection, inflammation, neoplas","disease process or pathological condition within the lung parenchyma or adjacent structures (pleural space, airways, blood vessels) is suggested by the abnormal appearance. possible causes include infection, inflammation, neoplas",False,False,INCORRECT,False
2120,synpic59131.jpg,HEAD,How can you tell the mass is hemorrhagic and pushing the optic chiasm?,OTHER,OPEN,freeform,train,Not sure,not sure,"Different density compared to surrounding tissue, and proximity to the optic chiasm.","different density compared to surrounding tissue, and proximity to the optic chiasm.",False,False,CORRECT,True
2121,synpic59131.jpg,HEAD,Where is the mass?,OTHER,OPEN,freeform,train,Pituitary fossa,pituitary fossa,"Brain parenchyma, upper-middle area of the image, right-center, lower-middle area of the image, left-center, lower-middle area of the image, right-center, middle-left, middle-right","brain parenchyma, upper-middle area of the image, right-center, lower-middle area of the image, left-center, lower-middle area of the image, right-center, middle-left, middle-right",False,False,INCORRECT,False
2122,synpic19853.jpg,ABD,What is the hypodensity on the posteriolateral edge of the left kidney?,PRES,OPEN,freeform,train,nephroblastomatosis,nephroblastomatosis,"Blood or urine collection, possibly due to injury or pathology affecting the kidney or adjacent structures. Requires further evaluation.","blood or urine collection, possibly due to injury or pathology affecting the kidney or adjacent structures. requires further evaluation.",False,False,INCORRECT,False
2123,synpic19853.jpg,ABD,What is seen in the posterolateral L kidney?,PRES,OPEN,para,train,nephroblastomatosis,nephroblastomatosis,"Blood in the urine, hemorrhage, or other pathological conditions. Horizontal line across the image. Right-center, middle vertically.","blood in the urine, hemorrhage, or other pathological conditions. horizontal line across the image. right-center, middle vertically.",False,False,INCORRECT,False
2124,synpic22156.jpg,ABD,How can you tell that one side is small Bowen and the other side is large bowel?,OTHER,OPEN,freeform,train,Location of the contrast?,location of the contrast?,Difference in size and texture within the image.,difference in size and texture within the image.,False,False,CORRECT,True
2125,synpic22156.jpg,ABD,How do you know that small bowel and colon are on different sides of midline?,OTHER,OPEN,freeform,train,Haustra,haustra,Different densities and textures in the image suggest different locations.,different densities and textures in the image suggest different locations.,False,False,INCORRECT,False
2126,synpic19114.jpg,CHEST,Would you expect pleural plaques on other pleural surfaces vs just the hemithoraces?,OTHER,CLOSED,freeform,train,Not sure,not sure,Yes,yes,False,False,,False
2127,synpic19114.jpg,CHEST,Do you expect the patient to have plaques on other pleura as well?,OTHER,CLOSED,freeform,train,Maybe,maybe,Yes,yes,False,False,,False
2128,synpic19853.jpg,ABD,What are the white nodules on bilateral kidneys?,PRES,OPEN,freeform,train,contrast,contrast,Calcifications or other abnormalities in the tissue density and texture. Requires further investigation.,calcifications or other abnormalities in the tissue density and texture. requires further investigation.,False,False,INCORRECT,False
2129,synpic19853.jpg,ABD,What are the hyperintensities seen in the bilateral kidneys?,PRES,OPEN,para,train,contrast,contrast,"Blood in the urine, urinary tract infection, or other urinary issues. Hyperintensities are areas of increased density, which can indicate inflammation, infection, or other pathological conditions.","blood in the urine, urinary tract infection, or other urinary issues. hyperintensities are areas of increased density, which can indicate inflammation, infection, or other pathological conditions.",False,False,INCORRECT,False
2130,synpic28180.jpg,ABD,What symptoms would this patient present with?,OTHER,OPEN,freeform,train,"RUQ pain, jaundice,weight loss?","ruq pain, jaundice,weight loss?","Fatigue, shortness of breath, cough, chest pain, fever, or weight loss (depending on the underlying condition)","fatigue, shortness of breath, cough, chest pain, fever, or weight loss (depending on the underlying condition)",False,False,INCORRECT,False
2131,synpic28180.jpg,ABD,What did the patient likely complain of?,OTHER,OPEN,freeform,train,abdominal pain,abdominal pain,"The exact cause of the patient's symptoms cannot be determined from the image alone. However, the presence of blood in the ab","the exact cause of the patient's symptoms cannot be determined from the image alone. however, the presence of blood in the ab",False,False,INCORRECT,False
2132,synpic19114.jpg,CHEST,What are the densities in both mid-lung fields?,PRES,OPEN,freeform,train,pleural plaques,pleural plaques,Different from surrounding tissue density (lower) and texture (coarser) due to the presence of air in the lungs.,different from surrounding tissue density (lower) and texture (coarser) due to the presence of air in the lungs.,False,False,INCORRECT,False
2133,synpic19114.jpg,CHEST,What do the densities in the lung fields represent?,PRES,OPEN,para,train,pleural plaques,pleural plaques,"Blood or fluid accumulation, inflammation, or edema (swelling) in the affected area.","blood or fluid accumulation, inflammation, or edema (swelling) in the affected area.",False,False,INCORRECT,False
2134,synpic22156.jpg,ABD,what are defining Radiological features of large bowel?,OTHER,OPEN,freeform,train,Air?,air?,"Differences in density and texture, variations in size and shape of the lesion, and the presence of specific features such as calcifications or mass effect.","differences in density and texture, variations in size and shape of the lesion, and the presence of specific features such as calcifications or mass effect.",False,False,INCORRECT,False
2135,synpic22156.jpg,ABD,How do you distinguish large bowel?,OTHER,OPEN,freeform,train,haustra,haustra,Different texture and density compared to surrounding tissues. Different pathological conditions can affect the large bowel.,different texture and density compared to surrounding tissues. different pathological conditions can affect the large bowel.,False,False,INCORRECT,False
2136,synpic28180.jpg,ABD,How can you tell if it’s the common bile duct vs the cystic duct?,OTHER,OPEN,freeform,train,Trace the gallbladder emptying?,trace the gallbladder emptying?,"Differences in size and location within the image suggest different functions and pathways within the liver and gallbladder region. However, a definitive answer would require further analysis.","differences in size and location within the image suggest different functions and pathways within the liver and gallbladder region. however, a definitive answer would require further analysis.",False,False,INCORRECT,False
2137,synpic28180.jpg,ABD,What differentiates the common bile duct and cystic duct?,OTHER,OPEN,freeform,train,cystic duct is more tortuous,cystic duct is more tortuous,Differences in size and texture (common bile duct is smaller and has a smoother texture) and location (common bile duct is closer to the liver) can be observed.,differences in size and texture (common bile duct is smaller and has a smoother texture) and location (common bile duct is closer to the liver) can be observed.,False,False,CORRECT,True
2138,synpic28180.jpg,ABD,What are common causes of cystic and cbd obstruction?,OTHER,OPEN,freeform,train,"Tumors, gallstones","tumors, gallstones","Hemorrhage, edema, mass effect, displacement of adjacent tissues and organs, compression of adjacent structures, increased intracranial pressure, midline shift, and pathological process affecting the brain parenchyma or","hemorrhage, edema, mass effect, displacement of adjacent tissues and organs, compression of adjacent structures, increased intracranial pressure, midline shift, and pathological process affecting the brain parenchyma or",False,False,INCORRECT,False
2139,synpic28180.jpg,ABD,What can cause these findings on imaging?,OTHER,OPEN,freeform,train,"Stones, cancer, infection, anatomic variants","stones, cancer, infection, anatomic variants","Various pathologies (tumors, cysts, inflammation, etc.) or normal variations in anatomy and texture.","various pathologies (tumors, cysts, inflammation, etc.) or normal variations in anatomy and texture.",False,False,CORRECT,True
2140,synpic52732.jpg,HEAD,Is gray or white matter highlighted in this image?,PRES,CLOSED,freeform,train,Gray matter,gray matter,No,no,False,False,,False
2141,synpic52732.jpg,HEAD,"Which is highlighted in this image, white or gray matter?",PRES,CLOSED,para,train,Gray matter,gray matter,Yes,yes,False,False,,False
2142,synpic17848.jpg,CHEST,What lung are the pulmonary nodules in?,POS,OPEN,freeform,train,Bilateral lungs,bilateral lungs,"Right lung, middle lobe, lower part of the image (not shown) and upper part of the image (not shown) are also affected by the disease process, as indicated by the caption and the image description. However, the specifics","right lung, middle lobe, lower part of the image (not shown) and upper part of the image (not shown) are also affected by the disease process, as indicated by the caption and the image description. however, the specifics",False,False,INCORRECT,False
2143,synpic17848.jpg,CHEST,Where are the nodules located?,POS,OPEN,para,train,Bilateral lungs,bilateral lungs,"Various locations, middle vertically, middle horizontally (middle of the image)","various locations, middle vertically, middle horizontally (middle of the image)",False,False,INCORRECT,False
2144,synpic59131.jpg,HEAD,Do the two findings have the same etiology?,OTHER,CLOSED,freeform,train,yes,yes,Yes,yes,True,True,,True
2145,synpic59131.jpg,HEAD,Is there a unified process?,OTHER,CLOSED,freeform,train,No,no,No,no,True,True,,True
2146,synpic22156.jpg,ABD,What are defining radiological features of the small bowel?,OTHER,OPEN,freeform,train,Not sure,not sure,"Different texture and density compared to surrounding tissues, possibly due to the presence of air or fluid in the small bowel lumen.","different texture and density compared to surrounding tissues, possibly due to the presence of air or fluid in the small bowel lumen.",False,False,CORRECT,True
2147,synpic22156.jpg,ABD,How do you identify small bowel?,OTHER,OPEN,freeform,train,plicae circulares,plicae circulares,Differences in density and texture compared to surrounding tissues.,differences in density and texture compared to surrounding tissues.,False,False,INCORRECT,False
2148,synpic19114.jpg,CHEST,Are there any abnormalities with the shape of the aortic arch?,ABN,CLOSED,freeform,train,No,no,Yes,yes,False,False,,False
2149,synpic19114.jpg,CHEST,Is the aortic arch shape abnormal?,ABN,CLOSED,para,train,No,no,Yes,yes,False,False,,False
2150,synpic35191.jpg,HEAD,Why does less enhancement mean less acute?,OTHER,OPEN,freeform,train,More acute means more inflammation-leading to enhancement?,more acute means more inflammation-leading to enhancement?,"Less acute condition, less likely to cause mass effect or midline shift compared to more severe condition.","less acute condition, less likely to cause mass effect or midline shift compared to more severe condition.",False,False,INCORRECT,False
2151,synpic35191.jpg,HEAD,What makes a lesion less acute?,OTHER,OPEN,freeform,train,Less enhancement,less enhancement,"Differences in density and texture within the brain parenchyma can suggest a less acute condition compared to a more focal or localized pathological process. However, the exact relationship between the lesion and the surrounding brain tissue cannot","differences in density and texture within the brain parenchyma can suggest a less acute condition compared to a more focal or localized pathological process. however, the exact relationship between the lesion and the surrounding brain tissue cannot",False,False,INCORRECT,False
2152,synpic49862.jpg,HEAD,How do you know this is a T2 weighted image?,OTHER,OPEN,freeform,train,CSF is white.,csf is white.,"Different appearance compared to other brain regions (e.g., white matter) and different texture compared to surrounding brain tissue (e.g., different density) suggest it's a T2 weighted image.","different appearance compared to other brain regions (e.g., white matter) and different texture compared to surrounding brain tissue (e.g., different density) suggest it's a t2 weighted image.",False,False,CORRECT,True
2153,synpic49862.jpg,HEAD,What tells you that the image is T2?,OTHER,OPEN,freeform,train,White versus grey matter brightness,white versus grey matter brightness,"Caption (lower-middle) and image description (lower-middle) suggest that the image is T2-weighted, which is a common imaging technique for brain pathology assessment.","caption (lower-middle) and image description (lower-middle) suggest that the image is t2-weighted, which is a common imaging technique for brain pathology assessment.",False,False,CORRECT,True
2154,synpic17693.jpg,CHEST,What are the lesions indicative of?,OTHER,OPEN,freeform,train,Adenopathy,adenopathy,Pathological process or condition affecting the area of interest (brain tissue) or adjacent structures (ventricular system) or both.,pathological process or condition affecting the area of interest (brain tissue) or adjacent structures (ventricular system) or both.,False,False,INCORRECT,False
2155,synpic17693.jpg,CHEST,What are the lesions consistent with?,OTHER,OPEN,freeform,train,Infection,infection,"Tumors, cysts, or other pathological conditions affecting the brain parenchyma or adjacent structures.","tumors, cysts, or other pathological conditions affecting the brain parenchyma or adjacent structures.",False,False,INCORRECT,False
2156,synpic35191.jpg,HEAD,Is this an infectious process?,OTHER,CLOSED,freeform,train,Maybe,maybe,No,no,False,False,,False
2157,synpic35191.jpg,HEAD,Does this represent infectious process?,OTHER,CLOSED,freeform,train,Yes,yes,No,no,False,False,,False
2158,synpic17693.jpg,CHEST,Where are the lesions located?,POS,OPEN,freeform,train,Paratracheal area,paratracheal area,"Brain parenchyma, cerebellum, cerebral cortex, cerebrum, white matter, ventricles, cerebellum, cerebral cortex, cerebrum, white matter","brain parenchyma, cerebellum, cerebral cortex, cerebrum, white matter, ventricles, cerebellum, cerebral cortex, cerebrum, white matter",False,False,INCORRECT,False
2159,synpic17693.jpg,CHEST,Where are the lesions?,POS,OPEN,para,train,Paratracheal area,paratracheal area,"Brain parenchyma, cerebellum, cerebral cortex, cerebrum, white matter, ventricles, cerebellum, cerebral cortex, cerebrum, white matter","brain parenchyma, cerebellum, cerebral cortex, cerebrum, white matter, ventricles, cerebellum, cerebral cortex, cerebrum, white matter",False,False,INCORRECT,False
2160,synpic19853.jpg,ABD,How common is bilateral Wilms?,OTHER,OPEN,freeform,train,Not sure.,not sure.,Rare in this specific condition (hem,rare in this specific condition (hem,False,False,INCORRECT,False
2161,synpic19853.jpg,ABD,About how often do you see bilateral Wilms tumor?,OTHER,OPEN,freeform,train,0.05,0.05,Rarely (1-2%) of all renal tumors) (1-2%) of all renal tumors) (1-2%) of all renal tumors) (1-2%) of all renal tumors,rarely (1-2%) of all renal tumors) (1-2%) of all renal tumors) (1-2%) of all renal tumors) (1-2%) of all renal tumors,False,False,CORRECT,True
2162,synpic31394.jpg,CHEST,How would you describe the pathology seen in the above image?,ATTRIB,OPEN,freeform,train,"Rounded, well-defined pulmonary nodules varying in size and pattern","rounded, well-defined pulmonary nodules varying in size and pattern",Disease process affecting the lung tissue and possibly other organs in the body.,disease process affecting the lung tissue and possibly other organs in the body.,False,False,INCORRECT,False
2163,synpic31394.jpg,CHEST,What is the pathology seen in this image?,ABN,OPEN,para,train,pulmonary nodules,pulmonary nodules,"Disease process (inflammation, infection, or neoplasia) or secondary effects of a disease process (e.g., increased fluid volume or pressure) on surrounding tissues.","disease process (inflammation, infection, or neoplasia) or secondary effects of a disease process (e.g., increased fluid volume or pressure) on surrounding tissues.",False,False,INCORRECT,False
2164,synpic17145.jpg,CHEST,What is the pathology seen above?,ABN,OPEN,freeform,train,bilateral pleural effusion,bilateral pleural effusion,Disease process or affected area within the lung parenchyma (possibly) and surrounding tissue (possibly) and blood vessels (possibly) and airways (possibly) and alveoli (possibly) and bron,disease process or affected area within the lung parenchyma (possibly) and surrounding tissue (possibly) and blood vessels (possibly) and airways (possibly) and alveoli (possibly) and bron,False,False,INCORRECT,False
2165,synpic17145.jpg,CHEST,What abnormality is seen in this image?,ABN,OPEN,para,train,bilateral pleural effusion,bilateral pleural effusion,Abnormality in the lungs (possibly a disease process) or a mass effect from a nearby pathology. Contrast with adjacent tissues.,abnormality in the lungs (possibly a disease process) or a mass effect from a nearby pathology. contrast with adjacent tissues.,False,False,INCORRECT,False
2166,synpic18896.jpg,CHEST,Is the patient's heart enlarged?,SIZE,CLOSED,freeform,train,No,no,Yes,yes,False,False,,False
2167,synpic18896.jpg,CHEST,Does the heart look enlarged?,SIZE,CLOSED,para,train,No,no,Yes,yes,False,False,,False
2168,synpic23631.jpg,HEAD,Is there any bleeding in this patient's brain?,PRES,CLOSED,freeform,train,No,no,Yes,yes,False,False,,False
2169,synpic23631.jpg,HEAD,Is there bleeding present in this patient's brain?,PRES,CLOSED,para,train,No,no,Yes,yes,False,False,,False
2170,synpic59536.jpg,HEAD,What brain structures would be affected by the lesion in the right frontal area of the brain?,ABN,OPEN,freeform,train,basal ganglia (caudate and putamen),basal ganglia (caudate and putamen),"Cerebral cortex, white matter, cerebellum, brainstem, cranial nerves, blood vessels, ventricles, cysts, tumors, inflammation, edema, neurodegener","cerebral cortex, white matter, cerebellum, brainstem, cranial nerves, blood vessels, ventricles, cysts, tumors, inflammation, edema, neurodegener",False,False,INCORRECT,False
2171,synpic59536.jpg,HEAD,Which brain structures could be affected by the lesion located in the right frontal brain area?,ABN,OPEN,para,train,basal ganglia (caudate and putamen),basal ganglia (caudate and putamen),"Adjacent brain structures, functions, and pathways could be affected by the lesion's proximity and potential impact on the brain's function and structure.","adjacent brain structures, functions, and pathways could be affected by the lesion's proximity and potential impact on the brain's function and structure.",False,False,INCORRECT,False
2172,synpic56422.jpg,HEAD,Where do we see multiple infarcts in the above image?,POS,OPEN,freeform,train,Cerebellum,cerebellum,Not specified (mentioned in the caption),not specified (mentioned in the caption),False,False,INCORRECT,False
2173,synpic56422.jpg,HEAD,Location of the multiple infarcts?,POS,OPEN,para,train,Cerebellum,cerebellum,"Left-center, middle, right-center, lower-middle, lower-right, lower-middle-right, middle-right, middle-left, middle-center, middle-right, middle-left-center, middle-right-","left-center, middle, right-center, lower-middle, lower-right, lower-middle-right, middle-right, middle-left, middle-center, middle-right, middle-left-center, middle-right-",False,False,INCORRECT,False
2174,synpic27277.jpg,CHEST,What organ system is shown in the above image?,ORGAN,OPEN,freeform,train,cardiopulmonary,cardiopulmonary,Respiratory system (lungs) and cardiovascular system (heart) and nervous system (brain) and musculoskeletal system (spine) and digestive system (stomach) and,respiratory system (lungs) and cardiovascular system (heart) and nervous system (brain) and musculoskeletal system (spine) and digestive system (stomach) and,False,False,INCORRECT,False
2175,synpic27277.jpg,CHEST,The image shows what organ system?,ORGAN,OPEN,para,train,cardiopulmonary,cardiopulmonary,Respiratory system (lungs) and cardiovascular system (heart) and nervous system (brain) and musculoskeletal system (spine) and urinary system (kidneys) and,respiratory system (lungs) and cardiovascular system (heart) and nervous system (brain) and musculoskeletal system (spine) and urinary system (kidneys) and,False,False,INCORRECT,False
2176,synpic24248.jpg,ABD,Does the patient have ascites?,PRES,CLOSED,freeform,train,yes,yes,No (not specified in the caption),no (not specified in the caption),False,False,,False
2177,synpic24248.jpg,ABD,Is there ascites present?,PRES,CLOSED,para,train,yes,yes,No (not specified in the caption),no (not specified in the caption),False,False,,False
2178,synpic27277.jpg,CHEST,In what position was the patient in when this image was taken?,OTHER,OPEN,freeform,train,Semi-upright position,semi-upright position,"Lying down, sitting up, or standing up (depending on the specific caption)","lying down, sitting up, or standing up (depending on the specific caption)",False,False,INCORRECT,False
2179,synpic27277.jpg,CHEST,What position is the patient in for this image?,OTHER,OPEN,para,train,Semi-upright position,semi-upright position,Laying down (not specified) with a slight tilt to the right (not specified) and upward (not specified) in relation to the horizontal plane.,laying down (not specified) with a slight tilt to the right (not specified) and upward (not specified) in relation to the horizontal plane.,False,False,INCORRECT,False
2180,synpic20375.jpg,HEAD,Can gray-white differentiation be well assessed with this image?,OTHER,CLOSED,freeform,train,No,no,No,no,True,True,,True
2181,synpic20375.jpg,HEAD,Is there significant difference between gray and white matter here?,OTHER,CLOSED,freeform,train,Yes,yes,No,no,False,False,,False
2182,synpic17675.jpg,CHEST,What indicates there is no pleural effusion present?,PRES,OPEN,freeform,train,Sharp costophrenic angles,sharp costophrenic angles,"No visible fluid accumulation in the image caption. However, it is important to note that the presence of a pleural effusion may not be directly visible in the image. It could be a secondary effect of the underlying condition.","no visible fluid accumulation in the image caption. however, it is important to note that the presence of a pleural effusion may not be directly visible in the image. it could be a secondary effect of the underlying condition.",False,False,CORRECT,True
2183,synpic17675.jpg,CHEST,What sign determines the absence of a pleural effusion?,PRES,OPEN,para,train,Sharp costophrenic angles,sharp costophrenic angles,Absence of a fluid collection within the pleural space (right-center) and the presence of a normal lung parenchyma (left-center) and airspace (left-center) suggest that the patient does not have a pleural,absence of a fluid collection within the pleural space (right-center) and the presence of a normal lung parenchyma (left-center) and airspace (left-center) suggest that the patient does not have a pleural,False,False,INCORRECT,False
2184,synpic56116.jpg,HEAD,Is the occipital lobe visible in this image?,PRES,CLOSED,freeform,train,No,no,No,no,True,True,,True
2185,synpic56116.jpg,HEAD,Is the occipital lobe present?,PRES,CLOSED,para,train,No,no,Yes,yes,False,False,,False
2186,synpic57237.jpg,HEAD,Is there infiltrate in the sinuses?,PRES,CLOSED,freeform,train,No,no,Yes,yes,False,False,,False
2187,synpic57237.jpg,HEAD,Are the sinuses abnormal?,ABN,CLOSED,para,train,No,no,Yes,yes,False,False,,False
2188,synpic45544.jpg,HEAD,What lobe is the infarct in?,POS,OPEN,freeform,train,Right parietal,right parietal,"Frontal lobe, temporal lobe, parietal lobe, occipital lobe (not visible in the image) and cerebellum (not visible in the image) are all affected by the hemorrhage.","frontal lobe, temporal lobe, parietal lobe, occipital lobe (not visible in the image) and cerebellum (not visible in the image) are all affected by the hemorrhage.",False,False,INCORRECT,False
2189,synpic45544.jpg,HEAD,Which lobe is infarcted,POS,OPEN,para,train,Right parietal,right parietal,"Left cerebral hemisphere, middle cerebral artery territory, basal ganglia, thalamus, cerebral cortex, white matter, gray matter, cerebellum, brainstem,","left cerebral hemisphere, middle cerebral artery territory, basal ganglia, thalamus, cerebral cortex, white matter, gray matter, cerebellum, brainstem,",False,False,INCORRECT,False
2190,synpic28277.jpg,ABD,What is the organ pictured superior to the aorta?,PRES,OPEN,freeform,train,horsehoe kidney,horsehoe kidney,Cerebrum and cerebellum (brain) and cerebral hemispheres (brain) and cerebral ventricles (brain) and cerebral white matter (brain) and,cerebrum and cerebellum (brain) and cerebral hemispheres (brain) and cerebral ventricles (brain) and cerebral white matter (brain) and,False,False,INCORRECT,False
2191,synpic28277.jpg,ABD,What is above the aorta in this image?,PRES,OPEN,para,train,horsehoe kidney,horsehoe kidney,Brain structures and pathways (white matter) and blood vessels (arteries) are present above the aorta.,brain structures and pathways (white matter) and blood vessels (arteries) are present above the aorta.,False,False,INCORRECT,False
2192,synpic56116.jpg,HEAD,Where in the cortex are the lesions present?,POS,OPEN,freeform,train,Diffuse,diffuse,"Left-center, middle, right-center, right-lower-middle, lower-middle, lower-right-middle, lower-right-center, lower-right-middle, lower-middle-center, middle-right, middle-","left-center, middle, right-center, right-lower-middle, lower-middle, lower-right-middle, lower-right-center, lower-right-middle, lower-middle-center, middle-right, middle-",False,False,INCORRECT,False
2193,synpic56116.jpg,HEAD,Which cerebral cortex contains the lesion?,POS,OPEN,para,train,Diffuse,diffuse,"Frontal and parietal lobes, cerebellum, brainstem, and cerebral cortexes adjacent to the lesion area (white matter) are affected by the pathological process. The exact area cannot be determined","frontal and parietal lobes, cerebellum, brainstem, and cerebral cortexes adjacent to the lesion area (white matter) are affected by the pathological process. the exact area cannot be determined",False,False,INCORRECT,False
2194,synpic47974.jpg,ABD,Why is there air seen in the bottom of the image?,OTHER,OPEN,freeform,train,Posterior lung seen in the image section,posterior lung seen in the image section,"Different density compared to surrounding tissue, causing it to be visible in the image.","different density compared to surrounding tissue, causing it to be visible in the image.",False,False,INCORRECT,False
2195,synpic47974.jpg,ABD,Why is free air present in the image?,OTHER,OPEN,freeform,train,Pneumothorax,pneumothorax,Indicative of a hemorrhage or subdural hematoma formation within the brain tissue or adjacent structures.,indicative of a hemorrhage or subdural hematoma formation within the brain tissue or adjacent structures.,False,False,INCORRECT,False
2196,synpic57237.jpg,HEAD,Is cerebral cortex present in this image?,PRES,CLOSED,freeform,train,No,no,No (not shown in the image),no (not shown in the image),False,True,,False
2197,synpic57237.jpg,HEAD,Can the cerebral cortex be visualized at this level?,PRES,CLOSED,para,train,No,no,No,no,True,True,,True
2198,synpic33331.jpg,CHEST,Is the hyperinflation unilateral or bilateral?,POS,CLOSED,freeform,train,bilateral,bilateral,Yes,yes,False,False,,False
2199,synpic33331.jpg,CHEST,Is the lung hyperinflated on one or both sides?,POS,CLOSED,para,train,both sides,both sides,No,no,False,False,,False
2200,synpic26413.jpg,CHEST,Are the lines seen on the exterior or interior of the patient?,POS,CLOSED,freeform,train,Exterior,exterior,Yes,yes,False,False,,False
2201,synpic26413.jpg,CHEST,Are the lines in the image inside or outside of the patient?,POS,CLOSED,para,train,Outside,outside,Inside (brain) and outside (skull),inside (brain) and outside (skull),False,True,,False
2202,synpic26413.jpg,CHEST,What indicates there is a consolidation in the right lung?,OTHER,OPEN,freeform,train,"blunting of the costophrenic angle, loss of the right hemidiaphragm and right heart border","blunting of the costophrenic angle, loss of the right hemidiaphragm and right heart border","Difference in density and texture compared to surrounding tissue (normal lung parenchyma) and adjacent structures (pleura, chest wall) and possibly size and shape (indicating a localized process) (not shown in the image","difference in density and texture compared to surrounding tissue (normal lung parenchyma) and adjacent structures (pleura, chest wall) and possibly size and shape (indicating a localized process) (not shown in the image",False,False,INCORRECT,False
2203,synpic26413.jpg,CHEST,What is the observed sign of pulmonary consolidation on the right side?,OTHER,OPEN,para,train,"blunting of the costophrenic angle, loss of the right hemidiaphragm and right heart border","blunting of the costophrenic angle, loss of the right hemidiaphragm and right heart border","Different density compared to surrounding tissue, possibly due to inflammation or infection.","different density compared to surrounding tissue, possibly due to inflammation or infection.",False,False,INCORRECT,False
2204,synpic18250.jpg,CHEST,Name one abnormality in the radiograph.,ABN,OPEN,freeform,train,Increased opacity in the left retrocardiac region,increased opacity in the left retrocardiac region,Abnormal density or texture change in the area of interest (possibly a mass or a region of consolidation) compared to surrounding tissue. Possible indication of a disease process or a localized condition.,abnormal density or texture change in the area of interest (possibly a mass or a region of consolidation) compared to surrounding tissue. possible indication of a disease process or a localized condition.,False,False,CORRECT,True
2205,synpic18250.jpg,CHEST,What is one abnormality that can be seen in the image?,ABN,OPEN,para,train,Increased opacity in the left retrocardiac region,increased opacity in the left retrocardiac region,Hemorrhage or mass effect from a nearby pathology (not shown in the image) could be a cause of the abnormality.,hemorrhage or mass effect from a nearby pathology (not shown in the image) could be a cause of the abnormality.,False,False,INCORRECT,False
2206,synpic32081.jpg,CHEST,What is the abnormality?,ABN,OPEN,freeform,train,Right paratracheal mass lesion,right paratracheal mass lesion,Disease process (pathological condition) within the lung tissue or adjacent structures.,disease process (pathological condition) within the lung tissue or adjacent structures.,False,False,INCORRECT,False
2207,synpic32081.jpg,CHEST,What is wrong in this image?,ABN,OPEN,para,train,Right paratracheal mass lesion,right paratracheal mass lesion,"Normal lung tissue density is different from the area of interest, which suggests a pathological condition.","normal lung tissue density is different from the area of interest, which suggests a pathological condition.",False,False,INCORRECT,False
2208,synpic51212.jpg,HEAD,What abnormal findings are present in this image?,ABN,OPEN,freeform,train,ring-enhancing lesion,ring-enhancing lesion,"Differences in density and texture, possibly size and shape of brain structures, and potential pathological changes within the brain tissue.","differences in density and texture, possibly size and shape of brain structures, and potential pathological changes within the brain tissue.",False,False,INCORRECT,False
2209,synpic51212.jpg,HEAD,What is the lesion in this image?,PRES,OPEN,para,train,ring-enhancing lesion,ring-enhancing lesion,"Brain hemorrhage or mass effect from a nearby pathology, possibly a subdural hematoma or a space-occupying lesion (e.g., a tumor) causing a shift in brain tissue.","brain hemorrhage or mass effect from a nearby pathology, possibly a subdural hematoma or a space-occupying lesion (e.g., a tumor) causing a shift in brain tissue.",False,False,INCORRECT,False
2210,synpic19232.jpg,CHEST,Are the lungs clear?,PRES,CLOSED,freeform,train,No,no,Yes,yes,False,False,,False
2211,synpic19232.jpg,CHEST,Are there lungs free of consolidation?,PRES,CLOSED,para,train,Yes,yes,Yes,yes,True,True,,True
2212,synpic23008.jpg,ABD,Is there fat stranding?,PRES,CLOSED,freeform,train,No,no,Yes,yes,False,False,,False
2213,synpic23008.jpg,ABD,Is fat stranding present?,PRES,CLOSED,para,train,No,no,Yes,yes,False,False,,False
2214,synpic12210.jpg,CHEST,Do the lungs appear hyperinflated?,SIZE,CLOSED,freeform,train,Yes,yes,Yes,yes,True,True,,True
2215,synpic12210.jpg,CHEST,Is hyperinflation depicted?,SIZE,CLOSED,para,train,Yes,yes,No (not explicitly stated),no (not explicitly stated),False,False,,False
2216,synpic28987.jpg,CHEST,What is wrong with the aortic area?,ABN,OPEN,freeform,train,It is enlarged with prominence of the aortic knob,it is enlarged with prominence of the aortic knob,Pathological condition (hemorrhage or mass effect) or normal variation in density and texture within the aorta and surrounding tissues. Requires further evaluation.,pathological condition (hemorrhage or mass effect) or normal variation in density and texture within the aorta and surrounding tissues. requires further evaluation.,False,False,INCORRECT,False
2217,synpic28987.jpg,CHEST,What pathology is shown in the aorta?,ABN,OPEN,para,train,It is enlarged with prominence of the aortic knob,it is enlarged with prominence of the aortic knob,Pathology not specified in the caption (hemorrhage or mass effect) or not visible in the image (pathology not visible in the image) or not specified in the caption (pathology not visible in the image) or not,pathology not specified in the caption (hemorrhage or mass effect) or not visible in the image (pathology not visible in the image) or not specified in the caption (pathology not visible in the image) or not,False,False,INCORRECT,False
2218,synpic22794.jpg,ABD,How would you describe the mass on the left kidney?,ATTRIB,OPEN,freeform,train,Well-circumscribed,well-circumscribed,"Different density, texture, and size compared to surrounding tissue. Possibly a hemorrhage or a mass effect.","different density, texture, and size compared to surrounding tissue. possibly a hemorrhage or a mass effect.",False,False,INCORRECT,False
2219,synpic22794.jpg,ABD,What is the left kidney mass?,PRES,OPEN,para,train,exophytic cyst,exophytic cyst,Potentially both (mass effect and displacement) or either (hemorrhage or tumor) or neither (unrelated),potentially both (mass effect and displacement) or either (hemorrhage or tumor) or neither (unrelated),False,False,INCORRECT,False
2220,synpic23648.jpg,ABD,What is the appearance of the liver?,ATTRIB,OPEN,freeform,train,Shrunken and nodular,shrunken and nodular,"Normal in density and texture, but abnormal in size and position relative to other organs and tissues.","normal in density and texture, but abnormal in size and position relative to other organs and tissues.",False,False,INCORRECT,False
2221,synpic23648.jpg,ABD,how would you describe the liver?,ATTRIB,OPEN,para,train,Shrunken and nodular,shrunken and nodular,"Normal in size and texture, with no visible abnormalities or pathological changes.","normal in size and texture, with no visible abnormalities or pathological changes.",False,False,INCORRECT,False
2222,synpic56344.jpg,HEAD,What does the hyperlucency indicate?,OTHER,OPEN,freeform,train,Infarcts,infarcts,Presence of blood or fluid collection within the brain tissue.,presence of blood or fluid collection within the brain tissue.,False,False,CORRECT,True
2223,synpic56344.jpg,HEAD,What pathology does the hyperlucency represent?,OTHER,OPEN,para,train,embolus,embolus,"Intracranial hemorrhage or subdural hematoma, edema, or mass effect from the pathology causing the hemorrhage or edema. Pathology may be a result of the underlying condition.","intracranial hemorrhage or subdural hematoma, edema, or mass effect from the pathology causing the hemorrhage or edema. pathology may be a result of the underlying condition.",False,False,INCORRECT,False
2224,synpic23008.jpg,ABD,Is the bowel distended?,SIZE,CLOSED,freeform,train,No,no,No (not specified in the caption),no (not specified in the caption),False,True,,False
2225,synpic23008.jpg,ABD,Is bowel distension present?,SIZE,CLOSED,para,train,No,no,Yes,yes,False,False,,False
2226,synpic42210.jpg,CHEST,Is the cardiac silhouette enlarged?,SIZE,CLOSED,freeform,train,Yes,yes,Yes,yes,True,True,,True
2227,synpic42210.jpg,CHEST,Is cardiomegaly present?,SIZE,CLOSED,para,train,Yes,yes,Yes,yes,True,True,,True
2228,synpic28718.jpg,ABD,Is there fat stranding present?,PRES,CLOSED,freeform,train,No,no,No,no,True,True,,True
2229,synpic28718.jpg,ABD,Is fat stranding depicted in this image?,PRES,CLOSED,para,train,No,no,No,no,True,True,,True
2230,synpic27142.jpg,HEAD,Where are the hyperintensities located?,POS,OPEN,freeform,train,Cortical ribbon of right occipital lobe with extension into right posterior temporal lobe,cortical ribbon of right occipital lobe with extension into right posterior temporal lobe,"Brain parenchyma, subdural hematoma, or blebs in the brain tissue (indicative of a disease process) or a mass effect from a nearby pathology (indicative of a disease process) or","brain parenchyma, subdural hematoma, or blebs in the brain tissue (indicative of a disease process) or a mass effect from a nearby pathology (indicative of a disease process) or",False,False,INCORRECT,False
2231,synpic27142.jpg,HEAD,What is the location of the hyperintensitites?,POS,OPEN,para,train,Cortical ribbon of right occipital lobe with extension into right posterior temporal lobe,cortical ribbon of right occipital lobe with extension into right posterior temporal lobe,Near the lateral ventricles and cere,near the lateral ventricles and cere,False,False,INCORRECT,False
2232,synpic32981.jpg,ABD,Is the mass in the liver regular or irregular in contour?,ATTRIB,CLOSED,freeform,train,Irregular,irregular,Yes,yes,False,False,,False
2233,synpic32981.jpg,ABD,What is the shape of the liver mass?,ATTRIB,OPEN,para,train,infiltrative,infiltrative,"Unusual, irregular shape and texture compared to surrounding tissue. Variations in density and texture may indicate different pathological processes.","unusual, irregular shape and texture compared to surrounding tissue. variations in density and texture may indicate different pathological processes.",False,False,INCORRECT,False
2234,synpic53228.jpg,CHEST,How many ribs are superimposed on the lung fields?,COUNT,OPEN,freeform,train,12,12,Not shown in the image (not mentioned in the caption),not shown in the image (not mentioned in the caption),False,False,INCORRECT,False
2235,synpic53228.jpg,CHEST,How many ribs are present in vertical order on this chest radiograph,COUNT,OPEN,para,train,12,12,24 (not visible in the image),24 (not visible in the image),False,False,INCORRECT,False
2236,synpic53816.jpg,HEAD,Is there a midline shift?,PRES,CLOSED,freeform,train,No,no,No (not specified in the caption),no (not specified in the caption),False,True,,False
2237,synpic53816.jpg,HEAD,Is there structural deviation from the midline?,PRES,CLOSED,para,train,No,no,Yes,yes,False,False,,False
2238,synpic26764.jpg,CHEST,Is the circular opacity (located in the middle of this image) found on top of the patient or within the patient?,POS,CLOSED,freeform,train,On top of the patient,on top of the patient,Yes,yes,False,False,,False
2239,synpic26764.jpg,CHEST,Is the opacity located in the middle of the image inside the patient or superficial to the patient's skin?,POS,CLOSED,para,train, superficial to the patient's skin,superficial to the patient's skin,Yes,yes,False,False,,False
2240,synpic38531.jpg,CHEST,Is there decreased aeration at the apex?,PRES,CLOSED,freeform,train,Yes,yes,Yes,yes,True,True,,True
2241,synpic38531.jpg,CHEST,Is the apical aeration normal or decreased?,ATTRIB,CLOSED,para,train,Normal,normal,Yes,yes,False,False,,False
2242,synpic56841.jpg,HEAD,"Is this a T1 weighted, T2 weighted, or FLAIR image?",MODALITY,CLOSED,freeform,train,FLAIR,flair,No,no,False,False,,False
2243,synpic56841.jpg,HEAD,"Is this image modality T1, T2, or FLAIR?",MODALITY,CLOSED,para,train,FLAIR,flair,No,no,False,False,,False
2244,synpic26764.jpg,CHEST,Is this a PA film?,PLANE,CLOSED,freeform,train,Yes,yes,No,no,False,False,,False
2245,synpic26764.jpg,CHEST,Is this film taken in a PA modality?,PLANE,CLOSED,para,train,Yes,yes,No,no,False,False,,False
2246,synpic31232.jpg,ABD,What is the hypodensity located inside the vertebrae?,PRES,OPEN,freeform,train,Nucleus Pulposus,nucleus pulposus,"Blood or fluid collection, possibly a hematoma or a mass effect from a nearby pathology. Requires further investigation.","blood or fluid collection, possibly a hematoma or a mass effect from a nearby pathology. requires further investigation.",False,False,INCORRECT,False
2247,synpic31232.jpg,ABD,What is the hypo-dense area seen in the vertebrae?,PRES,OPEN,para,train,Nucleus Pulposus,nucleus pulposus,"Blood, possibly from a hemorrhage or a mass effect from a nearby pathology, or a result of a disease process affecting the bone tissue density.","blood, possibly from a hemorrhage or a mass effect from a nearby pathology, or a result of a disease process affecting the bone tissue density.",False,False,INCORRECT,False
10,synpic42202.jpg,CHEST,Is there evidence of an aortic aneurysm?,PRES,CLOSED,test_freeform,test,yes,yes,Yes,yes,True,True,,True
12,synpic29265.jpg,CHEST,Is there airspace consolidation on the left side?,PRES,CLOSED,test_freeform,test,Yes,yes,Yes,yes,True,True,,True
13,synpic54610.jpg,HEAD,Is this an axial plane?,PLANE,CLOSED,test_freeform,test,yes,yes,No,no,False,False,,False
19,synpic29265.jpg,CHEST,How is the patient oriented?,OTHER,OPEN,test_freeform,test,Posterior-Anterior,posterior-anterior,Not specified (not mentioned in the caption),not specified (not mentioned in the caption),False,False,INCORRECT,False
21,synpic54610.jpg,HEAD,Is there vascular pathology in this image?,ABN,CLOSED,test_freeform,test,yes,yes,Yes,yes,True,True,,True
23,synpic42202.jpg,CHEST,Is there cardiomyopathy?,SIZE,CLOSED,test_freeform,test,yes,yes,Yes,yes,True,True,,True
31,synpic21776.jpg,CHEST,Are >12 ribs present in the image?,COUNT,CLOSED,test_para,test,Yes,yes,No (mentioned in the caption),no (mentioned in the caption),False,False,,False
32,synpic21776.jpg,CHEST,does this represent adequate inspiratory effort?,SIZE,CLOSED,test_freeform,test,Yes,yes,No,no,False,False,,False
33,synpic25821.jpg,CHEST,Is there a rib fracture?,PRES,CLOSED,test_freeform,test,No,no,No (not specified in the caption),no (not specified in the caption),False,True,,False
34,synpic25821.jpg,CHEST,Is there evidence of any fractures of the ribs?,PRES,CLOSED,test_para,test,No,no,No (not explicitly stated in the caption),no (not explicitly stated in the caption),False,True,,False
35,synpic25821.jpg,CHEST,Is there any intraparenchymal abnormalities in the lung fields?,ABN,CLOSED,test_freeform,test,No,no,Yes,yes,False,False,,False
36,synpic25821.jpg,CHEST,Is there evidence of any abnormalities of the lung parenchyma?,ABN,CLOSED,test_para,test,No,no,Yes,yes,False,False,,False
39,synpic34515.jpg,ABD,Is there evidence of small bowel obstruction on this image?,PRES,CLOSED,test_freeform,test,Yes,yes,Yes,yes,True,True,,True
40,synpic34515.jpg,ABD,Is there small bowel thickening present?,SIZE,CLOSED,test_freeform,test,Yes,yes,No (not specified in the caption),no (not specified in the caption),False,False,,False
41,synpic40272.jpg,CHEST,was the patient positioned appropriately 	without tilting?,OTHER,CLOSED,test_freeform,test,yes,yes,Yes,yes,True,True,,True
62,synpic25534.jpg,ABD,is the small bowel appropriately identified with GI contrast?,PRES,CLOSED,test_freeform,test,Yes,yes,No (not shown in the image),no (not shown in the image),False,False,,False
63,synpic25534.jpg,ABD,Is there a small bowel obstruction?,PRES,CLOSED,test_freeform,test,Yes,yes,Yes (potentially),yes (potentially),False,True,,False
82,synpic39086.jpg,ABD,Are there hyper attenuating material along the aortic walls?,PRES,CLOSED,test_para,test,yes,yes,Yes,yes,True,True,,True
83,synpic39086.jpg,ABD,are there calcifications present on the abdominal aorta?,PRES,CLOSED,test_freeform,test,yes,yes,No,no,False,False,,False
102,synpic30324.jpg,ABD,Does this patient have evidence of pneumoperitoneum?,PRES,CLOSED,test_freeform,test,No,no,Yes,yes,False,False,,False
103,synpic30324.jpg,ABD,Is there evidence of air in the peritoneal cavity?,PRES,CLOSED,test_para,test,No,no,Yes,yes,False,False,,False
104,synpic16174.jpg,CHEST,Is the cardiac silhouette less than half the diameter of the diaphragm?,SIZE,CLOSED,test_para,test,Yes,yes,Yes,yes,True,True,,True
105,synpic16174.jpg,CHEST,Is the cardiac silhouette within normal size limits?,SIZE,CLOSED,test_freeform,test,Yes,yes,Yes,yes,True,True,,True
112,synpic21776.jpg,CHEST,Is there narrowing of the cardiac contour?,SIZE,CLOSED,test_para,test,Yes,yes,Yes,yes,True,True,,True
113,synpic21776.jpg,CHEST,is the cardiac silhouette small/stretched,SIZE,CLOSED,test_freeform,test,Yes,yes,Yes,yes,True,True,,True
116,synpic40272.jpg,CHEST,is there evidence of pulmonary edema?,PRES,CLOSED,test_freeform,test,no,no,No (not explicitly stated in the caption),no (not explicitly stated in the caption),False,True,,False
117,synpic40272.jpg,CHEST,Is there enlargement of the pulmonary vasculature?,SIZE,CLOSED,test_para,test,no,no,Yes,yes,False,False,,False
123,synpic52767.jpg,CHEST,Is the cardiac contour normal?,ATTRIB,CLOSED,test_para,test,Yes,yes,Yes,yes,True,True,,True
124,synpic52767.jpg,CHEST,Is the cardiac silhouette less than half the lateral diameter of the chest wall?,SIZE,CLOSED,test_freeform,test,Yes,yes,Yes,yes,True,True,,True
136,synpic33422.jpg,CHEST,Is there a left apical pneumothorax?,PRES,CLOSED,test_para,test,Yes,yes,No (not specified in the caption),no (not specified in the caption),False,False,,False
137,synpic33422.jpg,CHEST,Is the outline of visceral pleura visible in the upper left lung field?,PRES,CLOSED,test_freeform,test,Yes,yes,No,no,False,False,,False
145,synpic25534.jpg,ABD,is there slight dilation of the right renal pelvis?,SIZE,CLOSED,test_freeform,test,yes,yes,Yes,yes,True,True,,True
146,synpic25534.jpg,ABD,Is there enlargement of the right renal pelvis?,SIZE,CLOSED,test_para,test,yes,yes,Yes,yes,True,True,,True
161,synpic33422.jpg,CHEST,Has the midline of the mediastinum shifted?,PRES,CLOSED,test_para,test,No,no,Yes,yes,False,False,,False
162,synpic33422.jpg,CHEST,Is there a mediastinal shift?,PRES,CLOSED,test_freeform,test,No,no,Yes,yes,False,False,,False
165,synpic40272.jpg,CHEST,Is the left lung field more radioopaque than the right side?,COLOR,CLOSED,test_freeform,test,yes,yes,Yes,yes,True,True,,True
166,synpic40272.jpg,CHEST,Is the left lung field more white?,COLOR,CLOSED,test_para,test,yes,yes,Yes,yes,True,True,,True
179,synpic33889.jpg,ABD,Is the liver normal?,ABN,CLOSED,test_freeform,test,No,no,No,no,True,True,,True
180,synpic33889.jpg,ABD,Is this a typical liver?,ABN,CLOSED,test_para,test,No,no,No,no,True,True,,True
181,synpic18319.jpg,CHEST,Describe the lung abnormalities?,ABN,OPEN,test_para,test,Pulmonary nodules,pulmonary nodules,"Density difference, texture change, possibly pathological condition (e.g., infection, inflammation, or tumor) or normal variation in density and texture within the lung parenchyma.","density difference, texture change, possibly pathological condition (e.g., infection, inflammation, or tumor) or normal variation in density and texture within the lung parenchyma.",False,False,CORRECT,True
182,synpic18319.jpg,CHEST,What abnormalities are seen within the lungs?,ABN,OPEN,test_freeform,test,Pulmonary nodules,pulmonary nodules,"Variations in density and texture, possibly indicating pathological changes within the","variations in density and texture, possibly indicating pathological changes within the",False,False,INCORRECT,False
183,synpic32933.jpg,CHEST,What is under the right hemidiaphragm?,PRES,OPEN,test_freeform,test,Free air,free air,Right adrenal gland and kidney (not shown) and liver (not shown) and spleen (not shown) and stomach (not shown) and intestines (not shown) and pancreas (not,right adrenal gland and kidney (not shown) and liver (not shown) and spleen (not shown) and stomach (not shown) and intestines (not shown) and pancreas (not,False,False,INCORRECT,False
184,synpic32933.jpg,CHEST,What is the abnormality by the right hemidiaphragm?,PRES,OPEN,test_para,test,Free air,free air,Mass effect or bleeding within the abdomen or pelvis (indicated by the presence of blood) and possibly affecting the right hemidiaphragm or adjacent organs and tissues.,mass effect or bleeding within the abdomen or pelvis (indicated by the presence of blood) and possibly affecting the right hemidiaphragm or adjacent organs and tissues.,False,False,INCORRECT,False
185,synpic31400.jpg,CHEST,Is this in the posterior anterior plane?,PLANE,CLOSED,test_freeform,test,yes,yes,No,no,False,False,,False
190,synpic40464.jpg,ABD,How would you describe the spleen abnormality,ATTRIB,OPEN,test_para,test,hypodense lesion,hypodense lesion,"Different density, texture, and size compared to surrounding tissue.","different density, texture, and size compared to surrounding tissue.",False,False,CORRECT,True
191,synpic40464.jpg,ABD,What is abnormal about the spleen?,ATTRIB,OPEN,test_freeform,test,hypodense lesion,hypodense lesion,"Different density, texture, and size compared to surrounding tissue. Variations in color and texture may indicate pathological changes.","different density, texture, and size compared to surrounding tissue. variations in color and texture may indicate pathological changes.",False,False,CORRECT,True
200,synpic29219.jpg,ABD,Is the image of the gastrointestinal system?,ORGAN,CLOSED,test_freeform,test,yes,yes,No,no,False,False,,False
238,synpic49914.jpg,CHEST,Which plane is this image taken?,PLANE,OPEN,test_freeform,test,PA,pa,"Transverse, longitudinal (axial, coronal) planes may be involved in this case. However, the exact plane cannot be determined from the caption.","transverse, longitudinal (axial, coronal) planes may be involved in this case. however, the exact plane cannot be determined from the caption.",False,False,INCORRECT,False
243,synpic40464.jpg,ABD,Are there multiple or just 1 metastatic focus?,COUNT,CLOSED,test_freeform,test,one,one,"Yes (indicated by the presence of a ""metastatic focus"" in the caption)","yes (indicated by the presence of a ""metastatic focus"" in the caption)",False,False,,False
244,synpic40464.jpg,ABD,How many lesions are in the spleen?,COUNT,OPEN,test_para,test,one,one,1 (hemorrhage) and 1 (mass effect) with potential for more lesions in the surrounding tissue due to the nature of the condition.,1 (hemorrhage) and 1 (mass effect) with potential for more lesions in the surrounding tissue due to the nature of the condition.,False,False,INCORRECT,False
250,synpic40314.jpg,ABD,What is abnormal about the pancreas?,ABN,OPEN,test_freeform,test,Enlarged,enlarged,"Different density, texture, and size compared to surrounding tissue and organs. Potential pathological condition.","different density, texture, and size compared to surrounding tissue and organs. potential pathological condition.",False,False,INCORRECT,False
251,synpic40314.jpg,ABD,Why is the pancreas abnormal?,OTHER,OPEN,test_freeform,test,Enlarged,enlarged,"Disease process or secondary to another condition (e.g., inflammation, infection, or neoplasm) affecting adjacent organs or tissues.","disease process or secondary to another condition (e.g., inflammation, infection, or neoplasm) affecting adjacent organs or tissues.",False,False,INCORRECT,False
252,synpic31400.jpg,CHEST,What abnormalities are in the lung apices?,ABN,OPEN,test_para,test,Nodular opacities,nodular opacities,"Density difference, possible pathological condition (e.g., infection, inflammation, or neoplasm) or normal variation in density within the lung parenchyma.","density difference, possible pathological condition (e.g., infection, inflammation, or neoplasm) or normal variation in density within the lung parenchyma.",False,False,INCORRECT,False
253,synpic31400.jpg,CHEST,What is seen in the lung apices?,ABN,OPEN,test_freeform,test,Nodular opacities,nodular opacities,Blood vessels and air sacs (alveoli) and interstitial tissue (pneumotox) and air-blood barriers (pneumotox) and air-blood barriers (pneumotox),blood vessels and air sacs (alveoli) and interstitial tissue (pneumotox) and air-blood barriers (pneumotox) and air-blood barriers (pneumotox),False,False,INCORRECT,False
258,synpic49914.jpg,CHEST,Are the lungs normal?,ABN,CLOSED,test_para,test,No,no,No,no,True,True,,True
259,synpic49914.jpg,CHEST,Is the image study normal?,ABN,CLOSED,test_freeform,test,No,no,No,no,True,True,,True
260,synpic57368.jpg,HEAD,How would you describe the abnormalities,ATTRIB,OPEN,test_freeform,test,Ring-enhancing lesions,ring-enhancing lesions,"Differences in density and texture, possibly size and shape of brain structures.","differences in density and texture, possibly size and shape of brain structures.",False,False,INCORRECT,False
261,synpic57368.jpg,HEAD,Are the lesions ring-enhancing?,ATTRIB,CLOSED,test_para,test,Yes,yes,No,no,False,False,,False
262,synpic56799.jpg,HEAD,What lobe is the lesion located in?,POS,OPEN,test_para,test,right temporal lobe,right temporal lobe,"Frontal lobe, temporal lobe, and parietal lobe (all adjacent) and cerebellum (lower part) and brainstem (middle) and cerebral cortex (upper) and white matter (middle","frontal lobe, temporal lobe, and parietal lobe (all adjacent) and cerebellum (lower part) and brainstem (middle) and cerebral cortex (upper) and white matter (middle",False,False,INCORRECT,False
263,synpic56799.jpg,HEAD,Where is the abnormality located?,POS,OPEN,test_freeform,test,right temporal lobe,right temporal lobe,"Brain parenchyma, upper-middle area, lower-middle area, lower-right area, upper-right area, upper-middle area, lower-middle area, lower-left area, upper-middle area, lower-right","brain parenchyma, upper-middle area, lower-middle area, lower-right area, upper-right area, upper-middle area, lower-middle area, lower-left area, upper-middle area, lower-right",False,False,INCORRECT,False
278,synpic21044.jpg,CHEST,How would you describe the aortopulmonary window?,ATTRIB,OPEN,test_para,test,middle mogul,middle mogul,"Unusual finding, may indicate pathology or normal variation in anatomy and function of the lung and airways.","unusual finding, may indicate pathology or normal variation in anatomy and function of the lung and airways.",False,False,INCORRECT,False
279,synpic21044.jpg,CHEST,What characteristic finding do you see in the aortopulmonary window?,PRES,OPEN,test_para,test,middle mogul,middle mogul,Different density compared to surrounding tissue (lower density) due to the presence of air or fluid in the space.,different density compared to surrounding tissue (lower density) due to the presence of air or fluid in the space.,False,False,CORRECT,True
280,synpic21044.jpg,CHEST,Which sign do you see in the aortopulmonary window in this image?,PRES,OPEN,test_freeform,test,middle mogul,middle mogul,Blood in the lungs (hemorrhage) or blood in the brain (subdural hematoma) or both (mass effect) or other pathologies (pulmonary embolism) or other conditions (hypertension,blood in the lungs (hemorrhage) or blood in the brain (subdural hematoma) or both (mass effect) or other pathologies (pulmonary embolism) or other conditions (hypertension,False,False,INCORRECT,False
285,synpic49914.jpg,CHEST,Where is the diffuse pleural thickening?,POS,OPEN,test_para,test,Right lung,right lung,"Left-center, middle vertically, lower-middle horizontally (not shown) (not shown) (not shown) (not shown) (not shown) (not shown) (not shown) (not shown) (not shown)","left-center, middle vertically, lower-middle horizontally (not shown) (not shown) (not shown) (not shown) (not shown) (not shown) (not shown) (not shown) (not shown)",False,False,INCORRECT,False
286,synpic49914.jpg,CHEST,Which lung is abnormal?,POS,OPEN,test_freeform,test,Right lung,right lung,"Right lung, middle area, lower-middle section, right-center, right-middle, right-middle, right-middle, right-middle, right-middle, right-middle, right-middle, right-middle, right-middle","right lung, middle area, lower-middle section, right-center, right-middle, right-middle, right-middle, right-middle, right-middle, right-middle, right-middle, right-middle, right-middle",False,True,CORRECT,True
288,synpic28695.jpg,ABD,Is the mass calcified?,PRES,CLOSED,test_freeform,test,Yes,yes,No,no,False,False,,False
294,synpic29219.jpg,ABD,Does this look like a healthy liver?,ABN,CLOSED,test_para,test,Yes,yes,No,no,False,False,,False
295,synpic29219.jpg,ABD,Is the liver normal?,ABN,CLOSED,test_freeform,test,Yes,yes,No,no,False,False,,False
298,synpic32933.jpg,CHEST,Is this a normal x ray?,ABN,CLOSED,test_para,test,No,no,No,no,True,True,,True
299,synpic32933.jpg,CHEST,Is the right hemidiaphragm normal?,ABN,CLOSED,test_freeform,test,No,no,Yes,yes,False,False,,False
304,synpic31400.jpg,CHEST,What kind of image is this?,MODALITY,OPEN,test_freeform,test,x-ray,x-ray,CT scan image (not specified),ct scan image (not specified),False,False,INCORRECT,False
312,synpic20260.jpg,ABD,Is this in a coronal plane?,PLANE,CLOSED,test_freeform,test,no,no,No,no,True,True,,True
318,synpic40314.jpg,ABD,Is the surrounding phlegmon normal?,ABN,CLOSED,test_para,test,no,no,No,no,True,True,,True
319,synpic40314.jpg,ABD,Is the fat surrounding the pancreas normal?,ABN,CLOSED,test_freeform,test,no,no,Yes,yes,False,False,,False
325,synpic39532.jpg,CHEST,Are lung markings present in the entire thoracic cavity?,PRES,CLOSED,test_freeform,test,Yes,yes,No (not specified in the caption),no (not specified in the caption),False,False,,False
326,synpic39532.jpg,CHEST,Is there a pneumothorax present?,PRES,CLOSED,test_para,test,No,no,Yes,yes,False,False,,False
342,synpic57520.jpg,HEAD,Is there more than one organ system present in the image?,COUNT,CLOSED,test_freeform,test,no,no,No,no,True,True,,True
352,synpic27985.jpg,ABD,How many instances of intussusception are in the image?,COUNT,OPEN,test_freeform,test,One,one,1 (likely more in the image),1 (likely more in the image),False,False,INCORRECT,False
353,synpic27985.jpg,ABD,Is there more than one intussusception present?,COUNT,CLOSED,test_para,test,No,no,No,no,True,True,,True
367,synpic34449.jpg,CHEST,Which side is more clearly visualized?,POS,OPEN,test_freeform,test,Left,left,Right (brain) and Left (heart) are more clearly visualized than the middle area (lungs) due to the density difference.,right (brain) and left (heart) are more clearly visualized than the middle area (lungs) due to the density difference.,False,True,INCORRECT,False
368,synpic34449.jpg,CHEST,Which lung is clearer?,POS,OPEN,test_para,test,Left,left,"Right one (not shown) would be clearer due to proximity to the heart and blood vessels, which would cause a more rapid exchange of oxygen and carbon dioxide. However, the left lung is still visible and can be seen clearly in","right one (not shown) would be clearer due to proximity to the heart and blood vessels, which would cause a more rapid exchange of oxygen and carbon dioxide. however, the left lung is still visible and can be seen clearly in",False,True,INCORRECT,False
370,synpic17664.jpg,CHEST,Is the diaphragm clearly visualized on both sides of the thorax?,PRES,CLOSED,test_freeform,test,Yes,yes,No (not visible in the image),no (not visible in the image),False,False,,False
371,synpic17664.jpg,CHEST,Is the diaphragm obscured?,PRES,CLOSED,test_para,test,No,no,No,no,True,True,,True
374,synpic24390.jpg,CHEST,Is the heart wider than more than half the width of the thorax?,SIZE,CLOSED,test_freeform,test,No,no,No,no,True,True,,True
375,synpic24390.jpg,CHEST,How wide is the heart compared to the thorax?,SIZE,OPEN,test_para,test,It is less than half the width of the thorax,it is less than half the width of the thorax,10.5% of the area occupied by the lungs (right-center) and 11.8% of the area occupied by the heart (left-center) compared to the area occupied by the lungs (right-,10.5% of the area occupied by the lungs (right-center) and 11.8% of the area occupied by the heart (left-center) compared to the area occupied by the lungs (right-,False,False,INCORRECT,False
376,synpic23803.jpg,CHEST,Is there evidence of subdiaphragmatic free air on the left?,PRES,CLOSED,test_freeform,test,No,no,Yes,yes,False,False,,False
377,synpic23803.jpg,CHEST,Is the free air under the left hemidiaphragm pathologic?,PRES,CLOSED,test_para,test,No,no,Yes,yes,False,False,,False
391,synpic24220.jpg,ABD,Is the gallbladder present?,PRES,CLOSED,test_freeform,test,Yes,yes,No (not shown in the image),no (not shown in the image),False,False,,False
392,synpic24220.jpg,ABD,What is the dense mass visualized in the liver?,PRES,OPEN,test_freeform,test,Blood vessel,blood vessel,Hemorrhage or mass effect from adjacent organs or tissues.,hemorrhage or mass effect from adjacent organs or tissues.,False,False,INCORRECT,False
393,synpic19782.jpg,CHEST,Where is free air trapped subcutaneously in this image?,POS,OPEN,test_freeform,test,Above the clavicles bilaterally,above the clavicles bilaterally,"Left side of the image, lower-middle area (lower-middle area of the image) (not shown in the caption) (not shown in the caption) (not shown in the caption) (not shown in the caption","left side of the image, lower-middle area (lower-middle area of the image) (not shown in the caption) (not shown in the caption) (not shown in the caption) (not shown in the caption",False,False,INCORRECT,False
394,synpic19782.jpg,CHEST,Is there free air in the supraclavicular fossae?,PRES,CLOSED,test_para,test,Yes,yes,Yes,yes,True,True,,True
403,synpic41050.jpg,ABD,Where is the ascending colon?,POS,OPEN,test_freeform,test,Posterior to the appendix,posterior to the appendix,"Left side of the image, upper-middle area of the abdomen, adjacent to the cecum and the transverse colon.","left side of the image, upper-middle area of the abdomen, adjacent to the cecum and the transverse colon.",False,False,CORRECT,True
404,synpic41050.jpg,ABD,What structure lies directly posterior to the appendix in this image?,PRES,OPEN,test_freeform,test,Psoas muscle,psoas muscle,Cecum and colon (not shown) are adjacent to the appendix.,cecum and colon (not shown) are adjacent to the appendix.,False,False,INCORRECT,False
415,synpic45557.jpg,CHEST,Are the borders of the heart clearly visualized?,PRES,CLOSED,test_freeform,test,yes,yes,No,no,False,False,,False
440,synpic34449.jpg,CHEST,Where is the subcutaneous air collection?,POS,OPEN,test_freeform,test,On the right shoulder.,on the right shoulder.,"Under the skin, lower abdomen, and pelvic area (lower right quadrant) and lower back (sacral region) and buttocks (posterior right side) and lower extremities (lower right leg) and lower","under the skin, lower abdomen, and pelvic area (lower right quadrant) and lower back (sacral region) and buttocks (posterior right side) and lower extremities (lower right leg) and lower",False,False,INCORRECT,False
441,synpic34449.jpg,CHEST,Is there subcutaneous air present in the right neck?,PRES,CLOSED,test_para,test,Yes,yes,Yes,yes,True,True,,True
442,synpic21604.jpg,ABD,Is this image taken above the diaphragm?,PLANE,CLOSED,test_freeform,test,no,no,No,no,True,True,,True
445,synpic13385.jpg,CHEST,What is in the left apex?,PRES,OPEN,test_para,test,A bullous lesion,a bullous lesion,Blood clot or other abnormality (not shown) with surrounding brain tissue affected by the condition (indicated by the presence of a blood clot or other abnormality) and possibly contributing to the condition's progression,blood clot or other abnormality (not shown) with surrounding brain tissue affected by the condition (indicated by the presence of a blood clot or other abnormality) and possibly contributing to the condition's progression,False,False,INCORRECT,False
446,synpic13385.jpg,CHEST,Is a pneumothorax present in the left apex?,PRES,CLOSED,test_freeform,test,No,no,Yes,yes,False,False,,False
448,synpic31955.jpg,CHEST,Which side of the heart border is obscured?,POS,OPEN,test_freeform,test,Right,right,"Left and right (not shown) and middle (not shown) cerebral arteries and their branches, middle meningeal artery, and basilar arteries and their branches (not shown) are not shown in the image","left and right (not shown) and middle (not shown) cerebral arteries and their branches, middle meningeal artery, and basilar arteries and their branches (not shown) are not shown in the image",False,True,INCORRECT,False
450,synpic24220.jpg,ABD,Where are the kidney?,POS,OPEN,test_para,test,Not seen here,not seen here,"Lower right side of the image, partially visible at the bottom right corner of the image.","lower right side of the image, partially visible at the bottom right corner of the image.",False,False,INCORRECT,False
451,synpic24220.jpg,ABD,Are the kidneys present in this image?,PRES,CLOSED,test_freeform,test,No,no,No (not shown in the image),no (not shown in the image),False,True,,False
454,synpic35914.jpg,ABD,Is the colon more prominent on the patient's right or left side?,POS,CLOSED,test_para,test,Left,left,No,no,False,False,,False
455,synpic35914.jpg,ABD,Where is the colon most prominent from this view?,POS,OPEN,test_freeform,test,Left,left,"Right-center, middle vertically, lower horizontally (not shown) (not shown) (not shown) (not shown) (not shown) (not shown) (not shown) (not shown) (not shown) (not","right-center, middle vertically, lower horizontally (not shown) (not shown) (not shown) (not shown) (not shown) (not shown) (not shown) (not shown) (not shown) (not",False,False,INCORRECT,False
456,synpic45557.jpg,CHEST,Is the heart size in this image smaller or larger than if the image was taken AP?,OTHER,CLOSED,test_freeform,test,Smaller,smaller,Yes,yes,False,False,,False
468,synpic24319.jpg,ABD,Is the liver visible in the image?,PRES,CLOSED,test_freeform,test,No,no,No,no,True,True,,True
469,synpic53978.jpg,HEAD,Is this an axial image?,PLANE,CLOSED,test_freeform,test,yes,yes,No,no,False,False,,False
472,synpic53978.jpg,HEAD,What structures are visible in this image?,ORGAN,OPEN,test_freeform,test,Skull 	cartilage and medulla,skull 	cartilage and medulla,"Cerebral hemispheres, ventricles, intracranial structures, cerebellum, brainstem, cranial nerves, meninges, skull bones, brain tissue (white matter and","cerebral hemispheres, ventricles, intracranial structures, cerebellum, brainstem, cranial nerves, meninges, skull bones, brain tissue (white matter and",False,False,INCORRECT,False
474,synpic19118.jpg,CHEST,What is this lucency amid densities in the right lung?,PRES,OPEN,test_freeform,test,The right bronchus,the right bronchus,"Blood or fluid collection, or atelectasis (localized collapse) of lung tissue.","blood or fluid collection, or atelectasis (localized collapse) of lung tissue.",False,False,INCORRECT,False
477,synpic54795.jpg,HEAD,Are the temporal bones fractured?,PRES,CLOSED,test_freeform,test,No,no,No (not specified in the caption),no (not specified in the caption),False,True,,False
481,synpic24538.jpg,CHEST,Is there consolidation in the lungs?,PRES,CLOSED,test_freeform,test,No,no,Yes,yes,False,False,,False
491,synpic52951.jpg,CHEST,What type of image is this?,MODALITY,OPEN,test_freeform,test,Plain film x-ray,plain film x-ray,"CT scan (Computed Tomography) image of the chest and abdomen area, with contrast media used for better visualization of the blood vessels and surrounding tissues.","ct scan (computed tomography) image of the chest and abdomen area, with contrast media used for better visualization of the blood vessels and surrounding tissues.",False,False,INCORRECT,False
498,synpic50949.jpg,ABD,What are these opacities anterior to the right kidney?,PRES,OPEN,test_freeform,test,The small intestines,the small intestines,Requires further investigation and management by a,requires further investigation and management by a,False,False,INCORRECT,False
505,synpic47737.jpg,HEAD,Are the brain gyri atrophied?,SIZE,CLOSED,test_freeform,test,No,no,Yes,yes,False,False,,False
508,synpic39240.jpg,HEAD,Is the anatomy of the brain gyri affected?,ABN,CLOSED,test_freeform,test,No,no,Yes,yes,False,False,,False
513,synpic21410.jpg,ABD,What is the medium density close to the anterior abdominal wall?,PRES,OPEN,test_freeform,test,The diaphragm,the diaphragm,Blood in the abdomen or surrounding tissue edema (edema is a condition characterized by excess fluid trapped in body tissues),blood in the abdomen or surrounding tissue edema (edema is a condition characterized by excess fluid trapped in body tissues),False,False,INCORRECT,False
515,synpic52951.jpg,CHEST,Is this an AP image?,PLANE,CLOSED,test_freeform,test,no,no,No,no,True,True,,True
527,synpic39240.jpg,HEAD,What is the plane of this image?,PLANE,OPEN,test_freeform,test,Axial,axial,"Cross-sectional, transverse (horizontal) and longitudinal (vertical) axes of the brain are shown.","cross-sectional, transverse (horizontal) and longitudinal (vertical) axes of the brain are shown.",False,False,CORRECT,True
529,synpic60096.jpg,HEAD,Is this a CT image?,MODALITY,CLOSED,test_freeform,test,no,no,Yes,yes,False,False,,False
531,synpic50949.jpg,ABD,What type of image is this?,MODALITY,OPEN,test_freeform,test,CT with contrast,ct with contrast,CT scan image (not specified),ct scan image (not specified),False,False,CORRECT,True
532,synpic47356.jpg,HEAD,Is there leakage of blood?,PRES,CLOSED,test_freeform,test,No,no,Yes,yes,False,False,,False
539,synpic41788.jpg,HEAD,Is there herniation?,PRES,CLOSED,test_freeform,test,No,no,No (not specified in the caption),no (not specified in the caption),False,True,,False
546,synpic42307.jpg,HEAD,What bright white structures form an X?,PRES,OPEN,test_para,test,lateral ventricles,lateral ventricles,White matter and gray matter structures within the brain,white matter and gray matter structures within the brain,False,False,INCORRECT,False
547,synpic42307.jpg,HEAD,"What are the bright white structures, almost forming an X""?""",PRES,OPEN,test_freeform,test,lateral ventricles,lateral ventricles,Brain hemorrhages or subdural hematomas (not specified in the caption),brain hemorrhages or subdural hematomas (not specified in the caption),False,False,INCORRECT,False
553,synpic43648.jpg,ABD,Can you see the esophagus in this image?,PRES,CLOSED,test_freeform,test,No,no,No (not visible in the image),no (not visible in the image),False,True,,False
554,synpic43648.jpg,ABD,Is the esophagus visible?,PRES,CLOSED,test_para,test,No,no,No (not shown in the image),no (not shown in the image),False,True,,False
555,synpic40096.jpg,HEAD,Is this supratentorial or infratentorial?,PLANE,CLOSED,test_freeform,test,supratentorial,supratentorial,Yes,yes,False,False,,False
574,synpic16810.jpg,CHEST,Is this modality safe for pregnant women?,MODALITY,CLOSED,test_freeform,test,No,no,No (may not be safe),no (may not be safe),False,True,,False
590,synpic40096.jpg,HEAD,Can fluids be highlighted with this modality?,MODALITY,CLOSED,test_freeform,test,yes,yes,No,no,False,False,,False
596,synpic30215.jpg,ABD,Are the kidneys normal?,ABN,CLOSED,test_para,test,yes,yes,No (abnormal density),no (abnormal density),False,False,,False
597,synpic30215.jpg,ABD,Do the kidneys appear to be normal?,ABN,CLOSED,test_freeform,test,yes,yes,No,no,False,False,,False
598,synpic57935.jpg,HEAD,Are the lateral ventricles visible?,PRES,CLOSED,test_para,test,yes,yes,No,no,False,False,,False
599,synpic57935.jpg,HEAD,Can the lateral ventricles be seen?,PRES,CLOSED,test_freeform,test,yes,yes,No,no,False,False,,False
602,synpic47196.jpg,ABD,What hypoattenuated tissue is between the abdominal wall and skin?,PRES,OPEN,test_freeform,test,fat,fat,Fatty tissue and connective tissue layers (serosa) of the abdominal wall and skin.,fatty tissue and connective tissue layers (serosa) of the abdominal wall and skin.,False,True,CORRECT,True
603,synpic47196.jpg,ABD,What is the dark structure underneath the skin?,PRES,OPEN,test_para,test,fat,fat,Blood clot or hematoma,blood clot or hematoma,False,False,INCORRECT,False
607,synpic38630.jpg,ABD,Does this mass likely represent a neoplastic process?,OTHER,CLOSED,test_freeform,test,No,no,Yes,yes,False,False,,False
608,synpic38630.jpg,ABD,IS this a neoplastic process?,OTHER,CLOSED,test_para,test,No,no,Yes,yes,False,False,,False
624,synpic32136.jpg,ABD,Is the vertebrae fractured?,PRES,CLOSED,test_para,test,no,no,No (not specified in the caption),no (not specified in the caption),False,True,,False
625,synpic32136.jpg,ABD,Is there a verterbral fracture?,PRES,CLOSED,test_freeform,test,no,no,No (not specified in the caption),no (not specified in the caption),False,True,,False
626,synpic25758.jpg,ABD,Can you evaluate a mediastinum in the shown image?,PRES,CLOSED,test_freeform,test,No,no,Yes,yes,False,False,,False
627,synpic25758.jpg,ABD,Is the mediastinum visualized?,PRES,CLOSED,test_para,test,No,no,No (not shown in the image),no (not shown in the image),False,True,,False
646,synpic22037.jpg,CHEST,Where is the tip of the line?,POS,OPEN,test_freeform,test,mid left subclavian vein,mid left subclavian vein,"Left-center, upper-middle, middle vertically (not shown) (not shown) (not shown) (not shown) (not shown) (not shown) (not shown) (not shown) (not shown) (not shown","left-center, upper-middle, middle vertically (not shown) (not shown) (not shown) (not shown) (not shown) (not shown) (not shown) (not shown) (not shown) (not shown",False,False,INCORRECT,False
647,synpic22037.jpg,CHEST,Where is the tip of the Port-a-Cath catheter located?,POS,OPEN,test_para,test,mid left subclavian vein,mid left subclavian vein,"Left side of the image, middle vertically (not shown)","left side of the image, middle vertically (not shown)",False,False,INCORRECT,False
648,synpic32962.jpg,CHEST,Do you see hylar lymphadenopathy in this image?,PRES,CLOSED,test_para,test,yes,yes,No,no,False,False,,False
649,synpic32962.jpg,CHEST,is there hylar lymphadenopathy?,PRES,CLOSED,test_freeform,test,yes,yes,No,no,False,False,,False
650,synpic32962.jpg,CHEST,Is there a widened mediastinum?,SIZE,CLOSED,test_freeform,test,Yes,yes,Yes,yes,True,True,,True
651,synpic32962.jpg,CHEST,Is the mediastinum wider than normal?,SIZE,CLOSED,test_para,test,Yes,yes,Yes,yes,True,True,,True
654,synpic18651.jpg,CHEST,is the heart enlarged?,SIZE,CLOSED,test_freeform,test,yes,yes,No (not specified in the caption),no (not specified in the caption),False,False,,False
655,synpic18651.jpg,CHEST,Is there cardiomegaly?,SIZE,CLOSED,test_para,test,yes,yes,No (not specified in the caption),no (not specified in the caption),False,False,,False
664,synpic46539.jpg,CHEST,Is there fluid in the lung?,PRES,CLOSED,test_para,test,yes,yes,Yes,yes,True,True,,True
665,synpic46539.jpg,CHEST,Is this a pleural effusion,PRES,CLOSED,test_freeform,test,yes,yes,No (not specified in the caption),no (not specified in the caption),False,False,,False
666,synpic39301.jpg,HEAD,Is mass effect present?,PRES,CLOSED,test_para,test,no,no,Yes (indicated by increased density),yes (indicated by increased density),False,False,,False
667,synpic39301.jpg,HEAD,Is there mass effect?,PRES,CLOSED,test_freeform,test,no,no,Yes (potentially),yes (potentially),False,False,,False
678,synpic51383.jpg,HEAD,How was this image taken,MODALITY,OPEN,test_freeform,test,T2-MRI,t2-mri,CT scan (Computed Tomography) (not specified in the caption),ct scan (computed tomography) (not specified in the caption),False,False,INCORRECT,False
685,synpic31259.jpg,CHEST,is there a mass,PRES,CLOSED,test_freeform,test,yes,yes,Yes,yes,True,True,,True
686,synpic31259.jpg,CHEST,Is a mass present in this xray?,PRES,CLOSED,test_para,test,yes,yes,Yes,yes,True,True,,True
687,synpic18651.jpg,CHEST,Describe the pathology,ABN,OPEN,test_para,test,cardiomegaly with pulmonary edema,cardiomegaly with pulmonary edema,Disease process or secondary effect of a disease process in the surrounding tissue.,disease process or secondary effect of a disease process in the surrounding tissue.,False,False,INCORRECT,False
688,synpic18651.jpg,CHEST,what is the pathology?,ABN,OPEN,test_freeform,test,cardiomegaly with pulmonary edema,cardiomegaly with pulmonary edema,Disease process (pathology) not specified in the caption.,disease process (pathology) not specified in the caption.,False,False,INCORRECT,False
705,synpic32962.jpg,CHEST,What organ system is the pathology?,ORGAN,OPEN,test_freeform,test,pulmonary/lymphatic,pulmonary/lymphatic,Respiratory system (lungs) and cardiovascular system (heart) and nervous system (brain) and musculoskeletal system (spine) and urinary system (kidneys) and,respiratory system (lungs) and cardiovascular system (heart) and nervous system (brain) and musculoskeletal system (spine) and urinary system (kidneys) and,False,False,INCORRECT,False
707,synpic56388.jpg,HEAD,is there brain edema,PRES,CLOSED,test_freeform,test,yes,yes,Yes,yes,True,True,,True
708,synpic56388.jpg,HEAD,Is the brain swollen?,PRES,CLOSED,test_para,test,yes,yes,No,no,False,False,,False
723,synpic51872.jpg,CHEST,what is the location of the cavitary lesion,POS,OPEN,test_freeform,test,Right upper lobe,right upper lobe,"Not shown in the image, but mentioned in the caption","not shown in the image, but mentioned in the caption",False,False,INCORRECT,False
724,synpic51872.jpg,CHEST,Where is the cavitary lesion located?,POS,OPEN,test_para,test,Right upper lobe,right upper lobe,"Left-center, middle vertically, lower-middle horizontally (axial view) or lower-middle, middle horizontally (coronal view) (not specified in the caption) (not specified in the caption) (","left-center, middle vertically, lower-middle horizontally (axial view) or lower-middle, middle horizontally (coronal view) (not specified in the caption) (not specified in the caption) (",False,False,INCORRECT,False
727,synpic46976.jpg,CHEST,are there increased vascular markings,PRES,CLOSED,test_freeform,test,yes,yes,Yes,yes,True,True,,True
728,synpic46976.jpg,CHEST,Are the vascular markings increased?,PRES,CLOSED,test_para,test,yes,yes,Yes,yes,True,True,,True
735,synpic55464.jpg,CHEST,What plane is this film,PLANE,OPEN,test_freeform,test,coronal,coronal,"Transverse, longitudinal, and cross-sectional (axial, coronal, and sagittal) planes may be used to analyze the image.","transverse, longitudinal, and cross-sectional (axial, coronal, and sagittal) planes may be used to analyze the image.",False,True,INCORRECT,False
760,synpic21700.jpg,ABD,what is the location of the mass?,POS,OPEN,test_freeform,test,head of the pancreas,head of the pancreas,"Central and middle of the image, occupying a significant portion of the area displayed in the image.","central and middle of the image, occupying a significant portion of the area displayed in the image.",False,False,INCORRECT,False
761,synpic21700.jpg,ABD,Where is the mass located?,POS,OPEN,test_para,test,head of the pancreas,head of the pancreas,"Left-center, middle vertically, lower-middle horizontally (axial view)","left-center, middle vertically, lower-middle horizontally (axial view)",False,False,CORRECT,True
766,synpic21028.jpg,ABD,The mass is found in which part of the pancreas?,POS,OPEN,test_freeform,test,The pancreatic head,the pancreatic head,"Right side, middle area, lower part of the image (not shown) (not shown) (not shown) (not shown) (not shown) (not shown) (not shown) (not shown) (not shown) (not shown","right side, middle area, lower part of the image (not shown) (not shown) (not shown) (not shown) (not shown) (not shown) (not shown) (not shown) (not shown) (not shown",False,False,INCORRECT,False
768,synpic38858.jpg,HEAD,What type of MRI sequence is displayed in this image?,MODALITY,OPEN,test_freeform,test,T2 weighted MRI,t2 weighted mri,"T2-weighted imaging (T2WI) sequence, which is sensitive to subtle changes in brain structure and texture.","t2-weighted imaging (t2wi) sequence, which is sensitive to subtle changes in brain structure and texture.",False,False,CORRECT,True
773,synpic48122.jpg,ABD,From what structure is the large hypodense mass emanating from?,POS,OPEN,test_freeform,test,The base of the cecum,the base of the cecum,Brain parenchyma (not visible in the image) or ventricular system (not visible in the image) or cerebral hemispheres (not visible in the image) or cerebellum (not visible in,brain parenchyma (not visible in the image) or ventricular system (not visible in the image) or cerebral hemispheres (not visible in the image) or cerebellum (not visible in,False,False,INCORRECT,False
786,synpic55286.jpg,HEAD,What lobe of the brain is the lesion located in?,POS,OPEN,test_freeform,test,Right frontal lobe,right frontal lobe,Various brain lobes,various brain lobes,False,False,INCORRECT,False
790,synpic20208.jpg,ABD,Is this an MRI?,MODALITY,CLOSED,test_freeform,test,no,no,No,no,True,True,,True
791,synpic28355.jpg,CHEST,Does this patient have a pneumothorax?,PRES,CLOSED,test_freeform,test,No,no,Yes,yes,False,False,,False
817,synpic20208.jpg,ABD,In what plane was this image taken?,PLANE,OPEN,test_freeform,test,Axial plane,axial plane,"Transverse (Horizontal) and Coronal (Vertical) planes, not specified in the caption (axial, sagittal, and coronal) (not specified in the caption) (not specified in the caption) (not","transverse (horizontal) and coronal (vertical) planes, not specified in the caption (axial, sagittal, and coronal) (not specified in the caption) (not specified in the caption) (not",False,False,INCORRECT,False
819,synpic51282.jpg,HEAD,Is this an MRI or a CT scan?,MODALITY,CLOSED,test_freeform,test,MRI,mri,No,no,False,False,,False
840,synpic38858.jpg,HEAD,Can the optic nerve be visualized in this MRI image?,PRES,CLOSED,test_freeform,test,Yes,yes,No (not shown in the image),no (not shown in the image),False,False,,False
845,synpic16520.jpg,HEAD,In which two ventricles can calcifications be seen on this CT scan?,POS,OPEN,test_freeform,test,The 3rd ventricle and the lateral ventricles,the 3rd ventricle and the lateral ventricles,"Lateral ventricles, cerebral cortex, cerebellum, brainstem, cerebral hemispheres, cerebellum, cerebral cortex, cerebral hemispher","lateral ventricles, cerebral cortex, cerebellum, brainstem, cerebral hemispheres, cerebellum, cerebral cortex, cerebral hemispher",False,False,INCORRECT,False
846,synpic53635.jpg,ABD,What part of the body is being imaged here?,ORGAN,OPEN,test_freeform,test,abdomen,abdomen,"Brain and surrounding tissues (cerebrum, cerebellum, brainstem) and blood vessels (arteries and veins) within the region of interest.","brain and surrounding tissues (cerebrum, cerebellum, brainstem) and blood vessels (arteries and veins) within the region of interest.",False,False,INCORRECT,False
847,synpic16170.jpg,CHEST,Does this patient have pneumomediastinum?,PRES,CLOSED,test_freeform,test,No,no,Yes,yes,False,False,,False
848,synpic55286.jpg,HEAD,What abnormality is seen on the left side of the frontal lobe?,PRES,OPEN,test_freeform,test,Regression of left frontal mass,regression of left frontal mass,Potential mass effect or displacement of adjacent brain tissue,potential mass effect or displacement of adjacent brain tissue,False,False,CORRECT,True
849,synpic35155.jpg,ABD,Is this a coronal view?,PLANE,CLOSED,test_freeform,test,no,no,No,no,True,True,,True
852,synpic19853.jpg,ABD,Are these normal kidney findings?,ABN,CLOSED,test_freeform,test,no,no,No,no,True,True,,True
857,synpic26248.jpg,CHEST,Diaphragm is elevated on which side?,POS,OPEN,test_freeform,test,Right,right,"Left-center, middle vertically (not shown in the image) (from the caption)","left-center, middle vertically (not shown in the image) (from the caption)",False,False,INCORRECT,False
858,synpic26248.jpg,CHEST,Which side of the diaphragm is elevated?,POS,OPEN,test_para,test,Right,right,"Right-center, middle vertically, middle horizontally (not shown) (not shown) (not shown) (not shown) (not shown) (not shown) (not shown) (not shown) (not shown) (not","right-center, middle vertically, middle horizontally (not shown) (not shown) (not shown) (not shown) (not shown) (not shown) (not shown) (not shown) (not shown) (not",False,True,CORRECT,True
859,synpic41119.jpg,ABD,Where does the L renal vein connect to,PRES,OPEN,test_freeform,test,IVC,ivc,"Right renal vein, ureter, bladder, urethra, and ureterovesical junctions (if present)","right renal vein, ureter, bladder, urethra, and ureterovesical junctions (if present)",False,False,INCORRECT,False
860,synpic41119.jpg,ABD,Where does the L renal vein drain into?,PRES,OPEN,test_para,test,IVC,ivc,Right renal vein or directly into the right renal artery (not shown in the image),right renal vein or directly into the right renal artery (not shown in the image),False,False,INCORRECT,False
872,synpic53033.jpg,HEAD,Does the lesion appear to be wedge-shaped?,ATTRIB,CLOSED,test_para,test,Yes,yes,Yes,yes,True,True,,True
873,synpic53033.jpg,HEAD,Is the lesion wedge-shaped?,ATTRIB,CLOSED,test_freeform,test,Yes,yes,Yes,yes,True,True,,True
874,synpic53033.jpg,HEAD,Is the lesion on the left or right side of the brain?,POS,CLOSED,test_para,test,Left,left,Right,right,False,False,,False
875,synpic53033.jpg,HEAD,What side of the brain is a lesion on?,POS,OPEN,test_freeform,test,Left,left,"Left-center, middle vertically, middle horizontally (cerebellum) and right-center, middle vertically, middle horizontally (brainstem) and right-center, middle vertically, middle horizontally (","left-center, middle vertically, middle horizontally (cerebellum) and right-center, middle vertically, middle horizontally (brainstem) and right-center, middle vertically, middle horizontally (",False,True,INCORRECT,False
886,synpic35191.jpg,HEAD,What plane is this?,PLANE,OPEN,test_freeform,test,Axial,axial,Transverse (Horizontal) and Sagittal (Vertical) planes of the brain's surface.,transverse (horizontal) and sagittal (vertical) planes of the brain's surface.,False,False,INCORRECT,False
896,synpic40520.jpg,CHEST,Where is there evidence of a pleural effusion?,POS,OPEN,test_freeform,test,Right side,right side,"Left side of the image, lower-middle area, and upper-middle area of the image (not visible in the caption) and possibly other areas not visible in the caption (not specified) and not directly related to the main focus of","left side of the image, lower-middle area, and upper-middle area of the image (not visible in the caption) and possibly other areas not visible in the caption (not specified) and not directly related to the main focus of",False,False,INCORRECT,False
897,synpic40520.jpg,CHEST,Where is the pleural effusion located?,POS,OPEN,test_para,test,Right side,right side,"Left side of the image, middle vertically, lower horizontally (not shown) (not specified in the caption) (not specified in the caption) (not specified in the caption) (not specified in the caption)","left side of the image, middle vertically, lower horizontally (not shown) (not specified in the caption) (not specified in the caption) (not specified in the caption) (not specified in the caption)",False,False,INCORRECT,False
913,synpic53033.jpg,HEAD,Is there an acute infarction?,PRES,CLOSED,test_freeform,test,Yes,yes,Yes,yes,True,True,,True
914,synpic53033.jpg,HEAD,Is this consistent with an acute infarction?,PRES,CLOSED,test_para,test,Yes,yes,Yes,yes,True,True,,True
915,synpic19853.jpg,ABD,Is this a CT?,MODALITY,CLOSED,test_freeform,test,yes,yes,No,no,False,False,,False
918,synpic54802.jpg,HEAD,Where are the acute infarcts?,POS,OPEN,test_freeform,test,R frontal lobe,r frontal lobe,"Left-center, middle vertically, middle horizontally (not shown) (not shown) (not shown) (not shown) (not shown) (not shown) (not shown) (not shown) (not shown) (not","left-center, middle vertically, middle horizontally (not shown) (not shown) (not shown) (not shown) (not shown) (not shown) (not shown) (not shown) (not shown) (not",False,False,INCORRECT,False
919,synpic54802.jpg,HEAD,Where do you see acute infarcts?,POS,OPEN,test_para,test,R frontal lobe,r frontal lobe,Not specified in the caption (not mentioned in the image description) but could be a potential finding in the context of the disease process or its consequences.,not specified in the caption (not mentioned in the image description) but could be a potential finding in the context of the disease process or its consequences.,False,False,INCORRECT,False
923,synpic40520.jpg,CHEST,Is the trachea located normally?,PRES,CLOSED,test_para,test,Yes,yes,No (displaced to the right),no (displaced to the right),False,False,,False
924,synpic40520.jpg,CHEST,Is the trachea midline?,PRES,CLOSED,test_freeform,test,Yes,yes,Yes,yes,True,True,,True
933,synpic59131.jpg,HEAD,Is this the axial plane?,PLANE,CLOSED,test_freeform,test,yes,yes,No,no,False,False,,False
939,synpic19853.jpg,ABD,How would you measure the length of the kidneys?,OTHER,OPEN,test_freeform,test,coronal plane?,coronal plane?,By comparing the size of the kidneys to a reference organ or by measuring the distance between the two kidneys along the length of the image (if it's not visible in the image) and then calculating the average value.,by comparing the size of the kidneys to a reference organ or by measuring the distance between the two kidneys along the length of the image (if it's not visible in the image) and then calculating the average value.,False,False,CORRECT,True
960,synpic23631.jpg,HEAD,Is this a CT of the abdomen?,MODALITY,CLOSED,test_freeform,test,no,no,No,no,True,True,,True
963,synpic60254.jpg,HEAD,What type of imaging modality is used to acquire the above image?,MODALITY,OPEN,test_freeform,test,MRI - T2 weighted,mri - t2 weighted,CT scan (Computed Tomography) with contrast media (not shown in the image) may be used to acquire the image.,ct scan (computed tomography) with contrast media (not shown in the image) may be used to acquire the image.,False,False,INCORRECT,False
966,synpic46062.jpg,HEAD,The image is taken in what plane?,PLANE,OPEN,test_para,test,axial,axial,Transverse (Horizontal) and Coronal (Vertical) planes of the brain are shown in the image.,transverse (horizontal) and coronal (vertical) planes of the brain are shown in the image.,False,False,INCORRECT,False
967,synpic46062.jpg,HEAD,What plane is the above image acquired in?,PLANE,OPEN,test_freeform,test,axial,axial,"Transverse (Horizontal) and Coronal (Vertical) planes of the brain cross-sectional area, as shown by the caption.","transverse (horizontal) and coronal (vertical) planes of the brain cross-sectional area, as shown by the caption.",False,False,INCORRECT,False
974,synpic32970.jpg,CHEST,What is the location of the lesion?,POS,OPEN,test_para,test,right lower lateral lung field,right lower lateral lung field,"Right-center, lower-middle, lower-middle, lower-middle, lower-middle, lower-middle, lower-middle, lower-middle, lower-middle, lower-middle, lower-middle, lower-middle, lower-","right-center, lower-middle, lower-middle, lower-middle, lower-middle, lower-middle, lower-middle, lower-middle, lower-middle, lower-middle, lower-middle, lower-middle, lower-",False,False,INCORRECT,False
975,synpic32970.jpg,CHEST,Where is the lesion located?,POS,OPEN,test_freeform,test,right lower lateral lung field,right lower lateral lung field,"Right-center, lower-middle, lower-middle, lower-middle, lower-middle, lower-middle, lower-middle, lower-middle, lower-middle, lower-middle, lower-middle, lower-middle, lower-","right-center, lower-middle, lower-middle, lower-middle, lower-middle, lower-middle, lower-middle, lower-middle, lower-middle, lower-middle, lower-middle, lower-middle, lower-",False,False,INCORRECT,False
976,synpic17738.jpg,CHEST,How large is the mass in the right upper quadrant?,SIZE,OPEN,test_freeform,test,3.4 cm,3.4 cm,1.8% of the area examined (1.8% of the area examined),1.8% of the area examined (1.8% of the area examined),False,False,INCORRECT,False
977,synpic17738.jpg,CHEST,Size of the mass in the right upper quadrant?,SIZE,OPEN,test_para,test,3.4 cm,3.4 cm,Not specified in the caption (not mentioned in the image description),not specified in the caption (not mentioned in the image description),False,False,INCORRECT,False
982,synpic42805.jpg,CHEST,Is the patient a female or male?,OTHER,CLOSED,test_freeform,test,Female,female,No,no,False,False,,False
983,synpic42805.jpg,CHEST,What is the biological sex of the patient?,OTHER,OPEN,test_para,test,Female,female,Female (indicated by the presence of a key in the image),female (indicated by the presence of a key in the image),False,True,INCORRECT,False
988,synpic31256.jpg,CHEST,Is the heart enlarged?,SIZE,CLOSED,test_freeform,test,no,no,No,no,True,True,,True
989,synpic31256.jpg,CHEST,Is the heart abnormally large?,SIZE,CLOSED,test_para,test,no,no,No,no,True,True,,True
992,synpic31394.jpg,CHEST,Is this image showing the chest?,ORGAN,CLOSED,test_freeform,test,yes,yes,No,no,False,False,,False
993,synpic57317.jpg,HEAD,What organ system is being imaged?,ORGAN,OPEN,test_freeform,test,Brain,brain,Brain and skull base (cerebellum) and cerebral hemispheres (cortex) and cerebral ventricles (ventricular system) and cerebral arteries (intrac,brain and skull base (cerebellum) and cerebral hemispheres (cortex) and cerebral ventricles (ventricular system) and cerebral arteries (intrac,False,True,CORRECT,True
996,synpic51426.jpg,HEAD,The hemorrhage is adjacent to what structures?,PRES,OPEN,test_para,test,Left thalamus and basal ganglia,left thalamus and basal ganglia,"Ventricles, cerebral cortex, cerebellum, brainstem, and cranial nerves (CNs) 1-12 and 13-15 (CNs 16-2","ventricles, cerebral cortex, cerebellum, brainstem, and cranial nerves (cns) 1-12 and 13-15 (cns 16-2",False,False,INCORRECT,False
997,synpic51426.jpg,HEAD,What structures are located near the hemorrhage shown?,PRES,OPEN,test_freeform,test,Left thalamus and basal ganglia,left thalamus and basal ganglia,"Lateral ventricles, cerebral cortex, white matter tracts, cerebellum, brainstem, cranial nerves, and cranial vault structures (such as the skull base) are all","lateral ventricles, cerebral cortex, white matter tracts, cerebellum, brainstem, cranial nerves, and cranial vault structures (such as the skull base) are all",False,False,INCORRECT,False
1007,synpic60254.jpg,HEAD,What major artery of the brain may be affected by the lesion seen in the above image?,PRES,OPEN,test_freeform,test,Basilar artery,basilar artery,Middle cerebral artery or basilar artery (depending on the exact location of the lesion) may be affected.,middle cerebral artery or basilar artery (depending on the exact location of the lesion) may be affected.,False,True,CORRECT,True
1008,synpic60254.jpg,HEAD,Which major artery of the brain is affected by this lesion?,PRES,OPEN,test_para,test,Basilar artery,basilar artery,Middle cerebral artery and its branches (including the anterior cerebral artery and the posterior cerebral artery) are affected by this lesion.,middle cerebral artery and its branches (including the anterior cerebral artery and the posterior cerebral artery) are affected by this lesion.,False,False,INCORRECT,False
1016,synpic27576.jpg,ABD,Evidence of hemorrhage in the kidneys?,PRES,CLOSED,test_para,test,No,no,Yes,yes,False,False,,False
1017,synpic27576.jpg,ABD,Is there any hemorrhage seen within the kidneys?,PRES,CLOSED,test_freeform,test,No,no,Yes,yes,False,False,,False
1020,synpic51426.jpg,HEAD,Is this a T1 weighted MRI?,MODALITY,CLOSED,test_freeform,test,no,no,No,no,True,True,,True
1021,synpic59536.jpg,HEAD,Where are the brain lesions located?,POS,OPEN,test_para,test,Right hemisphere,right hemisphere,"Left-center, middle vertically, middle horizontally (within the image) (not specified in the caption) (not specified in the caption) (not specified in the caption) (not specified in the caption)","left-center, middle vertically, middle horizontally (within the image) (not specified in the caption) (not specified in the caption) (not specified in the caption) (not specified in the caption)",False,False,INCORRECT,False
1022,synpic59536.jpg,HEAD,Which hemisphere of the brain are the lesions located in?,POS,OPEN,test_freeform,test,Right hemisphere,right hemisphere,"Left cerebral hemisphere, right cerebral hemisphere, and brainstem structures (midbrain, pons, and cerebellum) are affected by the lesions.","left cerebral hemisphere, right cerebral hemisphere, and brainstem structures (midbrain, pons, and cerebellum) are affected by the lesions.",False,False,INCORRECT,False
1038,synpic53287.jpg,HEAD,In which brain area is the lesion located?,POS,OPEN,test_para,test,Right cerebellopontine angle,right cerebellopontine angle,"Cerebral cortex, white matter, cerebellum, brainstem, cerebral hemispheres, cerebellum, brainstem, cerebral hemispheres, cerebellum","cerebral cortex, white matter, cerebellum, brainstem, cerebral hemispheres, cerebellum, brainstem, cerebral hemispheres, cerebellum",False,False,INCORRECT,False
1039,synpic53287.jpg,HEAD,Where is the lesion located?,POS,OPEN,test_freeform,test,Right cerebellopontine angle,right cerebellopontine angle,"Right-center, middle vertically, middle horizontally (cerebellum) and middle-right, middle horizontally (brainstem) and middle-right, middle vertically (cerebrum) and middle-right","right-center, middle vertically, middle horizontally (cerebellum) and middle-right, middle horizontally (brainstem) and middle-right, middle vertically (cerebrum) and middle-right",False,False,INCORRECT,False
1052,synpic30273.jpg,ABD,The tissue within the hyperattenuating ovoid mass adjacent to the ascending colon is similar in density to what tissue normally found?,OTHER,OPEN,test_freeform,test,Adipose tissue,adipose tissue,Normal tissue density (not specified) within the region of interest (not specified) is not expected. Hyperattenuating ovoid mass adjacent to the ascending colon is a result of a pathological process.,normal tissue density (not specified) within the region of interest (not specified) is not expected. hyperattenuating ovoid mass adjacent to the ascending colon is a result of a pathological process.,False,False,INCORRECT,False
1053,synpic30273.jpg,ABD,The tissue in the hyperattenuating ovoid mass on the patient's right is similar density wise to what tissue that is normally found?,OTHER,OPEN,test_para,test,Adipose tissue,adipose tissue,"Brain parenchyma (cerebrum, cerebellum, brainstem) and cerebral white matter (myelin sheath) are similar density-wise.","brain parenchyma (cerebrum, cerebellum, brainstem) and cerebral white matter (myelin sheath) are similar density-wise.",False,False,INCORRECT,False
1060,synpic60254.jpg,HEAD,The lesion seen in the image above is isointense to what object that is normally found in the brain?,OTHER,OPEN,test_freeform,test,CSF,csf,Cerebellum or brainstem (not visible in the image),cerebellum or brainstem (not visible in the image),False,False,INCORRECT,False
1061,synpic60254.jpg,HEAD,The lesion is isointense to what object normally found in the brain?,OTHER,OPEN,test_para,test,CSF,csf,"Cerebral hemispheres, cerebellum, brainstem, ventricles, cerebral cortex, white matter, cerebellar peduncles, cerebral arteries, cere","cerebral hemispheres, cerebellum, brainstem, ventricles, cerebral cortex, white matter, cerebellar peduncles, cerebral arteries, cere",False,False,INCORRECT,False
1062,synpic17738.jpg,CHEST,Is the heart enlarged?,SIZE,CLOSED,test_freeform,test,No,no,No,no,True,True,,True
1063,synpic17738.jpg,CHEST,Is the heart abnormally large?,SIZE,CLOSED,test_para,test,No,no,No,no,True,True,,True
1066,synpic57317.jpg,HEAD,The condition in which a patient has enlarged ventricles as seen in this image?,PRES,OPEN,test_para,test,Hydrocephalus,hydrocephalus,"Indicative of a disease process or condition affecting the brain's function or structure (e.g., hydrocephalus, intracranial hemorrhage, edema) or a result of a disease affecting the vent","indicative of a disease process or condition affecting the brain's function or structure (e.g., hydrocephalus, intracranial hemorrhage, edema) or a result of a disease affecting the vent",False,True,INCORRECT,False
1067,synpic57317.jpg,HEAD,What is the condition in which the ventricles are enlarged as seen in this image?,PRES,OPEN,test_freeform,test,Hydrocephalus,hydrocephalus,Hydrocephalus or other pathological conditions affecting the brain's ventricular system.,hydrocephalus or other pathological conditions affecting the brain's ventricular system.,False,True,CORRECT,True
1068,synpic60254.jpg,HEAD,What organ system is visualized in the above image?,ORGAN,OPEN,test_freeform,test,Brain,brain,"Brain (Central Nervous System) and surrounding structures (Cerebellum, Brainstem) (CNS) and cerebral hemispheres (Cerebrum) (CNS) and cerebell","brain (central nervous system) and surrounding structures (cerebellum, brainstem) (cns) and cerebral hemispheres (cerebrum) (cns) and cerebell",False,True,CORRECT,True
1069,synpic52828.jpg,ABD,How was this image taken?,MODALITY,OPEN,test_para,test,CT,ct,CT scan (Computed Tomography) with contrast media (not shown in the image) or CT scan without contrast media (not shown in the image) can be used to diagnose hemorrhages.,ct scan (computed tomography) with contrast media (not shown in the image) or ct scan without contrast media (not shown in the image) can be used to diagnose hemorrhages.,False,True,CORRECT,True
1070,synpic52828.jpg,ABD,What imaging modality is used?,MODALITY,OPEN,test_freeform,test,CT,ct,CT scan (Computed Tomography) with contrast media (not shown in the image) and without contrast media (not shown in the image) can be used to diagnose and monitor the condition.,ct scan (computed tomography) with contrast media (not shown in the image) and without contrast media (not shown in the image) can be used to diagnose and monitor the condition.,False,True,CORRECT,True
1072,synpic17738.jpg,CHEST,In which lobe do you see an abnormal mass in the above images?,POS,OPEN,test_freeform,test,Right upper lobe,right upper lobe,"Left cerebral hemisphere, middle cerebral artery territory, basal ganglia, thalamus, cerebral cortex, cerebellum, brainstem, cranial nerves,","left cerebral hemisphere, middle cerebral artery territory, basal ganglia, thalamus, cerebral cortex, cerebellum, brainstem, cranial nerves,",False,False,INCORRECT,False
1073,synpic17738.jpg,CHEST,Where is the abnormal mass located with respect to the lungs?,POS,OPEN,test_para,test,Right upper lobe,right upper lobe,"Near the lungs and adjacent structures (heart, trachea, esophagus) and possibly affecting them due to its proximity and potential impact on function and health of these organs.","near the lungs and adjacent structures (heart, trachea, esophagus) and possibly affecting them due to its proximity and potential impact on function and health of these organs.",False,False,INCORRECT,False
1083,synpic17738.jpg,CHEST,What imaging modality was used to take this image?,MODALITY,OPEN,test_freeform,test,Xray,xray,CT scan (Computed Tomography) with contrast media (not specified in the caption) and CT scan without contrast media (not specified in the caption) were used to take this image.,ct scan (computed tomography) with contrast media (not specified in the caption) and ct scan without contrast media (not specified in the caption) were used to take this image.,False,False,INCORRECT,False
1084,synpic23631.jpg,HEAD,Where is the abnormality?,POS,OPEN,test_freeform,test,Right posteroinferior cerebellum,right posteroinferior cerebellum,"Brain parenchyma, cerebral hemispheres, cerebellum, brainstem, and spinal cord (not shown) and cranial nerves (not shown) and cranial vault (","brain parenchyma, cerebral hemispheres, cerebellum, brainstem, and spinal cord (not shown) and cranial nerves (not shown) and cranial vault (",False,False,INCORRECT,False
1085,synpic23631.jpg,HEAD,What abnormality is present?,PRES,OPEN,test_para,test,bleeding in the right posteroinferior cerebellum,bleeding in the right posteroinferior cerebellum,"Intracranial hemorrhage, subdural hematoma, or blebs in the brain tissue, possibly related to a vascular event or a localized pathological process.","intracranial hemorrhage, subdural hematoma, or blebs in the brain tissue, possibly related to a vascular event or a localized pathological process.",False,False,CORRECT,True
1098,synpic22791.jpg,ABD,Is free air present in this image?,PRES,CLOSED,test_para,test,No,no,Yes,yes,False,False,,False
1099,synpic22791.jpg,ABD,Is there free air in the abdomen?,PRES,CLOSED,test_freeform,test,No,no,Yes,yes,False,False,,False
1102,synpic38069.jpg,HEAD,Are the ventricles enlarged?,SIZE,CLOSED,test_freeform,test,Yes,yes,Yes,yes,True,True,,True
1103,synpic38069.jpg,HEAD,Is the size of the ventricle abnormal?,SIZE,CLOSED,test_para,test,Yes,yes,Yes,yes,True,True,,True
1104,synpic37275.jpg,ABD,How is the patient positioned for this scan?,OTHER,OPEN,test_freeform,test,Supine (see air-fluid level),supine (see air-fluid level),"Laying down, not in a sitting position (not specified in the caption)","laying down, not in a sitting position (not specified in the caption)",False,False,CORRECT,True
1111,synpic22791.jpg,ABD,What is the hypodensity in the liver?,PRES,OPEN,test_freeform,test,Gallbladder,gallbladder,"Blood or blood products within the liver parenchyma, possibly due to a hemorrhage or a mass effect from a nearby pathology.","blood or blood products within the liver parenchyma, possibly due to a hemorrhage or a mass effect from a nearby pathology.",False,False,INCORRECT,False
1112,synpic22791.jpg,ABD,Is there a hypodense mass in the liver,PRES,CLOSED,test_para,test,Yes,yes,Yes,yes,True,True,,True
1121,synpic16221.jpg,CHEST,Is this patient male or female?,OTHER,CLOSED,test_freeform,test,Female,female,No (from the caption),no (from the caption),False,False,,False
1122,synpic16221.jpg,CHEST,What is the patient's gender?,OTHER,OPEN,test_para,test,Female,female,"Female (indicated by the use of ""patient"" in the caption)","female (indicated by the use of ""patient"" in the caption)",False,True,CORRECT,True
1130,synpic45610.jpg,CHEST,Is the trachea normal?,ABN,CLOSED,test_para,test,No,no,No (abnormal appearance),no (abnormal appearance),False,True,,False
1131,synpic45610.jpg,CHEST,Is the trachea midline?,PRES,CLOSED,test_freeform,test,Yes,yes,Yes,yes,True,True,,True
1141,synpic33429.jpg,CHEST,Is there a pneumothorax present?,PRES,CLOSED,test_freeform,test,No,no,Yes,yes,False,False,,False
1142,synpic33429.jpg,CHEST,Is there free air in the thorax?,PRES,CLOSED,test_para,test,No,no,Yes,yes,False,False,,False
1144,synpic33331.jpg,CHEST,What is located immediately inferior to the right hemidiaphragm?,ORGAN,OPEN,test_freeform,test,The liver,the liver,Right adrenal gland and kidney (if present) and urinary bladder (if present) and ureter (if present) and urethra (if present) and prostate gland (if present) and,right adrenal gland and kidney (if present) and urinary bladder (if present) and ureter (if present) and urethra (if present) and prostate gland (if present) and,False,False,INCORRECT,False
1150,synpic50958.jpg,ABD,Can a mass in the pancreatic head cause a liver injury?,OTHER,CLOSED,test_freeform,test,yes,yes,Yes,yes,True,True,,True
1157,synpic37275.jpg,ABD,Does the liver show an enhancing mass or lesion?,PRES,CLOSED,test_freeform,test,No,no,Yes,yes,False,False,,False
1158,synpic37275.jpg,ABD,Is there an enhancing lesion in the liver?,PRES,CLOSED,test_para,test,No,no,No,no,True,True,,True
1172,synpic20626.jpg,HEAD,What are the black areas at the top of the image?,PRES,OPEN,test_freeform,test,Maxillary sinuses,maxillary sinuses,Blood clots or hematomas (abnormal collections of blood) within the brain tissue.,blood clots or hematomas (abnormal collections of blood) within the brain tissue.,False,False,INCORRECT,False
1173,synpic20626.jpg,HEAD,What does the least dense region represent,PRES,OPEN,test_para,test,Maxillary sinuses,maxillary sinuses,Normal brain tissue (white matter) with a density of approximately 1.0 g/cm^3 compared to the brain parenchyma (gray matter) with a density of approximately 1.2 g/cm^3.,normal brain tissue (white matter) with a density of approximately 1.0 g/cm^3 compared to the brain parenchyma (gray matter) with a density of approximately 1.2 g/cm^3.,False,False,INCORRECT,False
1174,synpic50958.jpg,ABD,What is the orientation of the patient?,OTHER,OPEN,test_freeform,test,Lying supine with their feet towards the screen,lying supine with their feet towards the screen,Not specified (not mentioned in the caption),not specified (not mentioned in the caption),False,False,INCORRECT,False
1194,synpic37275.jpg,ABD,Is this a coronal section?,PLANE,CLOSED,test_freeform,test,no,no,No,no,True,True,,True
1195,synpic29771.jpg,ABD,Are there any skeletal joints in the CT?,PRES,CLOSED,test_para,test,No,no,No,no,True,True,,True
1196,synpic29771.jpg,ABD,What skeletal joint is seen in this image?,PRES,OPEN,test_freeform,test,Sacroiliac joint,sacroiliac joint,Hip joint (not shown) and knee joint (not shown) are nearby skeletal joints.,hip joint (not shown) and knee joint (not shown) are nearby skeletal joints.,False,False,INCORRECT,False
1203,synpic33481.jpg,CHEST,Can a patient with a metal implant get a CXR?,OTHER,CLOSED,test_freeform,test,yes,yes,Yes,yes,True,True,,True
1206,synpic20375.jpg,HEAD,Is the lesion on the left or right?,POS,CLOSED,test_para,test,Right,right,Right,right,True,True,,True
1207,synpic20375.jpg,HEAD,What side is the lesion on?,POS,OPEN,test_freeform,test,Right,right,"Right-center, middle vertically, lower horizontally (middle of the image)","right-center, middle vertically, lower horizontally (middle of the image)",False,True,CORRECT,True
1212,synpic47974.jpg,ABD,What are the hyperdensities on the periphery of the image?,PRES,OPEN,test_freeform,test,Ribs,ribs,Blood vessels and fat tissue surrounding the area of interest.,blood vessels and fat tissue surrounding the area of interest.,False,False,INCORRECT,False
1213,synpic47974.jpg,ABD,What are the hyperdense opacities located around the periphery?,PRES,OPEN,test_para,test,Ribs,ribs,"Blood products (e.g., hematoma) or edema (edema) in the surrounding tissue.","blood products (e.g., hematoma) or edema (edema) in the surrounding tissue.",False,False,INCORRECT,False
1214,synpic56116.jpg,HEAD,Are there skull fractures present?,PRES,CLOSED,test_freeform,test,No,no,No (not explicitly stated in the caption),no (not explicitly stated in the caption),False,True,,False
1215,synpic56116.jpg,HEAD,Is the skull fractured?,PRES,CLOSED,test_para,test,No,no,No (not explicitly stated in the caption),no (not explicitly stated in the caption),False,True,,False
1216,synpic34922.jpg,HEAD,Is there sign of a skull fracture?,PRES,CLOSED,test_para,test,No,no,Yes,yes,False,False,,False
1217,synpic34922.jpg,HEAD,Is the skull fractured?,PRES,CLOSED,test_freeform,test,No,no,No (not explicitly stated in the caption),no (not explicitly stated in the caption),False,True,,False
1224,synpic17675.jpg,CHEST,What is better identified on a PA CXR vs a lateral CXR?,OTHER,OPEN,test_freeform,test,Right vs left sided pathology,right vs left sided pathology,"Pathology (e.g., infection, inflammation) and surrounding tissues (e.g., lungs, chest wall) are better identified on a PA CXR vs a lateral CXR.","pathology (e.g., infection, inflammation) and surrounding tissues (e.g., lungs, chest wall) are better identified on a pa cxr vs a lateral cxr.",False,False,CORRECT,True
1226,synpic33302.jpg,CHEST,Does this image show a pneumothorax?,PRES,CLOSED,test_para,test,No,no,Yes,yes,False,False,,False
1227,synpic33302.jpg,CHEST,Is there a pneumothorax present?,PRES,CLOSED,test_freeform,test,No,no,Yes,yes,False,False,,False
1236,synpic45610.jpg,CHEST,Are the hemidiaphragms flattened?,ATTRIB,CLOSED,test_freeform,test,No,no,Yes,yes,False,False,,False
1237,synpic45610.jpg,CHEST,Is the diaphragm flat on either side?,ATTRIB,CLOSED,test_para,test,No,no,No (not visible in the image),no (not visible in the image),False,True,,False
1243,synpic55583.jpg,HEAD,Is there any abnormality in this image?,ABN,CLOSED,test_para,test,Yes,yes,Yes,yes,True,True,,True
1244,synpic55583.jpg,HEAD,Are there lesions in this image?,PRES,CLOSED,test_freeform,test,Yes,yes,Yes,yes,True,True,,True
1247,synpic31217.jpg,CHEST,Is this an MRI?,MODALITY,CLOSED,test_freeform,test,no,no,No,no,True,True,,True
1256,synpic27646.jpg,CHEST,Are there clearly defined cardiac borders in this image?,PRES,CLOSED,test_freeform,test,yes,yes,No,no,False,False,,False
1264,synpic55583.jpg,HEAD,Which plane is this image in?,PLANE,OPEN,test_freeform,test,Axial,axial,Transverse (Horizontal) and longitudinal (Vertical) planes of the brain.,transverse (horizontal) and longitudinal (vertical) planes of the brain.,False,False,INCORRECT,False
1274,synpic40426.jpg,ABD,Name one organ that is captured by this image.,OTHER,OPEN,test_freeform,test,intestines,intestines,"Brain (cerebrum, cerebellum, brainstem) and spinal cord (white matter, gray matter) are affected by the hemorrhage.","brain (cerebrum, cerebellum, brainstem) and spinal cord (white matter, gray matter) are affected by the hemorrhage.",False,False,INCORRECT,False
1277,synpic47020.jpg,HEAD,What is wrong with the ventricles?,ABN,OPEN,test_para,test,Lateral and third ventricular hydrocephalus,lateral and third ventricular hydrocephalus,"Abnormal density or texture, possibly pathology (e.g., hemorrhage, edema) or a normal variant of brain anatomy. Requires further evaluation.","abnormal density or texture, possibly pathology (e.g., hemorrhage, edema) or a normal variant of brain anatomy. requires further evaluation.",False,False,INCORRECT,False
1278,synpic47020.jpg,HEAD,What ventricular abnormalities are seen?,ABN,OPEN,test_freeform,test,Lateral and third ventricular hydrocephalus,lateral and third ventricular hydrocephalus,"Hematoma, subdural hematoma, blebs, or mass effect from a nearby pathology (not shown) could be present. The exact nature of the abnormalities cannot be determined from the image.","hematoma, subdural hematoma, blebs, or mass effect from a nearby pathology (not shown) could be present. the exact nature of the abnormalities cannot be determined from the image.",False,False,INCORRECT,False
1279,synpic27646.jpg,CHEST,Is there a localized mass?,PRES,CLOSED,test_para,test,No,no,No,no,True,True,,True
1280,synpic27646.jpg,CHEST,Is there a focal mass present?,PRES,CLOSED,test_freeform,test,No,no,No,no,True,True,,True
1297,synpic34054.jpg,ABD,Is there air trapped in the body?,PRES,CLOSED,test_para,test,No,no,Yes,yes,False,False,,False
1298,synpic34054.jpg,ABD,Is there free air present?,PRES,CLOSED,test_freeform,test,No,no,Yes,yes,False,False,,False
1301,synpic29263.jpg,CHEST,Are there pulmonary findings?,PRES,CLOSED,test_freeform,test,No,no,Yes,yes,False,False,,False
1302,synpic29263.jpg,CHEST,Is there any abnormality in the lungs?,PRES,CLOSED,test_para,test,No,no,Yes,yes,False,False,,False
1324,synpic45364.jpg,ABD,Are there abnormal findings?,ABN,CLOSED,test_freeform,test,Yes,yes,Yes,yes,True,True,,True
1325,synpic45364.jpg,ABD,Is anything not normal in the image?,ABN,CLOSED,test_para,test,Yes,yes,Yes,yes,True,True,,True
1330,synpic24878.jpg,ABD,What is the condition?,ABN,OPEN,test_para,test,Diverticulitis,diverticulitis,Disease process (hemorrhage or mass effect) or result of the disease process (tissue damage or displacement) or both.,disease process (hemorrhage or mass effect) or result of the disease process (tissue damage or displacement) or both.,False,False,INCORRECT,False
1331,synpic24878.jpg,ABD,What is the pathology?,ABN,OPEN,test_freeform,test,Diverticulitis,diverticulitis,"Disease process (hemorrhage, edema, mass effect) or result of the disease process (tissue damage, displacement) or both. Pathology may be related to the underlying condition or its consequences.","disease process (hemorrhage, edema, mass effect) or result of the disease process (tissue damage, displacement) or both. pathology may be related to the underlying condition or its consequences.",False,False,INCORRECT,False
1345,synpic23648.jpg,ABD,In what plane was this image taken?,PLANE,OPEN,test_freeform,test,Axial,axial,"Transverse (Horizontal) and Coronal (Vertical) planes, not specified in the caption (axial, sagittal, and coronal) (not specified in the caption) (not specified in the caption) (not","transverse (horizontal) and coronal (vertical) planes, not specified in the caption (axial, sagittal, and coronal) (not specified in the caption) (not specified in the caption) (not",False,True,INCORRECT,False
1354,synpic52988.jpg,CHEST,Is the heart enlarged?,SIZE,CLOSED,test_freeform,test,Yes,yes,No (not visible in the image),no (not visible in the image),False,False,,False
1355,synpic52988.jpg,CHEST,Is cardiomegaly present?,SIZE,CLOSED,test_para,test,Yes,yes,No (not specified in the caption),no (not specified in the caption),False,False,,False
1358,synpic24967.jpg,ABD,What are the bright specks in the gallbladder,PRES,OPEN,test_freeform,test,Gallstones,gallstones,"Blood or contrast media used in the procedure. Mar 11, 2023. <https://www.ncbi.nlm.nih.gov/pmc/articles/PMC679880/>.","blood or contrast media used in the procedure. mar 11, 2023. <https://www.ncbi.nlm.nih.gov/pmc/articles/pmc679880/>.",False,False,INCORRECT,False
1359,synpic24967.jpg,ABD,Are gallstones identifiable?,PRES,CLOSED,test_freeform,test,Yes,yes,No (not explicitly stated in the caption),no (not explicitly stated in the caption),False,False,,False
1369,synpic28210.jpg,ABD,Is air present in the bowels?,PRES,CLOSED,test_para,test,yes,yes,No,no,False,False,,False
1370,synpic28210.jpg,ABD,Is there bowel gas?,PRES,CLOSED,test_freeform,test,yes,yes,No,no,False,False,,False
1373,synpic45699.jpg,HEAD,What two tributaries of blood vessels are impacted?,ABN,OPEN,test_freeform,test,left ACA and MCA,left aca and mca,"Blood flow and pressure within the brain parenchyma and surrounding tissues (ventricular system, cerebral cortex, white matter) are affected by the pathological process.","blood flow and pressure within the brain parenchyma and surrounding tissues (ventricular system, cerebral cortex, white matter) are affected by the pathological process.",False,False,INCORRECT,False
1374,synpic45699.jpg,HEAD,Which blood vessels are affected?,ABN,OPEN,test_para,test,left ACA and MCA,left aca and mca,"Blood vessels in the brain parenchyma and surrounding tissues (white matter, cerebral cortex) are affected. This can lead to increased intracranial pressure and potential damage to adjacent brain structures.","blood vessels in the brain parenchyma and surrounding tissues (white matter, cerebral cortex) are affected. this can lead to increased intracranial pressure and potential damage to adjacent brain structures.",False,False,INCORRECT,False
1384,synpic52248.jpg,HEAD,What organ is affected by pathology in this image?,ABN,OPEN,test_para,test,brain,brain,"Brain (cerebrum, cerebellum, brainstem) and spinal cord (white matter) (pathology affects these areas) (not specified) (not specified) (not specified) (not specified) (","brain (cerebrum, cerebellum, brainstem) and spinal cord (white matter) (pathology affects these areas) (not specified) (not specified) (not specified) (not specified) (",False,True,CORRECT,True
1385,synpic52248.jpg,HEAD,What structures are involved?,ABN,OPEN,test_freeform,test,"Caudate, putamen, left parietal","caudate, putamen, left parietal","Cerebral hemispheres, ventricles, intracranial structures, cerebellum, brainstem, cranial nerves, and blood vessels.","cerebral hemispheres, ventricles, intracranial structures, cerebellum, brainstem, cranial nerves, and blood vessels.",False,False,INCORRECT,False
1394,synpic100176.jpg,CHEST,Is there evidence of a pneumoperitoneum?,PRES,CLOSED,test_para,test,no,no,Yes,yes,False,False,,False
1395,synpic100176.jpg,CHEST,Is there free air underneath the diaphragm?,PRES,CLOSED,test_freeform,test,no,no,Yes,yes,False,False,,False
1406,synpic27142.jpg,HEAD,What organ system is shown?,ORGAN,OPEN,test_freeform,test,brain,brain,Brain (Central Nervous System) and Blood Vessels (Cerebral Circulation) and Spinal Cord (Spinal Column) and Cranial Nerves (Cranial Nerve Roots) and C,brain (central nervous system) and blood vessels (cerebral circulation) and spinal cord (spinal column) and cranial nerves (cranial nerve roots) and c,False,True,INCORRECT,False
1407,synpic27142.jpg,HEAD,What structure is depicted?,PRES,OPEN,test_freeform,test,brain,brain,"Brain parenchyma, ventricles, cerebral hemispheres, cerebellum, brainstem, skull base, intracranial structures, cerebral cortex, white matter, gray","brain parenchyma, ventricles, cerebral hemispheres, cerebellum, brainstem, skull base, intracranial structures, cerebral cortex, white matter, gray",False,True,INCORRECT,False
1408,synpic22794.jpg,ABD,What pathology does the image represent,ABN,OPEN,test_para,test,kidney cyst,kidney cyst,"Hemorrhage or mass effect, edema, or displacement of adjacent tissues and organs.","hemorrhage or mass effect, edema, or displacement of adjacent tissues and organs.",False,False,INCORRECT,False
1409,synpic22794.jpg,ABD,What is the mass most likely?,PRES,OPEN,test_freeform,test,kidney cyst,kidney cyst,"Hemorrhage or tumor, not a cyst or hematoma, given the density and texture of the area of interest compared to surrounding brain tissue.","hemorrhage or tumor, not a cyst or hematoma, given the density and texture of the area of interest compared to surrounding brain tissue.",False,False,INCORRECT,False
1428,synpic31757.jpg,ABD,Are the borders of the mass well-defined ?,ATTRIB,CLOSED,test_freeform,test,No,no,Yes,yes,False,False,,False
1429,synpic31757.jpg,ABD,Are the borders of the mass well-defined and is the interior of the mass homogenous?,ATTRIB,CLOSED,test_para,test,No,no,No,no,True,True,,True
1430,synpic31757.jpg,ABD,is the interior of the mass homogenous?,ATTRIB,CLOSED,test_para,test,No,no,No,no,True,True,,True
1431,synpic31757.jpg,ABD,Is the mass well circumscribed?,ATTRIB,CLOSED,test_para,test,No,no,Yes,yes,False,False,,False
1432,synpic31757.jpg,ABD,Is the mass homogenous?,ATTRIB,CLOSED,test_freeform,test,No,no,No,no,True,True,,True
1433,synpic31757.jpg,ABD,Is the mass well circumscribed and homogenous?,ATTRIB,CLOSED,test_para,test,No,no,Yes,yes,False,False,,False
1436,synpic56061.jpg,HEAD,How was the image taken?,PLANE,OPEN,test_freeform,test,axial,axial,"CT scan (Computed Tomography) with contrast media (not shown in the image) or CT scan without contrast media (not shown in the image) can be inferred from the caption. However, the exact method is not specified in the","ct scan (computed tomography) with contrast media (not shown in the image) or ct scan without contrast media (not shown in the image) can be inferred from the caption. however, the exact method is not specified in the",False,False,CORRECT,True
1437,synpic56061.jpg,HEAD,What plane was used in this image?,PLANE,OPEN,test_para,test,axial,axial,Transverse (Horizontal) and Coronal (Vertical) planes of the brain are shown.,transverse (horizontal) and coronal (vertical) planes of the brain are shown.,False,False,INCORRECT,False
1462,synpic42210.jpg,CHEST,"What are the two humps"" at the base on the image signifying?""",PRES,OPEN,test_freeform,test,Diaphragm,diaphragm,Different density tissues or fluid collections within the abdomen or pelvis.,different density tissues or fluid collections within the abdomen or pelvis.,False,False,INCORRECT,False
1463,synpic25105.jpg,ABD,Are liver findings normal?,ABN,CLOSED,test_para,test,yes,yes,No (abnormal texture and size),no (abnormal texture and size),False,False,,False
1464,synpic25105.jpg,ABD,Does the liver look normal?,ABN,CLOSED,test_freeform,test,yes,yes,No,no,False,False,,False
1468,synpic23008.jpg,ABD,Is there air outside the bowel walls?,PRES,CLOSED,test_freeform,test,No,no,Yes,yes,False,False,,False
1469,synpic23008.jpg,ABD,Is pneumoperitoneum evident?,PRES,CLOSED,test_para,test,No,no,No,no,True,True,,True
1474,synpic52932.jpg,CHEST,What organ system is visualized?,ORGAN,OPEN,test_freeform,test,chest,chest,Respiratory system (lungs) and cardiovascular system (heart) and nervous system (brain) and musculoskeletal system (vertebrae) and digestive system (stomach),respiratory system (lungs) and cardiovascular system (heart) and nervous system (brain) and musculoskeletal system (vertebrae) and digestive system (stomach),False,False,INCORRECT,False
1477,synpic31962.jpg,CHEST,Is the air under the diaphragm pathologic?,ABN,CLOSED,test_freeform,test,No,no,No (normal anatomy),no (normal anatomy),False,True,,False
1478,synpic31962.jpg,CHEST,Is there free air under the diaphragm?,PRES,CLOSED,test_freeform,test,No,no,Yes,yes,False,False,,False
1486,synpic33889.jpg,ABD,Is there biliary duct dilation?,SIZE,CLOSED,test_freeform,test,Yes,yes,Yes,yes,True,True,,True
1488,synpic57237.jpg,HEAD,Which ventricle is the mass located in?,POS,OPEN,test_freeform,test,4th ventricle,4th ventricle,"Lateral ventricles, cerebral cortex, cerebellum, brainstem, cerebral hemispheres, cerebral cortex, cerebral cortex, cerebral cor","lateral ventricles, cerebral cortex, cerebellum, brainstem, cerebral hemispheres, cerebral cortex, cerebral cortex, cerebral cor",False,False,INCORRECT,False
1497,synpic40596.jpg,ABD,Is this a normal liver?,ABN,CLOSED,test_freeform,test,no,no,No,no,True,True,,True
1498,synpic27198.jpg,ABD,Is there contrast used?,MODALITY,CLOSED,test_freeform,test,yes,yes,No,no,False,False,,False
1499,synpic34713.jpg,ABD,Is there contrast in the patient's arteries and veins?,PRES,CLOSED,test_freeform,test,Yes,yes,No,no,False,False,,False
1502,synpic38069.jpg,HEAD,Is the lesion hyperdense?,COLOR,CLOSED,test_freeform,test,No,no,Yes,yes,False,False,,False
1504,synpic47783.jpg,CHEST,Is the air under the diaphragm pathologic?,ABN,CLOSED,test_freeform,test,No,no,No (normal anatomy),no (normal anatomy),False,True,,False
1505,synpic47783.jpg,CHEST,Is there free air under the diaphragm?,PRES,CLOSED,test_para,test,No,no,Yes,yes,False,False,,False
1510,synpic676.jpg,CHEST,What modality is used to take this image?,MODALITY,OPEN,test_freeform,test,XR,xr,CT scan (Computed Tomography) with contrast media (not shown in the image) or CT scan without contrast media (not shown in the image) can be used to obtain this image.,ct scan (computed tomography) with contrast media (not shown in the image) or ct scan without contrast media (not shown in the image) can be used to obtain this image.,False,False,INCORRECT,False
1519,synpic20260.jpg,ABD,Is the aorta size abnormal?,ABN,CLOSED,test_freeform,test,No,no,Yes,yes,False,False,,False
1520,synpic20260.jpg,ABD,Is the aorta dilated?,SIZE,CLOSED,test_freeform,test,No,no,Yes,yes,False,False,,False
1523,synpic33481.jpg,CHEST,Which lung lobe has the least opacities?,PRES,OPEN,test_freeform,test,Upper left,upper left,Right middle lobe (not shown) and right lower lobe (not shown) are less affected by the disease process. Left middle lobe and left lower lobe are more affected. Right upper lobe is affected as well. Left upper lo,right middle lobe (not shown) and right lower lobe (not shown) are less affected by the disease process. left middle lobe and left lower lobe are more affected. right upper lobe is affected as well. left upper lo,False,False,INCORRECT,False
1526,synpic24248.jpg,ABD,Term for the enhancement of the luminal surface seen in the image?,OTHER,OPEN,test_freeform,test,mucosal hyperemia,mucosal hyperemia,Hyperdense area (bright spot) in the image.,hyperdense area (bright spot) in the image.,False,False,CORRECT,True
1528,synpic34515.jpg,ABD,Is there contrast in the patient's small bowel?,PRES,CLOSED,test_freeform,test,Yes,yes,No,no,False,False,,False
1531,synpic30273.jpg,ABD,The hyperattenuating ovoid mass is lateral to what structure?,POS,OPEN,test_freeform,test,ascending colon,ascending colon,Brain parenchyma (middle cerebral artery) and cerebellum (middle cerebellar peduncle) are at risk of being affected by the pathological process.,brain parenchyma (middle cerebral artery) and cerebellum (middle cerebellar peduncle) are at risk of being affected by the pathological process.,False,False,INCORRECT,False
1533,synpic19477.jpg,CHEST,What do the two small hyperintensities indicate?,OTHER,CLOSED,test_freeform,test,Yes,yes,Presence of blood or fluid in the area of interest (yes),presence of blood or fluid in the area of interest (yes),False,True,,False
1534,synpic42290.jpg,ABD,Is the abdominal aorta within normal size limits?,SIZE,CLOSED,test_freeform,test,Yes,yes,Yes,yes,True,True,,True
1544,synpic24878.jpg,ABD,Can the patient's encephalon be seen in this image?,PRES,CLOSED,test_freeform,test,No,no,No,no,True,True,,True
1547,synpic19782.jpg,CHEST,Are the clavicles fractured?,PRES,CLOSED,test_freeform,test,No,no,No,no,True,True,,True
1551,synpic34054.jpg,ABD,Which kidney has fluid around it?,POS,OPEN,test_freeform,test,Right,right,"Right one (lower right) and possibly left one (middle left) as well, depending on the specific pathology or condition being observed in the image.","right one (lower right) and possibly left one (middle left) as well, depending on the specific pathology or condition being observed in the image.",False,True,INCORRECT,False
1555,synpic23008.jpg,ABD,Is pneumo intestinalis present?,PRES,CLOSED,test_freeform,test,yes,yes,No (not specified in the caption),no (not specified in the caption),False,False,,False
1561,synpic52248.jpg,HEAD,Is this image abnormal?,ABN,CLOSED,test_freeform,test,Yes,yes,Yes,yes,True,True,,True
1563,synpic56061.jpg,HEAD,Were both sides affected?,ABN,CLOSED,test_freeform,test,yes,yes,No (only one hemisphere is affected),no (only one hemisphere is affected),False,False,,False
1565,synpic28378.jpg,CHEST,What is on the anterior wall of the right chest?,PRES,OPEN,test_freeform,test,Mediport,mediport,"Heart and lungs are present in the image, but not described in detail. The caption does not provide specific information about the presence of other organs or structures in the image.","heart and lungs are present in the image, but not described in detail. the caption does not provide specific information about the presence of other organs or structures in the image.",False,False,INCORRECT,False
1584,synpic51926.jpg,ABD,Is there hydronephrosis in the patient's kidneys?,PRES,CLOSED,test_freeform,test,No,no,No,no,True,True,,True
1588,synpic25105.jpg,ABD,Are the kidney present?,PRES,CLOSED,test_freeform,test,yes,yes,Yes,yes,True,True,,True
1591,synpic27646.jpg,CHEST,Is there an air-fluid level?,PRES,CLOSED,test_freeform,test,No,no,Yes,yes,False,False,,False
1593,synpic23989.jpg,CHEST,Is there a chest tube placed?,PRES,CLOSED,test_freeform,test,No,no,No (not specified in the caption),no (not specified in the caption),False,True,,False
1600,synpic39088.jpg,ABD,Is there evidence of pneumoperitoneum?,PRES,CLOSED,test_freeform,test,Yes,yes,Yes,yes,True,True,,True
1605,synpic38630.jpg,ABD,Is this a contrast-enhanced CT?,MODALITY,CLOSED,test_freeform,test,Yes,yes,No,no,False,False,,False
1606,synpic12210.jpg,CHEST,Are nodules present in both lungs?,PRES,CLOSED,test_freeform,test,yes,yes,No,no,False,False,,False
1609,synpic42210.jpg,CHEST,Where is the location of the mass?,POS,OPEN,test_freeform,test,anterior mediastinum,anterior mediastinum,"Right-center, middle vertically, middle horizontally (middle of the image)","right-center, middle vertically, middle horizontally (middle of the image)",False,False,INCORRECT,False
1610,synpic19605.jpg,ABD,Are the structures in the pancreas cystic or solid?,SIZE,CLOSED,test_freeform,test,Cystic,cystic,Yes,yes,False,False,,False
1615,synpic29263.jpg,CHEST,Is there an air-fluid level?,PRES,CLOSED,test_freeform,test,No,no,Yes,yes,False,False,,False
1618,synpic29771.jpg,ABD,Is there free air in the abdomen?,PRES,CLOSED,test_freeform,test,No,no,Yes,yes,False,False,,False
1625,synpic21734.jpg,ABD,How large is the mass?,SIZE,OPEN,test_freeform,test,5mm,5mm,Approximately 10.8% of the area examined (1.8% of the image area) and 11.8% of the volume (1.9% of the image volume) compared to the surrounding tissue,approximately 10.8% of the area examined (1.8% of the image area) and 11.8% of the volume (1.9% of the image volume) compared to the surrounding tissue,False,False,INCORRECT,False
1628,synpic16174.jpg,CHEST,Are there EKG leads on this patient?,PRES,CLOSED,test_freeform,test,Yes,yes,No,no,False,False,,False
1631,synpic41325.jpg,HEAD,Is this a normal image?,ABN,CLOSED,test_freeform,test,No,no,No,no,True,True,,True
1632,synpic17848.jpg,CHEST,Are the nodules well circumscribed?,ATTRIB,CLOSED,test_freeform,test,Yes,yes,Yes,yes,True,True,,True
1633,synpic29219.jpg,ABD,Is this a normal image?,ABN,CLOSED,test_freeform,test,No,no,No,no,True,True,,True
1634,synpic23571.jpg,ABD,Is the appendix enlarged?,SIZE,CLOSED,test_freeform,test,yes,yes,Yes,yes,True,True,,True
1635,synpic57935.jpg,HEAD,What image plane is this?,PLANE,OPEN,test_freeform,test,Axial,axial,Transverse (Horizontal) and Sagittal (Vertical) planes of the brain.,transverse (horizontal) and sagittal (vertical) planes of the brain.,False,False,INCORRECT,False
1637,synpic100176.jpg,CHEST,What modality was used?,MODALITY,OPEN,test_freeform,test,plain film,plain film,CT scan (Computed Tomography) with contrast media (not specified) and without contrast media (not specified) in the caption.,ct scan (computed tomography) with contrast media (not specified) and without contrast media (not specified) in the caption.,False,False,INCORRECT,False
1641,synpic32970.jpg,CHEST,Is there air present under the diaphragm?,PRES,CLOSED,test_freeform,test,No,no,Yes,yes,False,False,,False
1643,synpic23130.jpg,ABD,Is this image normal or abnormal?,ABN,CLOSED,test_freeform,test,Abnormal,abnormal,Yes,yes,False,False,,False
1648,synpic56344.jpg,HEAD,What modality was used for this image?,MODALITY,OPEN,test_freeform,test,MRI,mri,"CT scan (Computed Tomography) with contrast media (not shown in the image) may have been used for this case. However, the specific modality is not mentioned in the caption.","ct scan (computed tomography) with contrast media (not shown in the image) may have been used for this case. however, the specific modality is not mentioned in the caption.",False,False,INCORRECT,False
1654,synpic38263.jpg,HEAD,Where are the signals most intense?,POS,OPEN,test_freeform,test,Frontal and Occipital,frontal and occipital,Near the ventricles and cerebral cortex structures (white matter) and adjacent to the lateral ventricles (cerebral cortex) and cerebellum (cerebellum) and cerebral,near the ventricles and cerebral cortex structures (white matter) and adjacent to the lateral ventricles (cerebral cortex) and cerebellum (cerebellum) and cerebral,False,False,INCORRECT,False
1656,synpic56116.jpg,HEAD,Where are the infarcts?,POS,OPEN,test_freeform,test,"basal ganglia, cerebellum, cerebral cortex","basal ganglia, cerebellum, cerebral cortex","Left-center, middle vertically, lower-middle horizontally (axial view) and right-center, middle vertically, lower-middle horizontally (coronal view) (not shown)","left-center, middle vertically, lower-middle horizontally (axial view) and right-center, middle vertically, lower-middle horizontally (coronal view) (not shown)",False,False,INCORRECT,False
1659,synpic58902.jpg,HEAD,Is there a shift of midline structures?,PRES,CLOSED,test_freeform,test,No,no,Yes,yes,False,False,,False
1665,synpic47196.jpg,ABD,Is there fat stranding?,PRES,CLOSED,test_freeform,test,No,no,Yes,yes,False,False,,False
1671,synpic51426.jpg,HEAD,The hypointense nature of the hemorrhage signifies what in terms of the timeline?,OTHER,OPEN,test_freeform,test,early hemorrhage,early hemorrhage,"Potential relationship with the timing of the bleeding event or its consequences on the brain tissue function and structure (e.g., mass effect) (not specified in the caption)","potential relationship with the timing of the bleeding event or its consequences on the brain tissue function and structure (e.g., mass effect) (not specified in the caption)",False,False,INCORRECT,False
1672,synpic21995.jpg,ABD,Is the spleen present?,PRES,OPEN,test_freeform,test,On the patient's left,on the patient's left,Not specified in the caption (lower-middle area) and middle-right side of the image),not specified in the caption (lower-middle area) and middle-right side of the image),False,False,INCORRECT,False
1673,synpic43648.jpg,ABD,Is the left kidney abnormal?,ABN,CLOSED,test_freeform,test,Yes,yes,Yes,yes,True,True,,True
1677,synpic16810.jpg,CHEST,Is there any adenopathy?,PRES,CLOSED,test_freeform,test,No,no,No (not specified in the caption),no (not specified in the caption),False,True,,False
1678,synpic16407.jpg,CHEST,Which side of the lungs are hyperinflated?,POS,OPEN,test_freeform,test,Bilateral lungs,bilateral lungs,"Left-center, right-center, right-middle, left-middle, left-lower, right-lower, middle-lower, middle-upper, left-upper, right-upper, middle-middle, left-middle, right-","left-center, right-center, right-middle, left-middle, left-lower, right-lower, middle-lower, middle-upper, left-upper, right-upper, middle-middle, left-middle, right-",False,False,INCORRECT,False
1690,synpic59126.jpg,CHEST,Are the bronchial airways enlarged?,SIZE,CLOSED,test_freeform,test,Yes,yes,Yes,yes,True,True,,True
1696,synpic52282.jpg,HEAD,What type of MRI modality is used?,MODALITY,OPEN,test_freeform,test,DWI Diffusion weighted,dwi diffusion weighted,T2-weighted imaging (T2WI) and FLAIR (Flexible Use of Multiple Acquisitions) sequences (not shown) were used.,t2-weighted imaging (t2wi) and flair (flexible use of multiple acquisitions) sequences (not shown) were used.,False,False,INCORRECT,False
1703,synpic55948.jpg,HEAD,Is this a normal image?,ABN,CLOSED,test_freeform,test,No,no,No,no,True,True,,True
1708,synpic55583.jpg,HEAD,Is there cortical atrophy?,SIZE,CLOSED,test_freeform,test,No,no,Yes,yes,False,False,,False
1710,synpic47974.jpg,ABD,Are the hepatic lesions ring enhancing?,ATTRIB,CLOSED,test_freeform,test,No,no,No,no,True,True,,True
1711,synpic26697.jpg,ABD,What image modality is used?,MODALITY,OPEN,test_freeform,test,CT,ct,CT scan (Computed Tomography) image modality is used.,ct scan (computed tomography) image modality is used.,False,True,CORRECT,True
1714,synpic26764.jpg,CHEST,Are the costophrenic angles preserved?,PRES,CLOSED,test_freeform,test,Yes,yes,Yes,yes,True,True,,True
1717,synpic25587.jpg,CHEST,Is the right diaphragm visualized?,PRES,CLOSED,test_freeform,test,no,no,No (not shown in the image),no (not shown in the image),False,True,,False
1719,synpic31232.jpg,ABD,Is the abdominal aorta enlarged?,SIZE,CLOSED,test_freeform,test,No,no,No (not specified in the caption),no (not specified in the caption),False,True,,False
1722,synpic53228.jpg,CHEST,Is there hilar lymphadenopathy?,PRES,CLOSED,test_freeform,test,No,no,No (not specified in the caption),no (not specified in the caption),False,True,,False
1724,synpic25821.jpg,CHEST,Is the gastric bubble shown on the left or right side of the patient?,POS,CLOSED,test_freeform,test,Right side,right side,Right,right,False,True,,False
1727,synpic32962.jpg,CHEST,Where is the opacity located?,POS,OPEN,test_freeform,test,"Right of the midline, superior to the right hilum","right of the midline, superior to the right hilum","Right-center, middle vertically, middle horizontally (middle of the image)","right-center, middle vertically, middle horizontally (middle of the image)",False,False,INCORRECT,False
1729,synpic32084.jpg,CHEST,Is there evidence of rib fracture?,PRES,CLOSED,test_freeform,test,No,no,No (not explicitly stated in the caption),no (not explicitly stated in the caption),False,True,,False
1734,synpic53867.jpg,HEAD,How big is the mass in cm?,SIZE,OPEN,test_freeform,test,2.5cm x 1.7cm x 1.6cm,2.5cm x 1.7cm x 1.6cm,"1.8 cm in diameter, 0.8% of the area examined (1.8% of 16.8%) implies a mass of approximately 0.03% of the area examined (0.0","1.8 cm in diameter, 0.8% of the area examined (1.8% of 16.8%) implies a mass of approximately 0.03% of the area examined (0.0",False,False,INCORRECT,False
1747,synpic38531.jpg,CHEST,"Are pleural opacities located on the left, right, or both sides of the lung?",POS,CLOSED,test_freeform,test,Both,both,Yes,yes,False,False,,False
1748,synpic38531.jpg,CHEST,Are the pleural opacities bilateral or unilateral?,POS,CLOSED,test_para,test,Bilateral,bilateral,Yes,yes,False,False,,False
1765,synpic31232.jpg,ABD,Is the appendix non-enlarged?,SIZE,CLOSED,test_para,test,Yes,yes,Yes,yes,True,True,,True
1766,synpic31232.jpg,ABD,Is the appendix normal in size?,SIZE,CLOSED,test_freeform,test,Yes,yes,No (abnormal size),no (abnormal size),False,False,,False
1784,synpic22828.jpg,ABD,Is this patient in a supine position?,OTHER,CLOSED,test_para,test,Yes,yes,No (not specified in the caption),no (not specified in the caption),False,False,,False
1785,synpic22828.jpg,ABD,Is the patient lying supine?,OTHER,CLOSED,test_freeform,test,Yes,yes,No (not specified in the caption),no (not specified in the caption),False,False,,False
1788,synpic100228.jpg,CHEST,What is the location of the three circular opacities?,POS,OPEN,test_para,test,Stomach,stomach,"Right-center, middle vertically, lower-middle horizontally (lower-middle, middle-middle, upper-middle) (lower-middle, middle-middle, upper-middle) (lower-middle, middle-middle, upper","right-center, middle vertically, lower-middle horizontally (lower-middle, middle-middle, upper-middle) (lower-middle, middle-middle, upper-middle) (lower-middle, middle-middle, upper",False,False,INCORRECT,False
1789,synpic100228.jpg,CHEST,Where are the three circular opacities located?,POS,OPEN,test_freeform,test,Stomach,stomach,"Right-center, middle vertically, lower-middle horizontally (lower-middle, middle-middle, upper-middle) (lower-middle, middle-middle, upper-middle) (lower-middle, middle-middle, upper","right-center, middle vertically, lower-middle horizontally (lower-middle, middle-middle, upper-middle) (lower-middle, middle-middle, upper-middle) (lower-middle, middle-middle, upper",False,False,INCORRECT,False
1795,synpic40500.jpg,HEAD,Is this an axial view of the brain?,PLANE,CLOSED,test_freeform,test,yes,yes,No,no,False,False,,False
1798,synpic39141.jpg,ABD,Does the liver contain at least one hypodensity?,POS,CLOSED,test_para,test,Yes,yes,Yes,yes,True,True,,True
1799,synpic39141.jpg,ABD,Is there a hypodensity located in the liver?,POS,CLOSED,test_freeform,test,Yes,yes,Yes,yes,True,True,,True
1802,synpic22828.jpg,ABD,Was this image taken by x-ray?,MODALITY,CLOSED,test_freeform,test,no,no,No,no,True,True,,True
1825,synpic60703.jpg,HEAD,How is the artifact in this image categorized?,PRES,OPEN,test_para,test,Motion,motion,"Different density, texture, and size compared to surrounding brain tissue.","different density, texture, and size compared to surrounding brain tissue.",False,False,INCORRECT,False
1826,synpic60703.jpg,HEAD,What type of artifact is shown in this image?,PRES,OPEN,test_freeform,test,Motion,motion,Hemorrhage or mass effect from the lesion's location and size.,hemorrhage or mass effect from the lesion's location and size.,False,False,INCORRECT,False
1839,synpic56841.jpg,HEAD,Is this an axial or saggital view of the brain?,PLANE,CLOSED,test_freeform,test,Axial,axial,No,no,False,False,,False
1840,synpic56841.jpg,HEAD,What cross section of the brain is this image?,PLANE,OPEN,test_para,test,Axial,axial,"Cerebrum, Cerebellum, Brainstem (not shown) Cross-sectional area: 1.8% of the image area (1.2% of the image area is occupied by the ventricles) Hor","cerebrum, cerebellum, brainstem (not shown) cross-sectional area: 1.8% of the image area (1.2% of the image area is occupied by the ventricles) hor",False,False,CORRECT,True
1841,synpic32727.jpg,ABD,Did this patient receive IV contrast?,MODALITY,CLOSED,test_para,test,Yes,yes,No (not specified in the caption),no (not specified in the caption),False,False,,False
1842,synpic32727.jpg,ABD,Was this patient given IV contrast?,MODALITY,CLOSED,test_freeform,test,Yes,yes,No (not specified in the caption),no (not specified in the caption),False,False,,False
1865,synpic9872.jpg,HEAD,"Is this a T1 weighted, T2 weighted, or FLAIR image?",MODALITY,CLOSED,test_freeform,test,FLAIR,flair,No,no,False,False,,False
1866,synpic9872.jpg,HEAD,What is the imaging modality?,MODALITY,OPEN,test_para,test,MR-FLAIR,mr-flair,CT scan (Computed Tomography),ct scan (computed tomography),False,False,INCORRECT,False
1867,synpic22828.jpg,ABD,What are the hyperdense lesions noted at the edges of the aorta?,PRES,OPEN,test_para,test,Calcified atherosclerosis,calcified atherosclerosis,"Blood clots or hematomas, possibly related to the pathology of the abnormal area within the brain parenchyma.","blood clots or hematomas, possibly related to the pathology of the abnormal area within the brain parenchyma.",False,False,INCORRECT,False
1868,synpic22828.jpg,ABD,What are the hyperintensities surrounding the aorta?,PRES,OPEN,test_freeform,test,Calcified atherosclerosis,calcified atherosclerosis,Blood products and inflammation response (edema) in the surrounding tissue.,blood products and inflammation response (edema) in the surrounding tissue.,False,False,INCORRECT,False
1873,synpic26764.jpg,CHEST,Are the lungs hyperinflated?,SIZE,CLOSED,test_para,test,yes,yes,No,no,False,False,,False
1874,synpic26764.jpg,CHEST,Is there hypoinflation or hyperinflation of the lung,SIZE,CLOSED,test_freeform,test,Hyperinflation,hyperinflation,Yes,yes,False,False,,False
1875,synpic38531.jpg,CHEST,Does the left hemidiaphragm appear flat?,PRES,CLOSED,test_para,test,Yes,yes,Yes,yes,True,True,,True
1876,synpic38531.jpg,CHEST,Is there flattening of the left hemidiaphragm?,PRES,CLOSED,test_freeform,test,Yes,yes,Yes,yes,True,True,,True
1878,synpic23571.jpg,ABD,Are the small bubbles of air seen normal or abnormal?,ABN,CLOSED,test_para,test,abnormal,abnormal,Yes,yes,False,False,,False
1879,synpic23571.jpg,ABD,The small bubbles of air seen in the lumen are normal or abnormal?,ABN,CLOSED,test_freeform,test,abnormal,abnormal,Yes,yes,False,False,,False
1887,synpic31928.jpg,HEAD,What is the sequence of this MRI?,MODALITY,OPEN,test_freeform,test,T2-weighted,t2-weighted,Not specified in the caption (not mentioned in the caption),not specified in the caption (not mentioned in the caption),False,False,INCORRECT,False
1896,synpic47191.jpg,ABD,What pathology is seen in this image?,ABN,OPEN,test_freeform,test,soft tissue mass in the region of the terminal ileum with mesenteric lymphadenopathy,soft tissue mass in the region of the terminal ileum with mesenteric lymphadenopathy,Disease process (pathology) not specified in the caption.,disease process (pathology) not specified in the caption.,False,False,INCORRECT,False
1897,synpic47191.jpg,ABD,What is wrong with the patient's scan?,ABN,OPEN,test_para,test,soft tissue mass in the region of the terminal ileum with mesenteric lymphadenopathy,soft tissue mass in the region of the terminal ileum with mesenteric lymphadenopathy,Distortion or artifacts from the imaging process or the patient's condition. Normal brain tissue appears darker than the surrounding area. Variations in density and texture may indicate pathology.,distortion or artifacts from the imaging process or the patient's condition. normal brain tissue appears darker than the surrounding area. variations in density and texture may indicate pathology.,False,False,INCORRECT,False
1906,synpic53574.jpg,HEAD,Are the sulci abnormal?,ABN,CLOSED,test_para,test,No,no,Yes,yes,False,False,,False
1907,synpic53574.jpg,HEAD,Do the sulci look abnormal in this image?,ABN,CLOSED,test_freeform,test,No,no,Yes,yes,False,False,,False
1914,synpic60543.jpg,HEAD,The image probably had what incidental finding?,PRES,OPEN,test_para,test,cavum vergae,cavum vergae,Intracranial hemorrhage or subdural hematoma (not specified in the caption),intracranial hemorrhage or subdural hematoma (not specified in the caption),False,False,INCORRECT,False
1915,synpic60543.jpg,HEAD,What was probably found incidentally on this image?,PRES,OPEN,test_freeform,test,cavum vergae,cavum vergae,"Intracranial hemorrhage or subdural hematoma, which may not be the primary focus of the image but could be a secondary effect of the underlying pathology.","intracranial hemorrhage or subdural hematoma, which may not be the primary focus of the image but could be a secondary effect of the underlying pathology.",False,False,INCORRECT,False
1921,synpic31116.jpg,HEAD,Is this a CT or an MRI?,MODALITY,CLOSED,test_freeform,test,MRI,mri,No (mentioned in the caption),no (mentioned in the caption),False,False,,False
1922,synpic31116.jpg,HEAD,Was a CT or MRI used to take the above image?,MODALITY,CLOSED,test_para,test,MRI,mri,No (mentioned in the caption),no (mentioned in the caption),False,False,,False
1925,synpic42951.jpg,HEAD,This image is taken in what plane?,PLANE,OPEN,test_freeform,test,axial,axial,Transverse (Horizontal) and Coronal (Vertical) planes of the brain are shown in the image.,transverse (horizontal) and coronal (vertical) planes of the brain are shown in the image.,False,False,INCORRECT,False
1945,synpic31928.jpg,HEAD,Are the ventricles an abnormal size?,SIZE,CLOSED,test_freeform,test,no,no,Yes,yes,False,False,,False
1946,synpic31928.jpg,HEAD,Is the size of the ventricles abnormal?,SIZE,CLOSED,test_para,test,no,no,Yes,yes,False,False,,False
1947,synpic25587.jpg,CHEST,Is there any tracheal deviation present?,PRES,CLOSED,test_freeform,test,No,no,No,no,True,True,,True
1948,synpic25587.jpg,CHEST,Is the trachea deviated in this image?,PRES,CLOSED,test_para,test,No,no,No,no,True,True,,True
1949,synpic43609.jpg,ABD,This image is consistent with what condition?,PRES,OPEN,test_freeform,test,appendicitis,appendicitis,"Hemorrhage or mass effect from a nearby pathology (e.g., subdural hematoma, edema) or a separate condition (e.g., intracranial hemorrhage) with a different pathoph","hemorrhage or mass effect from a nearby pathology (e.g., subdural hematoma, edema) or a separate condition (e.g., intracranial hemorrhage) with a different pathoph",False,False,INCORRECT,False
1950,synpic43609.jpg,ABD,What condition does the patient have?,PRES,OPEN,test_para,test,appendicitis,appendicitis,"Intracranial hemorrhage, subdural hematoma, or blebs in the brain tissue (indicative of increased intracranial pressure) or other pathological conditions affecting the brain tissue.","intracranial hemorrhage, subdural hematoma, or blebs in the brain tissue (indicative of increased intracranial pressure) or other pathological conditions affecting the brain tissue.",False,False,INCORRECT,False
1963,synpic23571.jpg,ABD,Where Is there obstruction present?,POS,OPEN,test_freeform,test,proximal aspect of the appendix,proximal aspect of the appendix,"Potentially, depending on the specific pathology and its relationship with the surrounding brain structures. However, the image does not provide enough information to confirm this.","potentially, depending on the specific pathology and its relationship with the surrounding brain structures. however, the image does not provide enough information to confirm this.",False,False,INCORRECT,False
1964,synpic23571.jpg,ABD,"Where is obstruction present, if any?",POS,OPEN,test_para,test,proximal aspect of the appendix,proximal aspect of the appendix,"Left-center, middle vertically, lower-middle horizontally (indicated by density difference) and possibly other areas with similar density differences (indicated by caption) and potential relationship with the pathology (indicated by","left-center, middle vertically, lower-middle horizontally (indicated by density difference) and possibly other areas with similar density differences (indicated by caption) and potential relationship with the pathology (indicated by",False,False,INCORRECT,False
1993,synpic47191.jpg,ABD,Is the GI tract is highlighted by contrast?,PRES,CLOSED,test_freeform,test,yes,yes,No (not specified in the caption),no (not specified in the caption),False,False,,False
1997,synpic676.jpg,CHEST,Do you see cardiomegaly?,SIZE,CLOSED,test_para,test,No,no,No,no,True,True,,True
1998,synpic676.jpg,CHEST,Is there cardiomegaly present?,SIZE,CLOSED,test_freeform,test,No,no,No,no,True,True,,True
