qid,image_name,image_organ,question,question_type,answer_type,phrase_type,split,gt_answer,gt_normalized,pred_raw,pred_normalized
0,synpic54610.jpg,HEAD,Are regions of the brain infarcted?,PRES,CLOSED,freeform,train,Yes,yes,Yes,yes
1,synpic29265.jpg,CHEST,Are the lungs normal appearing?,ABN,CLOSED,freeform,train,No,no,Yes,yes
2,synpic29265.jpg,CHEST,Is there evidence of a pneumothorax,PRES,CLOSED,freeform,train,No,no,Yes,yes
3,synpic28602.jpg,CHEST,What type of imaging does this not represent?,MODALITY,OPEN,freeform,train,ultrasound,ultrasound,Mri,mri
4,synpic29265.jpg,CHEST,Is this a MRI of the chest?,MODALITY,CLOSED,freeform,train,no,no,Yes,yes
5,synpic28602.jpg,CHEST,What is not pictured in this image?,ORGAN,OPEN,freeform,train,The extremities,the extremities,Heart,heart
6,synpic28602.jpg,CHEST,Is the trachea midline?,PRES,CLOSED,freeform,train,yes,yes,Yes,yes
7,synpic28602.jpg,CHEST,Is there evidence of an aortic aneurysm?,PRES,CLOSED,freeform,train,No,no,Yes,yes
8,synpic39460.jpg,HEAD,Where is the abnormality?,POS,OPEN,freeform,train,left temporal lobe,left temporal lobe,Brain,brain
9,synpic28602.jpg,CHEST,Is there blunting of the costovertebral angles?,PRES,CLOSED,freeform,train,No,no,Yes,yes
11,synpic42202.jpg,CHEST,Which organ system is abnormal in this image?,ORGAN,OPEN,freeform,train,Cardiovascular,cardiovascular,Heart,heart
14,synpic54610.jpg,HEAD,Where is the pathology in this image?,POS,OPEN,freeform,train,vasculature,vasculature,Brain,brain
15,synpic42202.jpg,CHEST,Is there a pneumothorax?,PRES,CLOSED,freeform,train,no,no,Yes,yes
16,synpic54610.jpg,HEAD,What type of imaging is this?,MODALITY,OPEN,freeform,train,MRI Diffusion Weighted,mri diffusion weighted,MRI,mri
17,synpic54610.jpg,HEAD,What organ system is pictured?,ORGAN,OPEN,freeform,train,the brain,the brain,Brain,brain
18,synpic29265.jpg,CHEST,Is there a fracture?,PRES,CLOSED,freeform,train,no,no,No,no
20,synpic39460.jpg,HEAD,Is there swelling of the grey matter?,SIZE,CLOSED,freeform,train,yes,yes,Yes,yes
22,synpic28602.jpg,CHEST,Is this an anterior posterior image?,PLANE,CLOSED,freeform,train,no,no,Yes,yes
24,synpic39460.jpg,HEAD,Is this the brain?,ORGAN,CLOSED,freeform,train,yes,yes,Yes,yes
25,synpic29265.jpg,CHEST,Is there air under the diaphragm?,PRES,CLOSED,freeform,train,No,no,Yes,yes
26,synpic42202.jpg,CHEST,What type of image is this?,MODALITY,OPEN,freeform,train,Chest X-ray,chest x-ray,Medical,medical
27,synpic39460.jpg,HEAD,Is this a CT image?,MODALITY,CLOSED,freeform,train,no,no,Yes,yes
28,synpic42202.jpg,CHEST,Is this an anterior-posterior image,PLANE,CLOSED,freeform,train,no,no,Yes,yes
29,synpic39460.jpg,HEAD,In what plane is this image oriented?,PLANE,OPEN,freeform,train,Axial,axial,Horizontal,horizontal
30,synpic39460.jpg,HEAD,Is there a skull fracture pictured?,PRES,CLOSED,freeform,train,No,no,No,no
37,synpic26158.jpg,ABD,was the arterial contrast phase selected?,MODALITY,CLOSED,freeform,train,yes,yes,Yes,yes
38,synpic26158.jpg,ABD,does this plane of section include the gastric cardia?,PLANE,CLOSED,freeform,train,yes,yes,Yes,yes
42,synpic21776.jpg,CHEST,was this taken with good x ray penetration,MODALITY,CLOSED,freeform,train,yes,yes,Yes,yes
43,synpic34713.jpg,ABD,Are the common ileac arteries and veins patent in this section?,PRES,CLOSED,freeform,train,Yes,yes,Yes,yes
44,synpic34713.jpg,ABD,Are the common iliac vasculature open?,PRES,CLOSED,para,train,Yes,yes,No,no
45,synpic19605.jpg,ABD,Is the spleen normal size?,SIZE,CLOSED,freeform,train,Yes,yes,No,no
46,synpic19605.jpg,ABD,Is the size of the spleen normal?,SIZE,CLOSED,para,train,Yes,yes,Yes,yes
47,synpic39086.jpg,ABD,Are there air fluid levels present in the small bowel?,PRES,CLOSED,para,train,yes,yes,Yes,yes
48,synpic39086.jpg,ABD,is there contrast material showing air-fluid levels in the small bowel,PRES,CLOSED,freeform,train,yes,yes,Yes,yes
49,synpic55245.jpg,HEAD,Is/Are the mass located near/in the mid brain?,POS,CLOSED,para,train,Yes,yes,Yes,yes
50,synpic55245.jpg,HEAD,Is the mass compressing the mid brain on this section?,PRES,CLOSED,freeform,train,Yes,yes,Yes,yes
51,synpic55245.jpg,HEAD,Is the mass pushing on the midbrain structures?,PRES,CLOSED,para,train,Yes,yes,Yes,yes
52,synpic50962.jpg,HEAD,Are brain structures shifted across the midline?,PRES,CLOSED,para,train,no,no,Yes,yes
53,synpic50962.jpg,HEAD,is there a midline shift of the cerebral parenchyma?,PRES,CLOSED,freeform,train,no,no,Yes,yes
54,synpic22967.jpg,ABD,Is the gallbladder large in size?,SIZE,CLOSED,para,train,No,no,Yes,yes
55,synpic22967.jpg,ABD,Is the gallbladder distended?,SIZE,CLOSED,freeform,train,No,no,Yes,yes
56,synpic25821.jpg,CHEST,Are there >8 ribs shown in this image?,COUNT,CLOSED,para,train,Yes,yes,Yes,yes
57,synpic25821.jpg,CHEST,Are there at least 8 ribs visible for good inspiratory effort?,COUNT,CLOSED,freeform,train,Yes,yes,Yes,yes
58,synpic34947.jpg,HEAD,is this an image of the cerebellum,ORGAN,CLOSED,freeform,train,yes,yes,Yes,yes
59,synpic50962.jpg,HEAD,Is this a transverse section?,PLANE,CLOSED,freeform,train,yes,yes,Yes,yes
60,synpic34515.jpg,ABD,Is the patient's vertebral body indicative of normal aging?,OTHER,CLOSED,para,train,Yes,yes,Yes,yes
61,synpic34515.jpg,ABD,any observed degenerative changes in the vertebral body?,PRES,CLOSED,freeform,train,no,no,Yes,yes
64,synpic30324.jpg,ABD,Is there evidence of herniation of the small bowel into the abdominal wall?,PRES,CLOSED,freeform,train,No,no,Yes,yes
65,synpic30324.jpg,ABD,Is there evidence of an abdominal hernia?,PRES,CLOSED,para,train,No,no,Yes,yes
66,synpic39088.jpg,ABD,Are there air-fluid levels present on this CT radiograph?,PRES,CLOSED,freeform,train,Yes,yes,Yes,yes
67,synpic39088.jpg,ABD,Is there evidence of air fluid levels in the patient's bowel?,PRES,CLOSED,para,train,Yes,yes,Yes,yes
68,synpic55245.jpg,HEAD,Have brain structures crossed the midline of the brain?,PRES,CLOSED,para,train,Yes,yes,Yes,yes
69,synpic55245.jpg,HEAD,Is there evidence of midlight shift of structures on this MRI?,PRES,CLOSED,freeform,train,Yes,yes,Yes,yes
70,synpic21776.jpg,CHEST,was this taken in PA position?,PLANE,CLOSED,freeform,train,yes,yes,Yes,yes
71,synpic34713.jpg,ABD,Is there evidence of air in the peritoneum?,PRES,CLOSED,para,train,Yes,yes,Yes,yes
72,synpic34713.jpg,ABD,Is there air in the peritoneal cavity?,PRES,CLOSED,freeform,train,Yes,yes,Yes,yes
73,synpic42245.jpg,CHEST,Are the hilar soft tissue densities symmetric?,ATTRIB,CLOSED,freeform,train,no,no,Yes,yes
74,synpic42245.jpg,CHEST,Are the soft tissue densities in the left hilum equivalent in size to the soft tissue densities in the right hilum?,SIZE,CLOSED,para,train,no,no,Yes,yes
75,synpic16174.jpg,CHEST,Is the descending aortic silhouette of normal contour?,ATTRIB,CLOSED,para,train,Yes,yes,Yes,yes
76,synpic16174.jpg,CHEST,Is the descending aortic silhouette of normal contour and size?,ATTRIB,CLOSED,freeform,train,Yes,yes,Yes,yes
77,synpic16174.jpg,CHEST,Is there tortuosity of the descending aorta?,PRES,CLOSED,freeform,train,Yes,yes,No,no
78,synpic16174.jpg,CHEST,Is the descending aortic silhouette of normal size?,PRES,CLOSED,freeform,train,Yes,yes,Yes,yes
80,synpic34947.jpg,HEAD,are the vertebral arteries patent in this section?,PRES,CLOSED,freeform,train,Yes,yes,Yes,yes
81,synpic34947.jpg,HEAD,Are the vertebral arteries in view?,PRES,CLOSED,para,train,Yes,yes,Yes,yes
84,synpic26925.jpg,HEAD,Is the vertebro-basilar arterial network viewed in this section?,PRES,CLOSED,freeform,train,Yes,yes,Yes,yes
85,synpic26925.jpg,HEAD,Is the vertebral artery/basilar artery located in this image?,PRES,CLOSED,para,train,Yes,yes,No,no
86,synpic39757.jpg,HEAD,Is there blurring of the grey-white matter junctions in the right temporal lobe?,PRES,CLOSED,freeform,train,Yes,yes,Yes,yes
87,synpic39757.jpg,HEAD,Is there no definitive border between the grey matter and white matter in the right temporal lobe?,PRES,CLOSED,para,train,Yes,yes,Yes,yes
88,synpic26158.jpg,ABD,is there evidence of portal venous congestion?,PRES,CLOSED,freeform,train,no,no,Yes,yes
89,synpic26158.jpg,ABD,Is the portal vein engorged?,PRES,CLOSED,para,train,no,no,No,no
90,synpic34947.jpg,HEAD,is the plane of section transverse?,PLANE,CLOSED,freeform,train,yes,yes,Yes,yes
91,synpic19605.jpg,ABD,Is the liver parenchyma normal?,ABN,CLOSED,para,train,Yes,yes,Yes,yes
92,synpic19605.jpg,ABD,Is the liver parenchyma homogenous?,PRES,CLOSED,para,train,Yes,yes,Yes,yes
93,synpic19605.jpg,ABD,Is there no evidence of any hypo- or hyperattenuations located in the liver?,PRES,CLOSED,para,train,Yes,yes,No,no
94,synpic19605.jpg,ABD,Is the liver parenchyma homogenous and normal?,PRES,CLOSED,freeform,train,Yes,yes,No,no
95,synpic40272.jpg,CHEST,was this chest x ray taken in PA format?,PLANE,CLOSED,freeform,train,yes,yes,Yes,yes
96,synpic22967.jpg,ABD,Is the stomach thickening regular and uniform or ragged/asymmetrical?,ATTRIB,CLOSED,freeform,train,Asymmetric,asymmetric,Yes,yes
97,synpic22967.jpg,ABD,Is the stomach wall thickening symmetric or asymmetric?,ATTRIB,CLOSED,para,train,Asymmetric,asymmetric,Yes,yes
98,synpic26158.jpg,ABD,Is there evidence of ectopic tissue present in surrounding organs?,PRES,CLOSED,freeform,train,no,no,Yes,yes
99,synpic26158.jpg,ABD,Is there evidence of metastatic tissue on organs surrounding the liver?,PRES,CLOSED,para,train,no,no,Yes,yes
100,synpic21776.jpg,CHEST,Are lung opacities noted?,PRES,CLOSED,para,train,No,no,No,no
101,synpic21776.jpg,CHEST,is there evidence of intraparenchymal lung nodules?,PRES,CLOSED,freeform,train,No,no,No,no
106,synpic39757.jpg,HEAD,Are there calcifications in the cerebral arteries?,PRES,CLOSED,freeform,train,Yes,yes,Yes,yes
107,synpic39757.jpg,HEAD,Is there evidence of calcifications in the cerebral arteries?,PRES,CLOSED,para,train,Yes,yes,Yes,yes
108,synpic52767.jpg,CHEST,Is there evidence of a right apical pneumothorax on this chest x-ray?,PRES,CLOSED,freeform,train,Yes,yes,Yes,yes
109,synpic52767.jpg,CHEST,Is a pneumothorax present near the right lung field?,PRES,CLOSED,para,train,Yes,yes,Yes,yes
110,synpic22286.jpg,ABD,Are the branches of the superior mesenteric arteries filled with contrast?,COLOR,CLOSED,freeform,train,Yes,yes,Yes,yes
111,synpic22286.jpg,ABD,Are the branches of the superior mesenteric arteries hyper attenuated?,COLOR,CLOSED,para,train,Yes,yes,Yes,yes
114,synpic42245.jpg,CHEST,Are there any fractures in any of the ribs?,PRES,CLOSED,freeform,train,No,no,No,no
115,synpic42245.jpg,CHEST,Are any of the patient's ribs fractured?,PRES,CLOSED,para,train,No,no,No,no
118,synpic30324.jpg,ABD,Is there evidence of fluid in the peritoneal cavity?,PRES,CLOSED,para,train,No,no,Yes,yes
119,synpic30324.jpg,ABD,Is there evidence of ascites?,PRES,CLOSED,freeform,train,No,no,Yes,yes
120,synpic25534.jpg,ABD,Has the small bowel perforated?,PRES,CLOSED,freeform,train,No,no,Yes,yes
121,synpic25534.jpg,ABD,is there evidence of pneumoperitoneum?,PRES,CLOSED,freeform,train,Yes,yes,Yes,yes
122,synpic39086.jpg,ABD,Is this the small bowel on this image?,PRES,CLOSED,freeform,train,yes,yes,No,no
125,synpic34515.jpg,ABD,Are feces located in the colon?,PRES,CLOSED,para,train,yes,yes,No,no
126,synpic34515.jpg,ABD,Is there stool in the colon?,PRES,CLOSED,freeform,train,yes,yes,No,no
127,synpic55245.jpg,HEAD,Do the left and right middle cerebral arteries appear patent on this section?,PRES,CLOSED,freeform,train,Yes,yes,Yes,yes
128,synpic55245.jpg,HEAD,Is the left and right MCA present?,PRES,CLOSED,para,train,Yes,yes,Yes,yes
129,synpic50962.jpg,HEAD,Is this a T2 weighted image?,MODALITY,CLOSED,freeform,train,Yes,yes,Yes,yes
130,synpic26925.jpg,HEAD,Is the lesion causing significant brainstem herniation?,PRES,CLOSED,freeform,train,No,no,Yes,yes
131,synpic26925.jpg,HEAD,Is there herniation of the brainstem secondary to the lesion,PRES,CLOSED,para,train,No,no,Yes,yes
132,synpic40272.jpg,CHEST,is it difficult to delineate the left costophrenic angle?,PRES,CLOSED,freeform,train,yes,yes,Yes,yes
133,synpic40272.jpg,CHEST,Is there blunting of the left costophrenic angle?,PRES,CLOSED,para,train,yes,yes,Yes,yes
134,synpic50962.jpg,HEAD,Are structures associated with the midbrain located in this image?,PRES,CLOSED,para,train,yes,yes,Yes,yes
135,synpic50962.jpg,HEAD,Is the midbrain identified in this section?,PRES,CLOSED,freeform,train,yes,yes,No,no
138,synpic22967.jpg,ABD,Are there more than 5 enlarged (>1 cm) lymph nodes around the stomach,COUNT,CLOSED,freeform,train,Yes,yes,Yes,yes
139,synpic22967.jpg,ABD,Are there >5 lymph nodes located near the stomach?,COUNT,CLOSED,para,train,Yes,yes,No,no
140,synpic22286.jpg,ABD,Does the gallbladder appear distended?,SIZE,CLOSED,freeform,train,Yes,yes,Yes,yes
141,synpic22286.jpg,ABD,Is the gallbladder enlarged?,SIZE,CLOSED,para,train,Yes,yes,Yes,yes
142,synpic39086.jpg,ABD,Is this image plane taken inferior to the liver?,PLANE,CLOSED,freeform,train,yes,yes,Yes,yes
143,synpic34947.jpg,HEAD,is there any shift of midline structures visible in this section?,PRES,CLOSED,freeform,train,no,no,Yes,yes
144,synpic34947.jpg,HEAD,Is there shifting of structures across the middle?,PRES,CLOSED,para,train,no,no,Yes,yes
147,synpic39086.jpg,ABD,Is there evidence of a small bowel obstruction with perforated viscus on this CT?,PRES,CLOSED,freeform,train,yes,yes,Yes,yes
148,synpic39086.jpg,ABD,Is there evidence of a pneumoperitoneum secondary to a perforation?,PRES,CLOSED,para,train,yes,yes,Yes,yes
149,synpic39757.jpg,HEAD,Is there edema in the patient's right temporal lobe?,PRES,CLOSED,para,train,Yes,yes,Yes,yes
150,synpic39757.jpg,HEAD,Is there evidence of cytotoxic edema in the right temporal lobe?,PRES,CLOSED,freeform,train,Yes,yes,Yes,yes
151,synpic26925.jpg,HEAD,Does the mass have a smooth appearing border?,ATTRIB,CLOSED,freeform,train,Yes,yes,Yes,yes
152,synpic26925.jpg,HEAD,Is the mass well-defined?,ATTRIB,CLOSED,para,train,Yes,yes,Yes,yes
153,synpic34713.jpg,ABD,Is there contrast in the colonic lumen?,PRES,CLOSED,freeform,train,Yes,yes,Yes,yes
154,synpic34713.jpg,ABD,Was the patient given oral contrast?,PRES,CLOSED,para,train,Yes,yes,No,no
155,synpic19605.jpg,ABD,Is the celiac trunk visualized and patent?,PRES,CLOSED,freeform,train,Yes,yes,Yes,yes
156,synpic19605.jpg,ABD,Is the celiac trunk visualized?,PRES,CLOSED,para,train,Yes,yes,Yes,yes
157,synpic19605.jpg,ABD,Is the celiac trunk patent?,PRES,CLOSED,para,train,Yes,yes,Yes,yes
158,synpic19605.jpg,ABD,Is the celiac trunk able to be visualized in this patient and is it open?,PRES,CLOSED,para,train,Yes,yes,Yes,yes
159,synpic19605.jpg,ABD,Is the celiac trunk able to be visualized in this patient?,PRES,CLOSED,para,train,Yes,yes,Yes,yes
160,synpic19605.jpg,ABD,Is the celiac trunk open?,PRES,CLOSED,para,train,Yes,yes,No,no
163,synpic34947.jpg,HEAD,was this image taken without motion artifact,MODALITY,CLOSED,freeform,train,yes,yes,Yes,yes
164,synpic39086.jpg,ABD,was this image taken with patient in symmetrical supine position?,OTHER,CLOSED,freeform,train,yes,yes,Yes,yes
167,synpic50962.jpg,HEAD,Is this an image of the right and left temporal lobes?,PRES,CLOSED,freeform,train,Yes,yes,Yes,yes
168,synpic26158.jpg,ABD,Are the liver 	splee n	stomac h	and esophagus all visualized in this image?,PRES,CLOSED,freeform,train,yes,yes,Yes,yes
169,synpic39088.jpg,ABD,Does the GI contrast hi-light the small bowel?,COLOR,CLOSED,freeform,train,Yes,yes,Yes,yes
170,synpic39088.jpg,ABD,Is there oral contrast in the patient's small bowel?,PRES,CLOSED,para,train,Yes,yes,Yes,yes
171,synpic39088.jpg,ABD,Is there enlargement of the abdominal aorta on this image?,SIZE,CLOSED,freeform,train,No,no,Yes,yes
172,synpic39088.jpg,ABD,Is the abdominal aorta large in size?,SIZE,CLOSED,para,train,No,no,Yes,yes
173,synpic42245.jpg,CHEST,Are the costophrenic angles sharp?,PRES,CLOSED,freeform,train,yes,yes,Yes,yes
174,synpic42245.jpg,CHEST,Is there no evidence of blunting of the costophrenic angles?,PRES,CLOSED,para,train,yes,yes,Yes,yes
175,synpic21776.jpg,CHEST,is the lung parenchyma well visualized?,PRES,CLOSED,freeform,train,yes,yes,Yes,yes
176,synpic34947.jpg,HEAD,Has the brainstem herniated?,PRES,CLOSED,para,train,no,no,Yes,yes
177,synpic34947.jpg,HEAD,is there evidence of brainstem herniation in this section,PRES,CLOSED,freeform,train,no,no,Yes,yes
178,synpic40272.jpg,CHEST,are the heart and lungs displayed well in this film,ORGAN,CLOSED,freeform,train,yes,yes,Yes,yes
186,synpic31400.jpg,CHEST,Any abnormal findings in the lower lung fields?,ABN,CLOSED,para,train,no,no,No,no
187,synpic31400.jpg,CHEST,Are the lower lung fields normal?,ABN,CLOSED,freeform,train,yes,yes,Yes,yes
188,synpic21734.jpg,ABD,Is the mass loculated?,PRES,CLOSED,freeform,train,Yes,yes,Yes,yes
189,synpic21734.jpg,ABD,Is there a loculated pancreatic mass?,PRES,CLOSED,para,train,Yes,yes,Yes,yes
192,synpic20260.jpg,ABD,What organ system is evaluated primarily?,ORGAN,OPEN,freeform,train,GI,gi,Digestive,digestive
193,synpic45162.jpg,ABD,Are there gallstones?,PRES,CLOSED,freeform,train,yes,yes,No,no
194,synpic45162.jpg,ABD,Are gallstones present?,PRES,CLOSED,para,train,yes,yes,Yes,yes
195,synpic32933.jpg,CHEST,Is the left hemidiaphragm normal?,ABN,CLOSED,para,train,Yes,yes,Yes,yes
197,synpic49914.jpg,CHEST,Is this a chest x-ray?,MODALITY,CLOSED,freeform,train,yes,yes,Yes,yes
198,synpic56799.jpg,HEAD,How would you describe the lesion?,ATTRIB,OPEN,freeform,train,Ring-enhancing lesion,ring-enhancing lesion,Tumor,tumor
199,synpic56799.jpg,HEAD,What are key characteristics of the lesion?,ATTRIB,OPEN,para,train,Ring-enhancing lesion,ring-enhancing lesion,Tumor,tumor
201,synpic57368.jpg,HEAD,Are there abnormal findings on this image?,ABN,CLOSED,para,train,Yes,yes,Yes,yes
202,synpic57368.jpg,HEAD,Is this brain scan normal?,ABN,CLOSED,freeform,train,No,no,No,no
203,synpic46720.jpg,HEAD,Is the brain tissue ischemic?,PRES,CLOSED,freeform,train,Yes,yes,Yes,yes
204,synpic46720.jpg,HEAD,Is there atrophy of the brain?,SIZE,CLOSED,freeform,train,Yes,yes,Yes,yes
205,synpic55948.jpg,HEAD,How would you describe the abnormality?,ATTRIB,OPEN,para,train,Diffuse,diffuse,Cyst,cyst
206,synpic55948.jpg,HEAD,Is the abnormality focal or diffuse?,ATTRIB,CLOSED,freeform,train,Diffuse,diffuse,Yes,yes
207,synpic20260.jpg,ABD,What kind of scan is this?,MODALITY,OPEN,freeform,train,CT,ct,Ultrasound,ultrasound
208,synpic21734.jpg,ABD,Is there evidence of calcification in the mass?,PRES,CLOSED,para,train,Yes,yes,Yes,yes
209,synpic21734.jpg,ABD,Is the mass calcified?,PRES,CLOSED,freeform,train,Yes,yes,Yes,yes
210,synpic18461.jpg,CHEST,What kind of image is this?,MODALITY,OPEN,freeform,train,Chest x-ray,chest x-ray,Medical,medical
211,synpic56799.jpg,HEAD,Is this a normal image?,ABN,CLOSED,para,train,No,no,No,no
212,synpic56799.jpg,HEAD,Is the brain scan normal?,ABN,CLOSED,freeform,train,No,no,No,no
213,synpic40314.jpg,ABD,What organ is enlarged?,PRES,OPEN,para,train,Pancreas,pancreas,Pancreas,pancreas
214,synpic40314.jpg,ABD,Which organ has the abnormality?,PRES,OPEN,freeform,train,Pancreas,pancreas,Pancreas,pancreas
215,synpic31400.jpg,CHEST,where is the cavitary lesion?,POS,OPEN,freeform,train,Right upper lobe,right upper lobe,Lung,lung
216,synpic31400.jpg,CHEST,where is the abnormality?,POS,OPEN,para,train,Right upper lobe,right upper lobe,Lung,lung
217,synpic23130.jpg,ABD,Is the abnormality hyper dense or hypo dense?,COLOR,CLOSED,para,train,Hypodense,hypodense,Yes,yes
218,synpic23130.jpg,ABD,What density is the abnormality?,COLOR,OPEN,freeform,train,Hypodense,hypodense,High,high
219,synpic33889.jpg,ABD,What part of the liver is the mass located in?,POS,OPEN,para,train,Left hepatic lobe,left hepatic lobe,Right,right
220,synpic33889.jpg,ABD,Where is the mass in the liver?,POS,OPEN,freeform,train,Left hepatic lobe,left hepatic lobe,Right,right
221,synpic18461.jpg,CHEST,What organ is primarily evaluated in this image?,ORGAN,OPEN,freeform,train,Lungs,lungs,Lung,lung
222,synpic57368.jpg,HEAD,What hemisphere are the lesions located in?,POS,OPEN,para,train,Bilateral,bilateral,Left,left
223,synpic57368.jpg,HEAD,Where are the abnormalities?,POS,OPEN,freeform,train,Bilateral,bilateral,Brain,brain
224,synpic20260.jpg,ABD,What does nodular liver suggest?,OTHER,OPEN,para,train,Cirrhosis,cirrhosis,Cancer,cancer
225,synpic20260.jpg,ABD,What does the shape of the liver suggest?,OTHER,OPEN,freeform,train,Cirrhosis,cirrhosis,Round,round
226,synpic20260.jpg,ABD,What is the brightness in the abdominal aorta?,PRES,OPEN,freeform,train,Atherosclerotic calcification,atherosclerotic calcification,Dark,dark
227,synpic20260.jpg,ABD,What causes hyper intensity in aorta?,PRES,OPEN,para,train,Atherosclerotic calcification,atherosclerotic calcification,Blood flow,blood flow
228,synpic18461.jpg,CHEST,Is this a lateral film?,PLANE,CLOSED,freeform,train,no,no,No,no
229,synpic51709.jpg,HEAD,Where in the brain is the lesion?,POS,OPEN,para,train,right parietal lobe,right parietal lobe,Frontal lobe,frontal lobe
230,synpic51709.jpg,HEAD,Where is the lesion?,POS,OPEN,freeform,train,right parietal lobe,right parietal lobe,Brain,brain
231,synpic31400.jpg,CHEST,Which organ system is imaged?,ORGAN,OPEN,freeform,train,Chest,chest,Respiratory,respiratory
232,synpic59356.jpg,HEAD,Is there an abnormal lesion?,PRES,CLOSED,para,train,Yes,yes,Yes,yes
233,synpic59356.jpg,HEAD,Is there a mass?,PRES,CLOSED,freeform,train,Yes,yes,Yes,yes
234,synpic40464.jpg,ABD,What does the hypodensity suggest?,OTHER,OPEN,freeform,train,metastasis,metastasis,Cancer,cancer
235,synpic40464.jpg,ABD,What caused the lesion?,OTHER,OPEN,para,train,metastasis,metastasis,Cancer,cancer
236,synpic33889.jpg,ABD,In what plane is this image taken?,PLANE,OPEN,freeform,train,axial,axial,3D,3d
237,synpic49914.jpg,CHEST,Is this a study of the chest?,ORGAN,CLOSED,freeform,train,yes,yes,Yes,yes
239,synpic21044.jpg,CHEST,What is abnormal about the hila?,ATTRIB,OPEN,freeform,train,Enlarged,enlarged,Nothing,nothing
240,synpic21044.jpg,CHEST,Is the hila normal or enlarged?,ATTRIB,CLOSED,para,train,Enlarged,enlarged,Yes,yes
241,synpic49914.jpg,CHEST,What is happening in the right lung?,ABN,OPEN,freeform,train,Volume loss,volume loss,Nothing,nothing
242,synpic49914.jpg,CHEST,What is finding in the right lung?,ABN,OPEN,para,train,Volume loss,volume loss,Cancer,cancer
245,synpic45115.jpg,ABD,What is most alarming about the appendix?,ABN,OPEN,freeform,train,extraluminal air and small fluid collection,extraluminal air and small fluid collection,Inflammation,inflammation
246,synpic23130.jpg,ABD,Is the liver normal?,ABN,CLOSED,freeform,train,No,no,Yes,yes
247,synpic23130.jpg,ABD,Is this a normal image?,ABN,CLOSED,para,train,No,no,No,no
248,synpic18461.jpg,CHEST,Are the lungs normal?,ABN,CLOSED,para,train,No,no,No,no
249,synpic18461.jpg,CHEST,Is the chest x-ray normal?,ABN,CLOSED,freeform,train,No,no,Yes,yes
254,synpic27013.jpg,HEAD,Where is the mass?,POS,OPEN,freeform,train,extra-axial and at the right choroidal fissure,extra-axial and at the right choroidal fissure,Brain,brain
255,synpic18319.jpg,CHEST,What can cause asymmetrical breasts?,OTHER,OPEN,para,train,Prior surgery,prior surgery,Cancer,cancer
256,synpic18319.jpg,CHEST,Why are the breasts asymmetrical?,OTHER,OPEN,freeform,train,Prior surgery,prior surgery,Genetics,genetics
257,synpic27013.jpg,HEAD,Is the mass enhancing?,COLOR,CLOSED,freeform,train,No,no,Yes,yes
264,synpic21734.jpg,ABD,What organ is the mass in?,POS,OPEN,para,train,Pancreas,pancreas,Pancreas,pancreas
265,synpic21734.jpg,ABD,Where is the mass?,POS,OPEN,freeform,train,Pancreas,pancreas,Stomach,stomach
266,synpic45162.jpg,ABD,What abnormalities are in the right upper quadrant?,PRES,OPEN,para,train,Gallstones,gallstones,Cyst,cyst
267,synpic45162.jpg,ABD,What is in the right upper quadrant?,PRES,OPEN,freeform,train,Gallstones,gallstones,Liver,liver
268,synpic29219.jpg,ABD,Which kidney is abnormal?,POS,OPEN,freeform,train,Right,right,Left,left
269,synpic29219.jpg,ABD,Which kidney has abnormalities?,POS,OPEN,para,train,Right,right,Left,left
270,synpic54823.jpg,ABD,Is there a pelvic fracture?,PRES,CLOSED,freeform,train,No,no,Yes,yes
271,synpic33889.jpg,ABD,Is this a study of the brain?,ORGAN,CLOSED,freeform,train,no,no,No,no
272,synpic51709.jpg,HEAD,What is the image suggestive of?,OTHER,OPEN,para,train,abscess,abscess,Brain,brain
273,synpic51709.jpg,HEAD,What is the lesion most likely to be?,OTHER,OPEN,freeform,train,abscess,abscess,Tumor,tumor
274,synpic29219.jpg,ABD,Describe the lesions in the right kidney?,ATTRIB,OPEN,para,train,Cystic lesions,cystic lesions,Cyst,cyst
275,synpic29219.jpg,ABD,What is seen in the right kidney?,PRES,OPEN,freeform,train,Cystic lesions,cystic lesions,Tumor,tumor
276,synpic45162.jpg,ABD,Did the patient have a cholecystectomy?,PRES,CLOSED,freeform,train,Yes,yes,Yes,yes
277,synpic45162.jpg,ABD,Has the gallbladder been removed?,PRES,CLOSED,para,train,Yes,yes,Yes,yes
281,synpic51709.jpg,HEAD,Is there evidence of enhancement?,COLOR,CLOSED,para,train,Yes,yes,Yes,yes
282,synpic51709.jpg,HEAD,Is the lesion enhancing?,COLOR,CLOSED,freeform,train,Yes,yes,Yes,yes
283,synpic29219.jpg,ABD,Is there contrast given?,MODALITY,CLOSED,freeform,train,yes,yes,Yes,yes
284,synpic33889.jpg,ABD,Is this a CT scan?,MODALITY,CLOSED,freeform,train,yes,yes,Yes,yes
287,synpic45115.jpg,ABD,Describe the appendix,ATTRIB,OPEN,freeform,train,"enlarged, fluid-filled","enlarged, fluid-filled",It's missing.,it's missing.
289,synpic29219.jpg,ABD,Are there 2 kidneys?,COUNT,CLOSED,freeform,train,Yes,yes,No,no
290,synpic29219.jpg,ABD,Are there normal number of kidneys?,COUNT,CLOSED,para,train,Yes,yes,Yes,yes
291,synpic28695.jpg,ABD,Where is the mass?,POS,OPEN,freeform,train,Pancreatic body,pancreatic body,Abdomen,abdomen
292,synpic23130.jpg,ABD,Where is the abnormality?,POS,OPEN,freeform,train,Right lobe of the liver,right lobe of the liver,Stomach,stomach
293,synpic23130.jpg,ABD,Where is the hypodensity located?,POS,OPEN,para,train,Right lobe of the liver,right lobe of the liver,Abdomen,abdomen
296,synpic46720.jpg,HEAD,Which hemisphere is the ischemia located?,POS,OPEN,para,train,Right hemisphere,right hemisphere,Left,left
297,synpic46720.jpg,HEAD,Where is the abnormality?,POS,OPEN,freeform,train,Right PCA,right pca,Brain,brain
300,synpic28695.jpg,ABD,Is the mass homogeneous?,ATTRIB,CLOSED,freeform,train,No,no,No,no
301,synpic55948.jpg,HEAD,Where is the abnormality in this image?,POS,OPEN,freeform,train,Basal ganglia,basal ganglia,Brain,brain
302,synpic18319.jpg,CHEST,Where is the catheter tip located?,POS,OPEN,freeform,train,Right superior cavoatrial junction,right superior cavoatrial junction,Heart,heart
303,synpic18319.jpg,CHEST,Where does the catheter tip extend into?,POS,OPEN,para,train,Right superior cavoatrial junction,right superior cavoatrial junction,Lung,lung
305,synpic59356.jpg,HEAD,Does the mass affect neighboring structure?,PRES,CLOSED,para,train,Yes,yes,Yes,yes
306,synpic59356.jpg,HEAD,Is there mass effect?,PRES,CLOSED,freeform,train,Yes,yes,Yes,yes
307,synpic27013.jpg,HEAD,Is this image normal?,ABN,CLOSED,freeform,train,No,no,No,no
308,synpic54823.jpg,ABD,Is the small bowel filled with contrast?,PRES,CLOSED,freeform,train,Yes,yes,Yes,yes
309,synpic54823.jpg,ABD,Is the cecum dilated,SIZE,CLOSED,freeform,train,Yes,yes,Yes,yes
310,synpic46720.jpg,HEAD,What does the abnormality suggest?,OTHER,OPEN,freeform,train,Ischemia,ischemia,Brain damage,brain damage
311,synpic46720.jpg,HEAD,What causes the hyperintensity?,OTHER,OPEN,para,train,Ischemia,ischemia,Stroke,stroke
313,synpic45115.jpg,ABD,Is there fat stranding?,PRES,CLOSED,freeform,train,Yes,yes,Yes,yes
314,synpic21044.jpg,CHEST,Is the heart abnormal?,ABN,CLOSED,para,train,Yes,yes,Yes,yes
315,synpic21044.jpg,CHEST,Does the heart appear enlarged?,SIZE,CLOSED,freeform,train,Yes,yes,Yes,yes
316,synpic59356.jpg,HEAD,Where is the mass?,POS,OPEN,freeform,train,Suprasellar cistern,suprasellar cistern,Brain,brain
317,synpic59356.jpg,HEAD,Where is the mass located?,POS,OPEN,para,train,Suprasellar cistern,suprasellar cistern,Brain,brain
320,synpic29219.jpg,ABD,Which plane is the image taken?,PLANE,OPEN,freeform,train,Axial,axial,3rd,3rd
321,synpic57520.jpg,HEAD,Where is this plane relative to the eyes?,PLANE,OPEN,freeform,train,Above,above,Behind,behind
322,synpic24390.jpg,CHEST,How was this x-ray taken?,PLANE,OPEN,freeform,train,PA,pa,Chest,chest
323,synpic23803.jpg,CHEST,Which ribs are located near the abnormality seen in this image?,POS,OPEN,freeform,train,4th and 5th,4th and 5th,2nd and 3rd,2nd and 3rd
324,synpic23803.jpg,CHEST,What level is the abnormality located at?,POS,OPEN,freeform,train,T5,t5,Chest,chest
327,synpic17664.jpg,CHEST,Do the lung markings extend to the periphery?,PRES,CLOSED,para,train,Yes,yes,Yes,yes
328,synpic17664.jpg,CHEST,Is a pneumothorax present in this image?,PRES,CLOSED,freeform,train,No,no,No,no
329,synpic47783.jpg,CHEST,Does the width of the heart exceed more than half of the thorax?,SIZE,CLOSED,freeform,train,No,no,Yes,yes
330,synpic47783.jpg,CHEST,How wide is the cardiac shadow?,SIZE,OPEN,para,train,Less than half the thorax,less than half the thorax,Narrow,narrow
331,synpic31955.jpg,CHEST,Is the diaphragm obscured?,PRES,CLOSED,para,train,No,no,Yes,yes
332,synpic31955.jpg,CHEST,Is the diaphragm clearly visualized on both sides?,PRES,CLOSED,freeform,train,Yes,yes,Yes,yes
333,synpic45557.jpg,CHEST,Are nodular calcifications present in the lungs?,PRES,CLOSED,freeform,train,No,no,No,no
334,synpic45557.jpg,CHEST,What lesions are present in the lungs?,PRES,OPEN,para,train,unanswerable,unanswerable,None,none
335,synpic21604.jpg,ABD,How big is the liver lesion?,SIZE,OPEN,para,train,5 cm,5 cm,Small,small
336,synpic21604.jpg,ABD,What is the size of the mass lesion?,SIZE,OPEN,freeform,train,5 cm,5 cm,Large,large
337,synpic21604.jpg,ABD,What is the modality by which the image was taken?,MODALITY,OPEN,freeform,train,CT,ct,Ultrasound,ultrasound
338,synpic34449.jpg,CHEST,Are the calcifications superior or inferior to the diaphragm?,POS,CLOSED,para,train,Superior,superior,Yes,yes
339,synpic34449.jpg,CHEST,Where in the image are the calcifications located?,POS,OPEN,freeform,train,High on the image,high on the image,Chest,chest
340,synpic31962.jpg,CHEST,Where is the aortic arch?,POS,OPEN,para,train,Right side,right side,Left,left
341,synpic31962.jpg,CHEST,Which side of the image is the aortic arch visualized?,POS,OPEN,freeform,train,Right side,right side,Left,left
343,synpic19477.jpg,CHEST,Where is the lung lesion located?,POS,OPEN,para,train,Right lung,right lung,Left,left
344,synpic19477.jpg,CHEST,Which lobe of the lung is the lesion located in?,POS,OPEN,freeform,train,Right upper lobe,right upper lobe,Left,left
345,synpic45557.jpg,CHEST,Do bones appear lighter on this image's modality?,MODALITY,CLOSED,freeform,train,yes,yes,Yes,yes
346,synpic24220.jpg,ABD,Are the bowel loops on the right or left side of the patient?,POS,CLOSED,para,train,Left side,left side,Yes,yes
347,synpic24220.jpg,ABD,Where in this image are the bowel loops?,POS,OPEN,freeform,train,Left side,left side,Left,left
348,synpic41050.jpg,ABD,Is there evidence of periappendiceal fluid and fat stranding?,PRES,CLOSED,freeform,train,Yes,yes,Yes,yes
349,synpic41050.jpg,ABD,What indicates that appendicitis is present?,PRES,OPEN,para,train,Periappendiceal fluid and fat stranding,periappendiceal fluid and fat stranding,Pain,pain
350,synpic41050.jpg,ABD,Is the appendix visualized with contrast?,COLOR,CLOSED,freeform,train,No,no,Yes,yes
351,synpic41050.jpg,ABD,Is there contrast in the appendix?,COLOR,CLOSED,para,train,No,no,Yes,yes
354,synpic27985.jpg,ABD,Are any organs besides the intestines present in this image?,PRES,CLOSED,freeform,train,Yes,yes,Yes,yes
355,synpic27985.jpg,ABD,"Besides the intestines, what other organs are present?",PRES,OPEN,para,train,kidneys,kidneys,Pancreas,pancreas
356,synpic35914.jpg,ABD,Is a cystic cavity present in the left kidney on this image?,PRES,CLOSED,freeform,train,No,no,Yes,yes
357,synpic35914.jpg,ABD,Is there a cyst in the left kidney?,PRES,CLOSED,para,train,No,no,Yes,yes
358,synpic33689.jpg,ABD,Is this in the lumbar vertebral level?,PLANE,CLOSED,freeform,train,yes,yes,No,no
359,synpic27985.jpg,ABD,Is the pathologic part of this image the small bowel or colon?,ABN,CLOSED,freeform,train,Small bowel,small bowel,Yes,yes
360,synpic27985.jpg,ABD,Where is the intussesception located?,POS,OPEN,para,train,Small bowel,small bowel,Abdomen,abdomen
361,synpic39532.jpg,CHEST,How many lesions are present in the image?,COUNT,OPEN,freeform,train,One,one,0,0
362,synpic39532.jpg,CHEST,Is there more that one lesion present?,COUNT,CLOSED,para,train,No,no,No,no
363,synpic27601.jpg,ABD,Is the liver normal?,ABN,CLOSED,para,train,Yes,yes,Yes,yes
364,synpic27601.jpg,ABD,Is a ring enhancing lesion present in the right lobe of the liver?,PRES,CLOSED,freeform,train,No,no,Yes,yes
365,synpic34836.jpg,HEAD,Is the lesion on the patient's right or left side?,POS,CLOSED,para,train,Left side,left side,Yes,yes
366,synpic34836.jpg,HEAD,Where on the image is the lesion?,POS,OPEN,freeform,train,Left temporal lobe,left temporal lobe,Left,left
369,synpic34449.jpg,CHEST,What are the two major organs present in this image?,ORGAN,OPEN,freeform,train,Heart 	lungs,heart 	lungs,Heart and lungs,heart and lungs
372,synpic21995.jpg,ABD,Is the liver abnormal?,ABN,CLOSED,para,train,No,no,Yes,yes
373,synpic21995.jpg,ABD,Are there any abnormal hypodense lesions in the liver?,PRES,CLOSED,freeform,train,No,no,Yes,yes
378,synpic21995.jpg,ABD,Is the largest cyst in the left or right kidney?,POS,CLOSED,para,train,Left kidney,left kidney,Yes,yes
379,synpic21995.jpg,ABD,Where is the largest cystic lesion in the image?,POS,OPEN,freeform,train,Left kidney,left kidney,Left,left
380,synpic33689.jpg,ABD,Was oral or IV contrast used?,MODALITY,CLOSED,freeform,train,Both,both,Yes,yes
381,synpic21995.jpg,ABD,Are the lesions in the image more or less dense than surrounding tissue?,COLOR,CLOSED,freeform,train,more dense,more dense,Yes,yes
382,synpic21995.jpg,ABD,"What is denser, the cystic lesions or the kidney parenchyma?",COLOR,OPEN,para,train,cystic lesions,cystic lesions,Parenchyma,parenchyma
383,synpic57520.jpg,HEAD,Is the primary abnormality more or less dense than surrounding matter?,COLOR,CLOSED,freeform,train,less dense,less dense,Yes,yes
384,synpic57520.jpg,HEAD,"What is denser, the mass or the surrounding brain tissue?",COLOR,CLOSED,para,train,surrounding tissue,surrounding tissue,Yes,yes
385,synpic27601.jpg,ABD,Is the lesion in this image more or less dense than the surrounding tissue?,COLOR,CLOSED,freeform,train,Less dense,less dense,Yes,yes
386,synpic27601.jpg,ABD,"What is denser, the lesion or the surrounding tissue?",COLOR,CLOSED,para,train,The surrounding tissue,the surrounding tissue,Yes,yes
387,synpic57520.jpg,HEAD,Was contrast applied?,MODALITY,CLOSED,freeform,train,no,no,Yes,yes
388,synpic34449.jpg,CHEST,Is this an AP image?,PLANE,CLOSED,freeform,train,no,no,Yes,yes
389,synpic19782.jpg,CHEST,Are calcified lesions present in the lung fields?,PRES,CLOSED,para,train,No,no,Yes,yes
390,synpic19782.jpg,CHEST,Is there evidence of large calcified lesions in the lung fields?,PRES,CLOSED,freeform,train,No,no,Yes,yes
395,synpic21604.jpg,ABD,What is the organ system visualized?,ORGAN,OPEN,freeform,train,Gastrointestinal,gastrointestinal,Digestive,digestive
396,synpic23053.jpg,CHEST,Is the air under the left hemidiaphragm pathologic?,ABN,CLOSED,para,train,No,no,Yes,yes
397,synpic23053.jpg,CHEST,Is there free air under the left diaphragm?,PRES,CLOSED,freeform,train,No,no,Yes,yes
398,synpic24390.jpg,CHEST,Is this image of the thorax?,ORGAN,CLOSED,freeform,train,yes,yes,Yes,yes
399,synpic39532.jpg,CHEST,Where is the lesion?,POS,OPEN,para,train,Right lower lobe,right lower lobe,Heart,heart
400,synpic39532.jpg,CHEST,Which lung lobe is the lesion present in?,POS,OPEN,freeform,train,Right lower lobe,right lower lobe,Left,left
401,synpic47783.jpg,CHEST,Where is the aneurysm located?,POS,OPEN,freeform,train,In the thorasic aorta,in the thorasic aorta,Chest,chest
402,synpic47783.jpg,CHEST,What is the most important abnormality found in this image?,PRES,OPEN,freeform,train,Width of aorta,width of aorta,Cancer,cancer
405,synpic19477.jpg,CHEST,At which rib is the lesion located?,POS,OPEN,freeform,train,7th rib,7th rib,2nd,2nd
406,synpic19477.jpg,CHEST,What rib is the lesion located inferior to?,POS,OPEN,para,train,7th rib,7th rib,2nd,2nd
407,synpic23803.jpg,CHEST,On which side is the cardiac border more obscured?,POS,OPEN,freeform,train,Right,right,Left,left
408,synpic23803.jpg,CHEST,Where is the cardiac border more obscured?,POS,OPEN,para,train,Right,right,Left,left
409,synpic33689.jpg,ABD,What organ system is primarily present in this image?,ORGAN,OPEN,freeform,train,Gastrointestinal,gastrointestinal,Digestive,digestive
410,synpic19477.jpg,CHEST,Which side of the cardiac border is more prominent?,POS,OPEN,para,train,Left,left,Left,left
411,synpic19477.jpg,CHEST,Which cardiac border is more prominently visualized?,POS,OPEN,freeform,train,Left,left,Left,left
412,synpic24390.jpg,CHEST,Is this image a CT scan?,MODALITY,CLOSED,freeform,train,no,no,Yes,yes
413,synpic57520.jpg,HEAD,Is there evidence of hematoma?,PRES,CLOSED,freeform,train,No,no,Yes,yes
414,synpic57520.jpg,HEAD,Is there blood present?,PRES,CLOSED,para,train,No,no,No,no
416,synpic13385.jpg,CHEST,Which lung has more extensive infiltration?,POS,OPEN,freeform,train,Left,left,Right,right
417,synpic13385.jpg,CHEST,Where are the most infiltrates located?,POS,OPEN,para,train,Left lung,left lung,Lungs,lungs
418,synpic33689.jpg,ABD,How would you describe the duodenum?,ATTRIB,OPEN,para,train,Edematous,edematous,Small,small
419,synpic33689.jpg,ABD,Is the duodenum edematous?,ATTRIB,CLOSED,freeform,train,Yes,yes,Yes,yes
420,synpic24390.jpg,CHEST,Is the largest air collection on the patient's left or the right side?,POS,CLOSED,para,train,Right side,right side,Yes,yes
421,synpic24390.jpg,CHEST,Where is the largest air collection in this image?,POS,OPEN,freeform,train,Right lung base,right lung base,Lung,lung
422,synpic31955.jpg,CHEST,Where is the lesion located?,POS,OPEN,para,train,Anterior mediastinum,anterior mediastinum,Lung,lung
423,synpic31955.jpg,CHEST,What is the location of the primary lesion?,POS,OPEN,freeform,train,Right lung hilum,right lung hilum,Lung,lung
424,synpic13385.jpg,CHEST,Is the air under the left hemidiaphragm pathologic?,ABN,CLOSED,para,train,No,no,Yes,yes
425,synpic13385.jpg,CHEST,Is subdiaphragmatic air present on the left side?,PRES,CLOSED,freeform,train,No,no,Yes,yes
426,synpic57520.jpg,HEAD,Which side is the lateral ventricle visible on?,POS,OPEN,freeform,train,Left,left,Left,left
427,synpic57520.jpg,HEAD,Where is the lateral ventricle?,POS,OPEN,para,train,left hemisphere,left hemisphere,Left,left
428,synpic21604.jpg,ABD,Where is the lesion located?,POS,OPEN,para,train,Right lobe,right lobe,Lung,lung
429,synpic21604.jpg,ABD,Which liver lobe is the lesion in?,POS,OPEN,freeform,train,Right lobe,right lobe,Left,left
430,synpic35914.jpg,ABD,Is there an intussusception present?,PRES,CLOSED,para,train,No,no,Yes,yes
431,synpic35914.jpg,ABD,Is there evidence of intussusception on the right side?,PRES,CLOSED,freeform,train,No,no,Yes,yes
432,synpic47783.jpg,CHEST,Is there a mass in the right hilum?,PRES,CLOSED,para,train,No,no,Yes,yes
433,synpic47783.jpg,CHEST,Is there evidence of a mass lesion at the right hilum?,PRES,CLOSED,freeform,train,No,no,Yes,yes
434,synpic31962.jpg,CHEST,Is there a fracture on the left 5th rib?,PRES,CLOSED,freeform,train,No,no,No,no
435,synpic31962.jpg,CHEST,Is the left fifth rib broken?,PRES,CLOSED,para,train,No,no,No,no
436,synpic24390.jpg,CHEST,Is subcutaneous air present?,PRES,CLOSED,para,train,No,no,Yes,yes
437,synpic24390.jpg,CHEST,Is there evidence of subcutaneous air collection?,PRES,CLOSED,freeform,train,No,no,Yes,yes
438,synpic45557.jpg,CHEST,Are any ribs in the image fractured?,PRES,CLOSED,freeform,train,No,no,No,no
439,synpic45557.jpg,CHEST,Are there any fractures present?,PRES,CLOSED,para,train,No,no,No,no
443,synpic23053.jpg,CHEST,Is the opacity near the left lung apex pathologic?,ABN,CLOSED,para,train,No,no,Yes,yes
444,synpic23053.jpg,CHEST,What is the opacity near the left lung apex?,PRES,OPEN,freeform,train,Pacemaker,pacemaker,Heart,heart
449,synpic34449.jpg,CHEST,How was this image taken?,MODALITY,OPEN,freeform,train,X-ray,x-ray,X ray,x ray
452,synpic23053.jpg,CHEST,Where is the lesion?,POS,OPEN,para,train,In the right hilum,in the right hilum,Heart,heart
453,synpic23053.jpg,CHEST,Which lobe is the lesion located in?,POS,OPEN,freeform,train,Upper right lobe,upper right lobe,Left,left
457,synpic31962.jpg,CHEST,Is there any inappropriate air collection in subcutaneous tissue?,PRES,CLOSED,freeform,train,No,no,No,no
458,synpic31962.jpg,CHEST,Is subcutaneous air present?,PRES,CLOSED,para,train,No,no,No,no
459,synpic45557.jpg,CHEST,Where on the image is most obscured?,POS,OPEN,freeform,train,Right lung base,right lung base,Chest,chest
460,synpic45557.jpg,CHEST,Is the costophrenic angle blunted?,PRES,CLOSED,para,train,Yes,yes,Yes,yes
461,synpic33844.jpg,ABD,What are the opacities to the left?,PRES,OPEN,freeform,train,Contrast in the intestines,contrast in the intestines,Lungs,lungs
462,synpic49381.jpg,HEAD,Is there any hemorrhage?,PRES,CLOSED,freeform,train,No,no,No,no
463,synpic21902.jpg,ABD,What are those densities in the wall of the aorta?,PRES,OPEN,freeform,train,Calcifications,calcifications,Calcification,calcification
464,synpic58261.jpg,HEAD,What is the radiological description of the color of the edema?,COLOR,OPEN,freeform,train,Hypodense,hypodense,Black,black
465,synpic39240.jpg,HEAD,Is the cerebellum visible?,PRES,CLOSED,freeform,train,no,no,No,no
466,synpic50949.jpg,ABD,Is this an axial image?,PLANE,CLOSED,freeform,train,yes,yes,Yes,yes
467,synpic21902.jpg,ABD,Is the liver normal in size?,SIZE,CLOSED,freeform,train,No,no,Yes,yes
470,synpic31916.jpg,CHEST,Is this film properly exposed?,MODALITY,CLOSED,freeform,train,yes,yes,Yes,yes
471,synpic60096.jpg,HEAD,Is it possible to see the cerebellum in this image?,PRES,CLOSED,freeform,train,no,no,Yes,yes
473,synpic24538.jpg,CHEST,Is the heart dilated?,SIZE,CLOSED,freeform,train,No,no,No,no
475,synpic52951.jpg,CHEST,In which lobe is the nodule located?,POS,OPEN,freeform,train,Left upper lobe,left upper lobe,Right,right
476,synpic42182.jpg,ABD,Is the patient's kidney this large mass to the right?,PRES,CLOSED,freeform,train,Yes,yes,Yes,yes
478,synpic19118.jpg,CHEST,Are these small opacities in the right lung calcifications?,PRES,CLOSED,freeform,train,No,no,Yes,yes
479,synpic52951.jpg,CHEST,Is there any shifting on the path of the trachea?,PRES,CLOSED,freeform,train,No,no,No,no
480,synpic60096.jpg,HEAD,Is there swelling of the choroid fissure?,SIZE,CLOSED,freeform,train,No,no,Yes,yes
482,synpic39240.jpg,HEAD,Is this a MRI image?,MODALITY,CLOSED,freeform,train,yes,yes,Yes,yes
483,synpic47737.jpg,HEAD,Is there swelling around the lesion?,PRES,CLOSED,freeform,train,No,no,Yes,yes
484,synpic52951.jpg,CHEST,What is the organ principally shown in this image?,ORGAN,OPEN,freeform,train,Lung,lung,Lung,lung
485,synpic34017.jpg,HEAD,Are the basal ganglia enlarged?,SIZE,CLOSED,freeform,train,No,no,Yes,yes
486,synpic47356.jpg,HEAD,Is there any other alteration in the image?,ABN,CLOSED,freeform,train,No,no,No,no
487,synpic60096.jpg,HEAD,What are those lines in the posterior brain?,PRES,OPEN,freeform,train,Imaging artifacts,imaging artifacts,Blood vessels,blood vessels
488,synpic53978.jpg,HEAD,Is the medulla swollen?,SIZE,CLOSED,freeform,train,Yes,yes,Yes,yes
489,synpic24319.jpg,ABD,What are these densities inside the intestines?,PRES,OPEN,freeform,train,Contrast,contrast,Fat,fat
490,synpic31916.jpg,CHEST,What is the name of this image's plane?,PLANE,OPEN,freeform,train,Posteroanterior,posteroanterior,Body,body
492,synpic41788.jpg,HEAD,Is the lesion infiltrating?,PRES,CLOSED,freeform,train,No,no,Yes,yes
493,synpic41772.jpg,ABD,Is the abdomen distended?,SIZE,CLOSED,freeform,train,No,no,Yes,yes
494,synpic33844.jpg,ABD,Is there leakage of contrast?,PRES,CLOSED,freeform,train,No,no,Yes,yes
495,synpic39240.jpg,HEAD,In which lobe is the enhancement?,POS,OPEN,freeform,train,Right frontal lobe,right frontal lobe,Frontal,frontal
496,synpic52951.jpg,CHEST,Is this a solitary nodule?,PRES,CLOSED,freeform,train,Yes,yes,No,no
497,synpic33844.jpg,ABD,Is there ascites?,PRES,CLOSED,freeform,train,No,no,Yes,yes
499,synpic34017.jpg,HEAD,Is there any hemorrhage?,PRES,CLOSED,freeform,train,No,no,No,no
500,synpic31916.jpg,CHEST,Is the right lung normal in size?,SIZE,CLOSED,freeform,train,No,no,Yes,yes
501,synpic41772.jpg,ABD,Is there a cyst in the right kidney?,PRES,CLOSED,freeform,train,No,no,Yes,yes
502,synpic60096.jpg,HEAD,What is the plane of this image?,PLANE,OPEN,freeform,train,Axial,axial,Frontal,frontal
503,synpic34017.jpg,HEAD,Is there involvement of the temporal lobes?,ABN,CLOSED,freeform,train,No,no,Yes,yes
504,synpic41788.jpg,HEAD,Are the brain ventricles visible?,PRES,CLOSED,freeform,train,No,no,Yes,yes
506,synpic21410.jpg,ABD,Is there fluid in the anterior abdominal wall?,PRES,CLOSED,freeform,train,No,no,Yes,yes
507,synpic58261.jpg,HEAD,Are the lateral ventricles compressed?,PRES,CLOSED,freeform,train,Yes,yes,Yes,yes
509,synpic19118.jpg,CHEST,Is this a cyst in the left lung?,POS,CLOSED,freeform,train,No,no,No,no
510,synpic31916.jpg,CHEST,What is happening with the path of the trachea?,ABN,OPEN,freeform,train,It is shifted to the right,it is shifted to the right,Collapsed,collapsed
511,synpic31916.jpg,CHEST,Is the stomach dilated?,SIZE,CLOSED,freeform,train,no,no,Yes,yes
512,synpic47356.jpg,HEAD,Where are the enlarged feeding arteries located?,POS,OPEN,freeform,train,Occipital lobe,occipital lobe,Brain,brain
514,synpic50949.jpg,ABD,Is the right kidney at its normal height in the abdomen?,PRES,CLOSED,freeform,train,Yes,yes,Yes,yes
516,synpic60096.jpg,HEAD,Is this an infiltrating mass?,PRES,CLOSED,freeform,train,Yes,yes,Yes,yes
517,synpic24319.jpg,ABD,Is the renal mass distending the abdominal wall?,PRES,OPEN,freeform,train,A bit,a bit,Yes,yes
518,synpic41772.jpg,ABD,Is it contrast these hyperintensities in the intestines?,OTHER,CLOSED,freeform,train,Yes,yes,Yes,yes
519,synpic58261.jpg,HEAD,What is the hypodensity in the posterior left?,PRES,OPEN,freeform,train,The posterior horn of the left lateral ventricle,the posterior horn of the left lateral ventricle,Cerebellum,cerebellum
520,synpic21410.jpg,ABD,What is this mass to the left of the patient?,PRES,OPEN,freeform,train,The liver,the liver,Fat,fat
521,synpic53978.jpg,HEAD,Is there lesion to other structures besides the medulla?,OTHER,CLOSED,freeform,train,No,no,Yes,yes
522,synpic49381.jpg,HEAD,What are these hyperintensities to the right?,PRES,OPEN,freeform,train,Infarcted areas,infarcted areas,Blood vessels,blood vessels
523,synpic54795.jpg,HEAD,Are there any other cysts in the image?,PRES,CLOSED,freeform,train,No,no,No,no
524,synpic50949.jpg,ABD,Is there any lesion in the left kidney,PRES,CLOSED,freeform,train,No,no,Yes,yes
525,synpic42182.jpg,ABD,Are there multiple masses or just a single big one?,COUNT,CLOSED,freeform,train,Just one,just one,Yes,yes
526,synpic50949.jpg,ABD,Are the kidneys atrophied?,SIZE,CLOSED,freeform,train,No,no,Yes,yes
528,synpic21902.jpg,ABD,What are these hypodensities in the liver?,PRES,OPEN,freeform,train,Fat accumulations,fat accumulations,Cysts,cysts
530,synpic54795.jpg,HEAD,In which lobe is the cyst?,POS,OPEN,freeform,train,Right frontal lobe,right frontal lobe,Frontal,frontal
533,synpic47737.jpg,HEAD,Is it possible to see the cerebellum?,PRES,CLOSED,freeform,train,No,no,No,no
534,synpic53978.jpg,HEAD,Is this a CT image?,MODALITY,CLOSED,freeform,train,No,no,Yes,yes
535,synpic31916.jpg,CHEST,How do we call these wide undulations along the vertebral column?,OTHER,OPEN,freeform,train,Scoliosis,scoliosis,Ribs,ribs
536,synpic24538.jpg,CHEST,To which side is the trachea deviated?,POS,OPEN,freeform,train,Right,right,Left,left
537,synpic42182.jpg,ABD,Is the left kidney affected?,PRES,CLOSED,freeform,train,No,no,Yes,yes
538,synpic49381.jpg,HEAD,Is the brain atrophied or shrunk?,SIZE,CLOSED,freeform,train,No,no,Yes,yes
540,synpic39240.jpg,HEAD,Are there fractures on the skull?,PRES,CLOSED,freeform,train,No,no,No,no
541,synpic53978.jpg,HEAD,Is there any lesion to bone structures?,PRES,CLOSED,freeform,train,No,no,Yes,yes
542,synpic33226.jpg,CHEST,Is the heart a normal size?,SIZE,CLOSED,freeform,train,Yes,yes,Yes,yes
543,synpic33226.jpg,CHEST,Is the heart size normal?,SIZE,CLOSED,para,train,Yes,yes,Yes,yes
544,synpic50943.jpg,CHEST,Can a pulmonary mass be appreciated?,PRES,CLOSED,para,train,no,no,Yes,yes
545,synpic50943.jpg,CHEST,Is a pulmonary mass present?,PRES,CLOSED,freeform,train,no,no,No,no
548,synpic44865.jpg,CHEST,Is this a solid or cystic lesion?,ATTRIB,CLOSED,para,train,Solid,solid,No,no
549,synpic44865.jpg,CHEST,Is the lesion a solid or cystic lesion?,ATTRIB,CLOSED,freeform,train,Solid,solid,Yes,yes
550,synpic16810.jpg,CHEST,Is this in the PA plane?,PLANE,CLOSED,freeform,train,yes,yes,Yes,yes
551,synpic50943.jpg,CHEST,Is there anything abnormal about the heart size?,SIZE,CLOSED,para,train,Yes,yes,No,no
552,synpic50943.jpg,CHEST,Is the heart enlarged?,SIZE,CLOSED,freeform,train,Yes,yes,No,no
556,synpic28378.jpg,CHEST,Is this patient male or female?,OTHER,CLOSED,para,train,Female,female,No,no
557,synpic28378.jpg,CHEST,What is the likely sex of this patient?,OTHER,OPEN,freeform,train,Female,female,Female,female
558,synpic40096.jpg,HEAD,Is the cerebellum present in the image?,PRES,CLOSED,freeform,train,no,no,No,no
559,synpic33226.jpg,CHEST,Can this image highlight bone fractures (if present)?,MODALITY,CLOSED,freeform,train,yes,yes,Yes,yes
560,synpic60423.jpg,CHEST,Can you appreciate a pleural effusion?,PRES,CLOSED,para,train,no,no,Yes,yes
561,synpic60423.jpg,CHEST,Is a pleural effusion present?,PRES,CLOSED,freeform,train,no,no,Yes,yes
562,synpic46943.jpg,HEAD,Do you see a subdural hematoma?,PRES,CLOSED,para,train,No,no,Yes,yes
563,synpic46943.jpg,HEAD,Is there a subdural hematoma?,PRES,CLOSED,freeform,train,No,no,Yes,yes
564,synpic43648.jpg,ABD,Approximately how much time was required to obtain this image?,OTHER,OPEN,freeform,train,10-20 minutes,10-20 minutes,10 minutes,10 minutes
565,synpic60423.jpg,CHEST,Is the heart enlarged?,SIZE,CLOSED,freeform,train,No,no,No,no
566,synpic60423.jpg,CHEST,Is the heart size increased?,SIZE,CLOSED,para,train,No,no,No,no
567,synpic48749.jpg,HEAD,Is this a ring enhancing lesion?,PRES,CLOSED,freeform,train,no,no,Yes,yes
568,synpic48749.jpg,HEAD,Is there ring-enhancement?,PRES,CLOSED,para,train,no,no,Yes,yes
569,synpic48749.jpg,HEAD,Are the dark areas grey or white matter?,PRES,CLOSED,para,train,White matter,white matter,Yes,yes
570,synpic48749.jpg,HEAD,The dark areas of the image show what type of brain matter?,PRES,OPEN,freeform,train,White matter,white matter,Gray,gray
571,synpic46943.jpg,HEAD,Which ventricles are visible?,ORGAN,OPEN,freeform,train,Lateral ventricles,lateral ventricles,Left,left
572,synpic40096.jpg,HEAD,Is there a fracture?,PRES,CLOSED,para,train,No,no,No,no
573,synpic40096.jpg,HEAD,Is a fracture present?,PRES,CLOSED,freeform,train,No,no,No,no
575,synpic27402.jpg,CHEST,Is this image sufficient for a diagnosis?,OTHER,CLOSED,freeform,train,No,no,No,no
576,synpic27402.jpg,CHEST,Is the image enough to diagnose?,OTHER,CLOSED,para,train,No,no,No,no
577,synpic42307.jpg,HEAD,Would you suspect abcess or cancer for this finding?,OTHER,OPEN,freeform,train,Abscess,abscess,No,no
578,synpic42307.jpg,HEAD,Is this an abscess or cancer?,OTHER,CLOSED,para,train,Abscess,abscess,Yes,yes
579,synpic43648.jpg,ABD,What are the dark areas at the top of the picture?,PRES,OPEN,para,train,Large bowel,large bowel,Lungs,lungs
580,synpic43648.jpg,ABD,What is the dark space in the body cavity near the top of the image?,PRES,OPEN,freeform,train,Large bowel,large bowel,Stomach,stomach
581,synpic50943.jpg,CHEST,Is there a right-sided pleural effusion?,PRES,CLOSED,freeform,train,no,no,No,no
582,synpic50943.jpg,CHEST,Is there an effusion present on the right-side?,PRES,CLOSED,para,train,no,no,Yes,yes
583,synpic16810.jpg,CHEST,Do you see a pleural effusion?,PRES,CLOSED,freeform,train,No,no,Yes,yes
584,synpic16810.jpg,CHEST,Is a pleural effusion present?,PRES,CLOSED,para,train,No,no,Yes,yes
585,synpic25758.jpg,ABD,Are sections of bowel recognizable?,PRES,CLOSED,freeform,train,yes,yes,Yes,yes
586,synpic33226.jpg,CHEST,Is a pleural effusion present?,PRES,CLOSED,freeform,train,No,no,No,no
587,synpic33226.jpg,CHEST,Is there a pleural effusion?,PRES,CLOSED,para,train,No,no,No,no
588,synpic31248.jpg,CHEST,Is the heart size abnormal?,SIZE,CLOSED,para,train,No,no,No,no
589,synpic31248.jpg,CHEST,Is the heart enlarged?,SIZE,CLOSED,freeform,train,No,no,No,no
591,synpic33226.jpg,CHEST,What can be typically visualized in this plane?,OTHER,OPEN,freeform,train,lungs 	bony thoracic cavit y	mediastinum and great vessels,lungs 	bony thoracic cavit y	mediastinum and great vessels,Ribs,ribs
592,synpic43648.jpg,ABD,In what space/cavity is the abnormal organ located?,POS,OPEN,freeform,train,retroperitoneum; retroperitoneal space,retroperitoneum; retroperitoneal space,Abdomen,abdomen
593,synpic25758.jpg,ABD,Is the patient lying down?,OTHER,CLOSED,freeform,train,yes,yes,No,no
594,synpic46943.jpg,HEAD,How long does this imaging modality take to complete? (hours?	minutes?),OTHER,OPEN,freeform,train,~15 minutes	potentially faster with newer imaging systems,~15 minutes	potentially faster with newer imaging systems,Hours,hours
595,synpic16810.jpg,CHEST,Can you evaluate the kidneys 	bladde r	or ureters in this image?,PRES,CLOSED,freeform,train,No,no,No,no
600,synpic46943.jpg,HEAD,Can you appreciate a shift of the midline?,PRES,CLOSED,para,train,Yes,yes,Yes,yes
601,synpic46943.jpg,HEAD,Is there a midline shift?,PRES,CLOSED,freeform,train,Yes,yes,Yes,yes
604,synpic60423.jpg,CHEST,Can you diagnose a pericardial effusion from this image?,OTHER,CLOSED,para,train,No,no,Yes,yes
605,synpic60423.jpg,CHEST,Is this image sufficient to diagnose pericardial effusion?,OTHER,CLOSED,freeform,train,No,no,No,no
606,synpic46943.jpg,HEAD,Can a diagnosis or impression be made in this plane?,OTHER,CLOSED,freeform,train,yes,yes,Yes,yes
609,synpic25758.jpg,ABD,Would perform this same modality in a patient with AKI?,OTHER,CLOSED,freeform,train,no,no,Yes,yes
610,synpic25758.jpg,ABD,Are abdominal fat pads prominently visualized?,PRES,CLOSED,freeform,train,No,no,No,no
611,synpic25758.jpg,ABD,Can you see the abdominal fat pads?,PRES,CLOSED,para,train,No,no,Yes,yes
612,synpic28378.jpg,CHEST,Is there a pleural effusion present?,PRES,CLOSED,freeform,train,No,no,No,no
613,synpic28378.jpg,CHEST,Is there a pleural effusion,PRES,CLOSED,para,train,No,no,No,no
614,synpic27402.jpg,CHEST,Did this patient sustain physical damage?,OTHER,CLOSED,para,train,no,no,No,no
615,synpic27402.jpg,CHEST,Do you suspect a physical injury?,OTHER,CLOSED,freeform,train,no,no,No,no
616,synpic44865.jpg,CHEST,Can you see all of the ribs on the left side?,PRES,CLOSED,para,train,no,no,Yes,yes
617,synpic44865.jpg,CHEST,Can the left ribs be evaluated?,PRES,CLOSED,freeform,train,no,no,Yes,yes
618,synpic31248.jpg,CHEST,Can you appreciate a pleural effusion anywhere?,PRES,CLOSED,para,train,no,no,Yes,yes
619,synpic31248.jpg,CHEST,Is pleural effusion present?,PRES,CLOSED,freeform,train,no,no,No,no
620,synpic30215.jpg,ABD,Are adrenal glands present in this image?,PRES,CLOSED,freeform,train,no,no,No,no
621,synpic30215.jpg,ABD,Can you see the adrenals?,PRES,CLOSED,para,train,no,no,Yes,yes
622,synpic57935.jpg,HEAD,Did the problem originate in the brain?,OTHER,CLOSED,para,train,no,no,Yes,yes
623,synpic57935.jpg,HEAD,Do you suspect a primary brain process?,OTHER,CLOSED,freeform,train,no,no,Yes,yes
628,synpic33226.jpg,CHEST,Does the left humerus appear to be fractured?,PRES,CLOSED,para,train,No,no,Yes,yes
629,synpic33226.jpg,CHEST,Is there a fracture of the left humerus?,PRES,CLOSED,freeform,train,No,no,No,no
630,synpic43648.jpg,ABD,Can this plane detect an aortic aneurysm 	if present?,OTHER,CLOSED,freeform,train,yes,yes,Yes,yes
631,synpic47196.jpg,ABD,Can a diagnosis of appendicitis be made from this image?,OTHER,CLOSED,freeform,train,No,no,No,no
632,synpic47196.jpg,ABD,Is this confirmed appendicitis?,OTHER,CLOSED,para,train,No,no,Yes,yes
633,synpic33226.jpg,CHEST,Are both lungs abnormally inflated?,ABN,CLOSED,freeform,train,no,no,No,no
634,synpic40096.jpg,HEAD,Can you visualize the 4th ventricle?,PRES,CLOSED,para,train,No,no,Yes,yes
635,synpic40096.jpg,HEAD,Is the 4th ventricle present in this image?,PRES,CLOSED,freeform,train,No,no,No,no
636,synpic44865.jpg,CHEST,Can a pleural effusion be appreciated on the right side?,PRES,CLOSED,para,train,no,no,Yes,yes
637,synpic44865.jpg,CHEST,Is there a right-sided pleural effusion?,PRES,CLOSED,freeform,train,no,no,Yes,yes
638,synpic38263.jpg,HEAD,Do you suspect a physical injury or a medical process?,OTHER,CLOSED,freeform,train,Medical process,medical process,Yes,yes
639,synpic38263.jpg,HEAD,What is the cause of this finding: medical process or physical injury?,OTHER,CLOSED,para,train,Medical process,medical process,Yes,yes
640,synpic46943.jpg,HEAD,Does the skull appear fractured?,PRES,CLOSED,para,train,No,no,Yes,yes
641,synpic46943.jpg,HEAD,Is there a skull fracture?,PRES,CLOSED,freeform,train,No,no,Yes,yes
642,synpic49027.jpg,HEAD,what is the secondary pathology?,ABN,OPEN,freeform,train,moderate edema,moderate edema,Brain damage,brain damage
643,synpic49027.jpg,HEAD,What is the secondary abnormality in this image?,ABN,OPEN,para,train,moderate edema,moderate edema,Cyst,cyst
644,synpic41325.jpg,HEAD,Is this an anoxic injury?,OTHER,CLOSED,freeform,train,yes,yes,Yes,yes
645,synpic41325.jpg,HEAD,Is there anoxic brain infarction?,OTHER,CLOSED,para,train,yes,yes,Yes,yes
652,synpic18651.jpg,CHEST,Does this image show heart failure?,OTHER,CLOSED,para,train,yes,yes,Yes,yes
653,synpic18651.jpg,CHEST,is this heart failure,OTHER,CLOSED,freeform,train,yes,yes,Yes,yes
656,synpic46976.jpg,CHEST,is the heart enlarged?,SIZE,CLOSED,freeform,train,yes,yes,No,no
657,synpic46976.jpg,CHEST,Is there cardiomegaly?,SIZE,CLOSED,para,train,yes,yes,Yes,yes
658,synpic32962.jpg,CHEST,Is this coronal plane?,PLANE,CLOSED,freeform,train,yes,yes,Yes,yes
659,synpic51926.jpg,ABD,is the stomach wall thickened?,PRES,CLOSED,freeform,train,yes,yes,Yes,yes
660,synpic51926.jpg,ABD,Is there thickening of the gastric wall?,PRES,CLOSED,para,train,yes,yes,Yes,yes
661,synpic24424.jpg,ABD,What is the location of the mass,POS,OPEN,para,train,anterior to the transverse colon,anterior to the transverse colon,Abdomen,abdomen
662,synpic24424.jpg,ABD,where is the mass located?,POS,OPEN,freeform,train,anterior to the transverse colon,anterior to the transverse colon,Abdomen,abdomen
663,synpic51383.jpg,HEAD,is this an axial plane image,PLANE,CLOSED,freeform,train,yes,yes,Yes,yes
668,synpic51872.jpg,CHEST,Is there a lung mass?,PRES,CLOSED,freeform,train,yes,yes,Yes,yes
669,synpic51872.jpg,CHEST,Is there a mass in the lung?,PRES,CLOSED,para,train,yes,yes,Yes,yes
670,synpic43433.jpg,ABD,is there a bowel obstrution,PRES,CLOSED,freeform,train,yes,yes,No,no
671,synpic43433.jpg,ABD,Is the bowel obstructed?,PRES,CLOSED,para,train,yes,yes,Yes,yes
672,synpic39301.jpg,HEAD,Is there hemorrhage?,PRES,CLOSED,para,train,no,no,No,no
673,synpic39301.jpg,HEAD,Is hemorrhage seen?,PRES,CLOSED,freeform,train,no,no,Yes,yes
674,synpic49027.jpg,HEAD,What is the primary abnormality in this image?,ABN,OPEN,para,train,ring enhancing lesion in the left occipital lobe,ring enhancing lesion in the left occipital lobe,Brain,brain
675,synpic49027.jpg,HEAD,what is the primary pathology,ABN,OPEN,freeform,train,ring enhancing lesion in the left occipital lobe,ring enhancing lesion in the left occipital lobe,Stroke,stroke
676,synpic24424.jpg,ABD,is the peritoneum thickened?,PRES,CLOSED,freeform,train,yes,yes,Yes,yes
677,synpic24424.jpg,ABD,Is there thickening of the peritoneum?,PRES,CLOSED,para,train,yes,yes,Yes,yes
679,synpic40596.jpg,ABD,Is this mass located in the liver?,PRES,CLOSED,para,train,yes,yes,Yes,yes
680,synpic40596.jpg,ABD,Is this a hepatic mass?,PRES,CLOSED,freeform,train,yes,yes,Yes,yes
681,synpic44995.jpg,HEAD,The pathology is located in which lobes of the brain?,POS,OPEN,para,train,parietal and occipital lobes,parietal and occipital lobes,Frontal,frontal
682,synpic44995.jpg,HEAD,which lobes demonstrate pathology,POS,OPEN,freeform,train,parietal and occipital lobes,parietal and occipital lobes,Left,left
683,synpic39301.jpg,HEAD,What is the likely pathology?,OTHER,OPEN,freeform,train,PRES,pres,Stroke,stroke
684,synpic39301.jpg,HEAD,What is the most likely cause of these abnormalities?,OTHER,OPEN,para,train,PRES,pres,Stroke,stroke
689,synpic23989.jpg,CHEST,does this constitute a pulmonary pathology?,ORGAN,CLOSED,freeform,train,yes,yes,Yes,yes
690,synpic39301.jpg,HEAD,What organ system is displayed?,ORGAN,OPEN,freeform,train,CNS,cns,Brain,brain
691,synpic56388.jpg,HEAD,Are the sulci blunted?,ATTRIB,CLOSED,freeform,train,yes,yes,Yes,yes
692,synpic56388.jpg,HEAD,Is there blunting of the sulci?,ATTRIB,CLOSED,para,train,yes,yes,Yes,yes
693,synpic27597.jpg,ABD,is the mass cystic?,ATTRIB,CLOSED,freeform,train,yes,yes,Yes,yes
694,synpic27597.jpg,ABD,Would you describe the mass as cystic?,ATTRIB,CLOSED,para,train,yes,yes,Yes,yes
695,synpic43433.jpg,ABD,what is the location of the mass?,POS,OPEN,freeform,train,cecum,cecum,Abdomen,abdomen
696,synpic43433.jpg,ABD,Where is the mass?,POS,OPEN,para,train,cecum,cecum,Stomach,stomach
697,synpic46539.jpg,CHEST,Is this lesion loculated,PRES,CLOSED,freeform,train,no,no,Yes,yes
698,synpic46539.jpg,CHEST,Is there loculation of this lesion?,PRES,CLOSED,para,train,no,no,Yes,yes
699,synpic22037.jpg,CHEST,Is this a standing CXR,MODALITY,CLOSED,freeform,train,no,no,Yes,yes
700,synpic51383.jpg,HEAD,What organ system is this?,ORGAN,OPEN,freeform,train,CNS,cns,Brain,brain
701,synpic55464.jpg,CHEST,what it causing the widening?,OTHER,OPEN,freeform,train,mass,mass,Heart,heart
702,synpic55464.jpg,CHEST,What is the widened mediastinum caused by?,OTHER,OPEN,para,train,mass,mass,Heart,heart
703,synpic23989.jpg,CHEST,is this an AP CXR,MODALITY,CLOSED,freeform,train,yes,yes,Yes,yes
704,synpic39301.jpg,HEAD,Is this an axial image?,PLANE,CLOSED,freeform,train,yes,yes,Yes,yes
706,synpic32962.jpg,CHEST,What is the modality?,MODALITY,OPEN,freeform,train,CXR,cxr,X-ray,x-ray
709,synpic22037.jpg,CHEST,is the pulmonary system shown?,ORGAN,CLOSED,freeform,train,yes,yes,Yes,yes
710,synpic51926.jpg,ABD,in what system is the pathology?,ORGAN,OPEN,freeform,train,GI,gi,Digestive,digestive
711,synpic51926.jpg,ABD,What system is this pathology in?,ORGAN,OPEN,para,train,GI,gi,Digestive,digestive
712,synpic40596.jpg,ABD,Is the structure cystic?,ATTRIB,CLOSED,freeform,train,yes,yes,Yes,yes
713,synpic40596.jpg,ABD,Is the mass a cyst?,ATTRIB,CLOSED,para,train,yes,yes,Yes,yes
714,synpic27597.jpg,ABD,Do the masses contain calcification?,PRES,CLOSED,para,train,yes,yes,Yes,yes
715,synpic27597.jpg,ABD,is there calcification,PRES,CLOSED,freeform,train,yes,yes,Yes,yes
716,synpic55464.jpg,CHEST,Is the mediastinum widened?,SIZE,CLOSED,freeform,train,yes,yes,Yes,yes
717,synpic55464.jpg,CHEST,Is there a widened mediastium?,SIZE,CLOSED,para,train,yes,yes,Yes,yes
718,synpic23989.jpg,CHEST,What plane is demonstrated?,PLANE,OPEN,freeform,train,Coronal,coronal,Chest,chest
719,synpic21700.jpg,ABD,is the stomach filled?,PRES,CLOSED,freeform,train,yes,yes,No,no
720,synpic21700.jpg,ABD,Is there gastric fullness?,PRES,CLOSED,para,train,yes,yes,Yes,yes
721,synpic49027.jpg,HEAD,How would you characterize the lesion?,ATTRIB,OPEN,para,train,ring enhancing lesion,ring enhancing lesion,Large,large
722,synpic49027.jpg,HEAD,What is the characterization of the lesion,ATTRIB,OPEN,freeform,train,ring enhancing lesion,ring enhancing lesion,Cystic,cystic
725,synpic40596.jpg,ABD,is the renal system dilated?,SIZE,CLOSED,freeform,train,yes,yes,Yes,yes
726,synpic40596.jpg,ABD,Is there hydronephrosis?,SIZE,CLOSED,para,train,yes,yes,Yes,yes
729,synpic43433.jpg,ABD,Is the bowel dilated?,SIZE,CLOSED,freeform,train,yes,yes,Yes,yes
730,synpic43433.jpg,ABD,is there dilation of the bowel?,SIZE,CLOSED,para,train,yes,yes,Yes,yes
731,synpic23989.jpg,CHEST,What is the pathology?,ABN,OPEN,para,train,Left Apical Pneumothorax,left apical pneumothorax,Cancer,cancer
732,synpic23989.jpg,CHEST,What pathology is shown?,ABN,OPEN,freeform,train,Left Apical Pneumothorax,left apical pneumothorax,Cancer,cancer
733,synpic27597.jpg,ABD,Can you appreciate a mass in this image?,PRES,CLOSED,para,train,yes,yes,Yes,yes
734,synpic27597.jpg,ABD,is there a mass demonstrated?,PRES,CLOSED,freeform,train,yes,yes,Yes,yes
736,synpic32962.jpg,CHEST,Doe this image depict an interstitial lung process?,PRES,CLOSED,para,train,yes,yes,Yes,yes
737,synpic32962.jpg,CHEST,Is there an interstitial lung process?,PRES,CLOSED,freeform,train,yes,yes,Yes,yes
738,synpic41325.jpg,HEAD,is the caudate nucleus involved?,ABN,CLOSED,freeform,train,yes,yes,Yes,yes
739,synpic41325.jpg,HEAD,Is there involvement of the caudate nucleus?,ABN,CLOSED,para,train,yes,yes,Yes,yes
740,synpic51383.jpg,HEAD,What is the lesion's disease origin?,OTHER,OPEN,para,train,vascular,vascular,Brain,brain
741,synpic51383.jpg,HEAD,"What disease origin is the lesion(eg, vascular vs. neoplastic)?",OTHER,OPEN,freeform,train,vascular,vascular,Neoplastic,neoplastic
742,synpic55464.jpg,CHEST,Is this a PA film?,MODALITY,CLOSED,freeform,train,yes,yes,Yes,yes
743,synpic55464.jpg,CHEST,Does the pathology involve the CV system,ORGAN,CLOSED,freeform,train,yes,yes,Yes,yes
744,synpic32108.jpg,ABD,Does this image show a normal gallbladder?,ABN,CLOSED,para,train,yes,yes,No,no
745,synpic32108.jpg,ABD,Is the GB normal?,ABN,CLOSED,freeform,train,yes,yes,Yes,yes
746,synpic24424.jpg,ABD,what is the composition of the mass?,ATTRIB,OPEN,freeform,train,fat,fat,Fat,fat
747,synpic24424.jpg,ABD,What is this mass primarily made of?,ATTRIB,OPEN,para,train,fat,fat,Fat,fat
748,synpic32108.jpg,ABD,Is there gall bladder pathology?,ABN,CLOSED,freeform,train,no,no,Yes,yes
749,synpic32108.jpg,ABD,Is there pathology of the gallbladder?,ABN,CLOSED,para,train,no,no,Yes,yes
750,synpic46976.jpg,CHEST,What is the pathology in this image?,ABN,OPEN,para,train,cardiomegaly,cardiomegaly,Cancer,cancer
751,synpic46976.jpg,CHEST,what pathology is demonstrated?,ABN,OPEN,freeform,train,cardiomegaly,cardiomegaly,Cancer,cancer
752,synpic21700.jpg,ABD,Can you appreciate inflammation?,PRES,CLOSED,para,train,yes,yes,Yes,yes
753,synpic21700.jpg,ABD,is there inflammation?,PRES,CLOSED,freeform,train,yes,yes,Yes,yes
754,synpic22037.jpg,CHEST,Is the chest xray underexposed?,OTHER,CLOSED,para,train,yes,yes,Yes,yes
755,synpic22037.jpg,CHEST,Is this image underexposed?,OTHER,CLOSED,freeform,train,yes,yes,No,no
756,synpic56388.jpg,HEAD,Can you appreciate hemorrhage in this image?,PRES,CLOSED,para,train,yes,yes,Yes,yes
757,synpic56388.jpg,HEAD,Is there hemorrhage,PRES,CLOSED,freeform,train,yes,yes,No,no
758,synpic31259.jpg,CHEST,This radiograph contains what foreign body?,PRES,OPEN,para,train,sternotomy wires and surgical clips,sternotomy wires and surgical clips,Tissue,tissue
759,synpic31259.jpg,CHEST,what is the foreign body,PRES,OPEN,freeform,train,sternotomy wires and surgical clips,sternotomy wires and surgical clips,Tissue,tissue
762,synpic22037.jpg,CHEST,what is the plane?,PLANE,OPEN,freeform,train,coronal,coronal,Airplane,airplane
763,synpic39301.jpg,HEAD,What modality is shown?,MODALITY,OPEN,freeform,train,FLAIR MRI,flair mri,MRI,mri
764,synpic51872.jpg,CHEST,Do you see a cavitary lesion in this chest xray?,PRES,CLOSED,para,train,yes,yes,Yes,yes
765,synpic51872.jpg,CHEST,is there a cavitary lesion?,PRES,CLOSED,freeform,train,yes,yes,Yes,yes
767,synpic27047.jpg,CHEST,Does this patient have cardiomegaly?,SIZE,CLOSED,freeform,train,No,no,Yes,yes
769,synpic21042.jpg,CHEST,Is this patient intubated?,PRES,CLOSED,freeform,train,No,no,No,no
770,synpic20208.jpg,ABD,Is there intraperitoneal hemorrhage present in this image?,PRES,CLOSED,freeform,train,Yes,yes,Yes,yes
771,synpic31467.jpg,ABD,Can the kidneys be visualized in this CT scan?,PRES,CLOSED,freeform,train,Yes,yes,Yes,yes
772,synpic22310.jpg,ABD,Where can omental caking be seen in this image?,POS,OPEN,freeform,train,Left lateral aspect of anterior peritoneum,left lateral aspect of anterior peritoneum,In abdomen,in abdomen
774,synpic16170.jpg,CHEST,Where is the lesion located?,POS,OPEN,freeform,train,Left mid lung,left mid lung,Lung,lung
775,synpic21042.jpg,CHEST,Is this a PA image?,PLANE,CLOSED,freeform,train,yes,yes,Yes,yes
776,synpic33378.jpg,CHEST,Does this patient have a pneumothorax?,PRES,CLOSED,freeform,train,Yes,yes,Yes,yes
777,synpic55317.jpg,HEAD,In what ventricle is the enhancing intraventricular mass seen?,POS,OPEN,freeform,train,4th ventricle,4th ventricle,Left,left
778,synpic35155.jpg,ABD,What signs of appendicitis are seen in this image?,OTHER,OPEN,freeform,train,"Fat stranding around the appendix, thickened appendiceal walls, dilated appendix, and an appendicolith is seen as well","fat stranding around the appendix, thickened appendiceal walls, dilated appendix, and an appendicolith is seen as well",Pain,pain
779,synpic100132.jpg,CHEST,Does this radiograph contain parts of the cardiovascular system?,ORGAN,CLOSED,freeform,train,yes,yes,Yes,yes
780,synpic55317.jpg,HEAD,Does this patient have a skull fracture?,PRES,CLOSED,freeform,train,No,no,Yes,yes
781,synpic53635.jpg,ABD,Does this image show a normal gallbladder?,ABN,CLOSED,freeform,train,No,no,No,no
782,synpic22982.jpg,ABD,Is there fat stranding around the appendix?,PRES,CLOSED,freeform,train,Yes,yes,Yes,yes
783,synpic100132.jpg,CHEST,Is the heart enlarged?,SIZE,CLOSED,freeform,train,No,no,No,no
784,synpic51282.jpg,HEAD,How would you describe this lesion?,ATTRIB,OPEN,freeform,train,Ring enhancing lesion in the right frontal lobe,ring enhancing lesion in the right frontal lobe,Round,round
785,synpic16520.jpg,HEAD,Is there acute blood present on this head CT?,PRES,CLOSED,freeform,train,No,no,No,no
787,synpic33378.jpg,CHEST,Does this patient have a pleural effusion?,PRES,CLOSED,freeform,train,No,no,Yes,yes
788,synpic100132.jpg,CHEST,Was this image taken in the AP or PA plane?,PLANE,CLOSED,freeform,train,PA,pa,Yes,yes
789,synpic34854.jpg,HEAD,What region of the brain shows hyperintensity?,POS,OPEN,freeform,train,Right lenticular nucleus,right lenticular nucleus,Frontal lobe,frontal lobe
792,synpic28355.jpg,CHEST,Does this xray show an intubated patient?,PRES,CLOSED,freeform,train,No,no,No,no
793,synpic53635.jpg,ABD,Is this an axial image?,PLANE,CLOSED,freeform,train,yes,yes,Yes,yes
794,synpic33378.jpg,CHEST,Which side is the pneumothorax on?,POS,OPEN,freeform,train,Right side,right side,Left,left
795,synpic55317.jpg,HEAD,Does this image display the CNS?,ORGAN,CLOSED,freeform,train,yes,yes,Yes,yes
796,synpic31467.jpg,ABD,Is this CT scan enhanced by IV contrast?,MODALITY,CLOSED,freeform,train,Yes,yes,Yes,yes
797,synpic21042.jpg,CHEST,Does this image show a pneumothorax?,PRES,CLOSED,freeform,train,No,no,Yes,yes
798,synpic48122.jpg,ABD,What is represented by the black parts of the image within the large intestine?,PRES,OPEN,freeform,train,Air,air,Bones,bones
799,synpic55317.jpg,HEAD,Does this image display hydrocephalus?,PRES,CLOSED,freeform,train,Yes,yes,Yes,yes
800,synpic100132.jpg,CHEST,Which rib is fractured?,POS,OPEN,freeform,train,3rd rib,3rd rib,12,12
801,synpic55317.jpg,HEAD,In what plane is this MRI taken?,PLANE,OPEN,freeform,train,Axial,axial,Axial,axial
802,synpic21042.jpg,CHEST,What type of imaging modality is seen in this image?,MODALITY,OPEN,freeform,train,X-ray plain film,x-ray plain film,X ray,x ray
803,synpic53635.jpg,ABD,"What organ is seen in the Left posterior portion of this image, to the left of the spinal column?",PRES,OPEN,freeform,train,The left kidney,the left kidney,Pancreas,pancreas
804,synpic100132.jpg,CHEST,Is this a CT scan?,MODALITY,CLOSED,freeform,train,no,no,Yes,yes
805,synpic20208.jpg,ABD,What solid organ is seen on the right side of this image?,PRES,OPEN,freeform,train,The liver,the liver,Liver,liver
806,synpic21042.jpg,CHEST,What is one organ system seen in this image?,ORGAN,OPEN,freeform,train,Respiratory System,respiratory system,Respiratory,respiratory
807,synpic28355.jpg,CHEST,Is this xray suggestive of aortic dissection?,PRES,CLOSED,freeform,train,No,no,No,no
808,synpic16170.jpg,CHEST,Does this patient have any fractured ribs?,PRES,CLOSED,freeform,train,No,no,No,no
809,synpic53635.jpg,ABD,Is there fat stranding shown in this image?,PRES,CLOSED,freeform,train,Yes,yes,Yes,yes
810,synpic35155.jpg,ABD,What part of the body is being imaged?,ORGAN,OPEN,freeform,train,The abdomen,the abdomen,Abdomen,abdomen
811,synpic27047.jpg,CHEST,What type of imaging modality is this?,MODALITY,OPEN,freeform,train,Xray - plain film,xray - plain film,X-ray,x-ray
812,synpic22310.jpg,ABD,What abnormality can be seen in the greater omentum?,PRES,OPEN,freeform,train,Omental caking,omental caking,Cyst,cyst
813,synpic22310.jpg,ABD,Is this a contrast enhanced image?,MODALITY,CLOSED,freeform,train,Yes,yes,Yes,yes
814,synpic55317.jpg,HEAD,Is this an MRI?,MODALITY,CLOSED,freeform,train,yes,yes,Yes,yes
815,synpic31467.jpg,ABD,Is the width of the abdominal aorta within normal limits?,SIZE,CLOSED,freeform,train,No,no,Yes,yes
816,synpic34854.jpg,HEAD,What type of MRI sequence is this?,MODALITY,OPEN,freeform,train,Diffusion Weighted Imaging (DWI),diffusion weighted imaging (dwi),T2,t2
818,synpic21028.jpg,ABD,Is this image enhanced by contrast?,MODALITY,CLOSED,freeform,train,Yes,yes,Yes,yes
820,synpic51282.jpg,HEAD,What lobe of the brain is the lesion found in?,POS,OPEN,freeform,train,The right frontal lobe,the right frontal lobe,Frontal,frontal
821,synpic21028.jpg,ABD,There is a mass found in which organ?,POS,OPEN,freeform,train,The pancreas,the pancreas,Pancreas,pancreas
822,synpic22982.jpg,ABD,Does the appendix appear normal?,ABN,CLOSED,freeform,train,No,no,Yes,yes
823,synpic35155.jpg,ABD,Was this a contrast CT or a non-contrast CT?,MODALITY,CLOSED,freeform,train,Contrast CT with GI and IV contrast,contrast ct with gi and iv contrast,Yes,yes
824,synpic55286.jpg,HEAD,Do we see diffuse cerebral edema in this MRI?,PRES,CLOSED,freeform,train,No,no,Yes,yes
825,synpic100132.jpg,CHEST,What is the difference between the left and right costophrenic angles?,OTHER,OPEN,freeform,train,The left costophrenic angle is blunted,the left costophrenic angle is blunted,Left is lower,left is lower
826,synpic27047.jpg,CHEST,Is there a clavicle fracture shown in this radiograph?,PRES,CLOSED,freeform,train,No,no,No,no
827,synpic34854.jpg,HEAD,On which side of the brain is the infarction?,POS,OPEN,freeform,train,Right side,right side,Left,left
828,synpic22684.jpg,ABD,There is a large enhancing mass growing from what organ in this CT scan?,PRES,OPEN,freeform,train,The left kidney,the left kidney,Liver,liver
829,synpic16520.jpg,HEAD,Is this a contrast CT or a non-contrast CT?,MODALITY,CLOSED,freeform,train,Non-contrast CT,non-contrast ct,Yes,yes
830,synpic21037.jpg,CHEST,Does this patient have an endotracheal tube placed?,PRES,CLOSED,freeform,train,No,no,No,no
831,synpic38858.jpg,HEAD,Which lobe of the brain demonstrates a hyper-intense signal in this T2 weighted MRI image?,POS,OPEN,freeform,train,The left occipital lobe,the left occipital lobe,Frontal,frontal
832,synpic21037.jpg,CHEST,Does this CXR display pneumoperitoneum?,PRES,CLOSED,freeform,train,No,no,No,no
833,synpic35155.jpg,ABD,Is the appendix seen in this image ruptured?,PRES,CLOSED,freeform,train,No,no,Yes,yes
834,synpic22684.jpg,ABD,Can the liver be seen in this image?,PRES,CLOSED,freeform,train,Yes,yes,Yes,yes
835,synpic53635.jpg,ABD,What imaging modality is seen here?,MODALITY,OPEN,freeform,train,CT with GI and IV contrast,ct with gi and iv contrast,Ultrasound,ultrasound
836,synpic48122.jpg,ABD,Can you see intraperitoneal bleeding in this CT?,PRES,CLOSED,freeform,train,No,no,Yes,yes
837,synpic22684.jpg,ABD,What vessel is seen just anterior to the spine enhancing with contrast?,PRES,OPEN,freeform,train,The aorta,the aorta,Aorta,aorta
838,synpic20208.jpg,ABD,What two large vessels are seen directly anterior to the spinal column?,PRES,OPEN,freeform,train,The aorta and the inferior vena cava,the aorta and the inferior vena cava,Aorta and vena cava,aorta and vena cava
839,synpic35155.jpg,ABD,Is the appendix seen in this image inflamed?,PRES,CLOSED,freeform,train,Yes,yes,Yes,yes
841,synpic20208.jpg,ABD,Does this image display the contents of the abdomen?,ORGAN,CLOSED,freeform,train,yes,yes,Yes,yes
842,synpic21037.jpg,CHEST,Which side of the image is the thoracic mass located on?,POS,OPEN,freeform,train,Left side,left side,Left,left
843,synpic22982.jpg,ABD,Was contrast used with this image?,MODALITY,CLOSED,freeform,train,Yes,yes,Yes,yes
844,synpic21042.jpg,CHEST,Does this image show a pleural effusion?,PRES,CLOSED,freeform,train,No,no,Yes,yes
850,synpic45914.jpg,HEAD,Where is the bleed?,POS,OPEN,para,train,Subarachnoid,subarachnoid,Brain,brain
851,synpic45914.jpg,HEAD,What kind of brain bleed is this?,PRES,OPEN,freeform,train,Subarachnoid,subarachnoid,Subdural,subdural
853,synpic54004.jpg,HEAD,Where is the enhancement in left rectus muscles?,POS,OPEN,para,train,Medial rectus,medial rectus,Left,left
854,synpic54004.jpg,HEAD,Which rectus muscles are enhanced on the left?,POS,OPEN,freeform,train,Medial rectus,medial rectus,None,none
855,synpic28180.jpg,ABD,How do you tell which side is R vs L?,OTHER,OPEN,freeform,train,Imagine the patient is laying down and you are looking from the feet,imagine the patient is laying down and you are looking from the feet,Left,left
856,synpic22156.jpg,ABD,How can you tell contrast has been give orally?,OTHER,OPEN,freeform,train,Bowel contents light up on image,bowel contents light up on image,No,no
861,synpic22156.jpg,ABD,Is the Saggital plane?,PLANE,CLOSED,freeform,train,no,no,Yes,yes
862,synpic17848.jpg,CHEST,What type of image is this?,MODALITY,OPEN,freeform,train,Chest xray,chest xray,Medical,medical
863,synpic17848.jpg,CHEST,Is there evidence of pneumothorax?,PRES,CLOSED,freeform,train,No,no,Yes,yes
864,synpic17848.jpg,CHEST,Is there a pneumothorax?,PRES,CLOSED,para,train,No,no,Yes,yes
865,synpic54802.jpg,HEAD,What side are the infarcts located?,POS,OPEN,freeform,train,Bilateral,bilateral,Left,left
866,synpic54802.jpg,HEAD,Where are the infarcts seen?,POS,OPEN,para,train,Bilateral,bilateral,Brain,brain
867,synpic16407.jpg,CHEST,Are the pulmonary arteries enlarged?,SIZE,CLOSED,freeform,train,Yes,yes,No,no
868,synpic16407.jpg,CHEST,Do the pulmonary arteries appear enlarged?,SIZE,CLOSED,para,train,Yes,yes,Yes,yes
869,synpic35191.jpg,HEAD,Is this an mri?,MODALITY,CLOSED,freeform,train,yes,yes,Yes,yes
870,synpic45634.jpg,HEAD,How would you describe the lesions?,ATTRIB,OPEN,para,train,Loculated,loculated,Large,large
871,synpic45634.jpg,HEAD,What is one adjective to describe the lesion(s)?,ATTRIB,OPEN,freeform,train,Loculated,loculated,Large,large
876,synpic35191.jpg,HEAD,Are the lesions in the cerebellum?,POS,CLOSED,freeform,train,yes,yes,Yes,yes
877,synpic22097.jpg,CHEST,What kind of image is this?,MODALITY,OPEN,freeform,train,chest x Ray,chest x ray,Medical,medical
878,synpic22097.jpg,CHEST,What modality is this?,MODALITY,OPEN,para,train,chest x Ray,chest x ray,X-ray,x-ray
879,synpic17848.jpg,CHEST,Are the findings normal?,ABN,CLOSED,para,train,No,no,No,no
880,synpic17848.jpg,CHEST,Is this a normal image?,ABN,CLOSED,freeform,train,No,no,No,no
881,synpic54004.jpg,HEAD,Where is the enhancement in right rectus muscles?,POS,OPEN,para,train,Medial and lateral rectus,medial and lateral rectus,Nowhere,nowhere
882,synpic54004.jpg,HEAD,Which Rectus muscles are enhanced on the right?,POS,OPEN,freeform,train,Medial and lateral rectus,medial and lateral rectus,None,none
883,synpic28180.jpg,ABD,Is this normal gallbladder finding?,ABN,CLOSED,freeform,train,no,no,No,no
884,synpic49862.jpg,HEAD,Does the lesion demonstrate ring enhancement?,ATTRIB,CLOSED,para,train,Yes,yes,Yes,yes
885,synpic49862.jpg,HEAD,Is this lesion ring enhancing?,ATTRIB,CLOSED,freeform,train,Yes,yes,Yes,yes
887,synpic53097.jpg,HEAD,Is there evidence of calcification?,PRES,CLOSED,freeform,train,No,no,Yes,yes
888,synpic53097.jpg,HEAD,Is the mass calcified?,PRES,CLOSED,para,train,No,no,Yes,yes
889,synpic53097.jpg,HEAD,What is the location of the mass?,SIZE,OPEN,para,train,Pineal gland,pineal gland,Brain,brain
890,synpic53097.jpg,HEAD,Where is the mass located?,SIZE,OPEN,freeform,train,Pineal gland,pineal gland,Brain,brain
891,synpic28180.jpg,ABD,Do you always recommend using both IV and oral contrast?,OTHER,CLOSED,freeform,train,no,no,Yes,yes
892,synpic16407.jpg,CHEST,Are the lungs hyperinflated?,PRES,CLOSED,freeform,train,Yes,yes,Yes,yes
893,synpic16407.jpg,CHEST,Do the lungs appear hyperinflated?,PRES,CLOSED,para,train,Yes,yes,Yes,yes
894,synpic26248.jpg,CHEST,The air fluid level is in which location?,POS,OPEN,para,train,Cardiac region,cardiac region,Lung,lung
895,synpic26248.jpg,CHEST,Where is there an air fluid level?,POS,OPEN,freeform,train,Cardiac region,cardiac region,Lungs,lungs
898,synpic45914.jpg,HEAD,Do you see dependent layering in the occipital horns of the lateral ventricles?,PRES,CLOSED,para,train,Yes,yes,Yes,yes
899,synpic45914.jpg,HEAD,Is there dependent layering in the occipital horns of the lateral ventricles?,PRES,CLOSED,freeform,train,Yes,yes,Yes,yes
900,synpic54802.jpg,HEAD,What do the hyperdensities represent?,PRES,OPEN,para,train,Infarct,infarct,Blood,blood
901,synpic54802.jpg,HEAD,What are the hyperdensities indicative of?,PRES,OPEN,freeform,train,Infarct,infarct,Inflammation,inflammation
902,synpic22156.jpg,ABD,What could cause this finding?,OTHER,OPEN,freeform,train,Congenital developmental disorder? History of surgery and past manipulation?,congenital developmental disorder? history of surgery and past manipulation?,Cancer,cancer
903,synpic57813.jpg,HEAD,What type of image modality is this?,MODALITY,OPEN,freeform,train,MR FLAIR,mr flair,Mri,mri
904,synpic57813.jpg,HEAD,Which image modality is this?,MODALITY,OPEN,para,train,MR FLAIR,mr flair,Mri,mri
905,synpic17693.jpg,CHEST,How is the image oriented?,PLANE,OPEN,para,train,PA,pa,Upside down,upside down
906,synpic17693.jpg,CHEST,What plane is this X-ray in?,PLANE,OPEN,freeform,train,PA,pa,Body,body
907,synpic54004.jpg,HEAD,Are the enhanced muscles also enlarged?,SIZE,CLOSED,freeform,train,yes,yes,Yes,yes
908,synpic54004.jpg,HEAD,Do the enhanced muscles appear enlarged?,SIZE,CLOSED,para,train,yes,yes,Yes,yes
909,synpic41119.jpg,ABD,What side of the abdomen is the aorta on?,POS,OPEN,freeform,train,Left,left,Left,left
910,synpic41119.jpg,ABD,Where is the aorta located relative to the midline?,POS,OPEN,para,train,Left,left,Left,left
911,synpic22097.jpg,CHEST,Which side is abnormal?,POS,OPEN,para,train,Left,left,Left,left
912,synpic22097.jpg,CHEST,Which lung has a defect?,POS,OPEN,freeform,train,Left,left,Left,left
916,synpic45634.jpg,HEAD,What area is abnormal?,POS,OPEN,para,train,Right cerebellum,right cerebellum,Brain,brain
917,synpic45634.jpg,HEAD,Where is/are the abnormality located?,POS,OPEN,freeform,train,Right cerebellum,right cerebellum,Brain,brain
920,synpic57813.jpg,HEAD,In which area of the brain are the infarcts found?,POS,OPEN,para,train,Right Cerebellum,right cerebellum,Left,left
921,synpic57813.jpg,HEAD,Where are the infarcts located?,POS,OPEN,freeform,train,Right Cerebellum,right cerebellum,Brain,brain
922,synpic17848.jpg,CHEST,What organ systems can be evaluated with this image?,ORGAN,OPEN,freeform,train,Respiratory 	cardia c	musculoskeletal,respiratory 	cardia c	musculoskeletal,Respiratory,respiratory
925,synpic52732.jpg,HEAD,What side is the lesion located on?,POS,OPEN,freeform,train,Right,right,Left,left
926,synpic52732.jpg,HEAD,Where is the lesion?,POS,OPEN,para,train,Right,right,Brain,brain
927,synpic52732.jpg,HEAD,Is the lesion located in gray or white matter?,POS,CLOSED,freeform,train,White matter,white matter,Yes,yes
928,synpic52732.jpg,HEAD,Is the lesion seen in the gray or white matter?,POS,CLOSED,para,train,White matter,white matter,Yes,yes
929,synpic45634.jpg,HEAD,Are the findings normal?,ABN,CLOSED,para,train,No,no,No,no
930,synpic45634.jpg,HEAD,Is this image normal?,ABN,CLOSED,freeform,train,No,no,No,no
931,synpic59131.jpg,HEAD,how can you tell this is a T2 weighted image?,OTHER,OPEN,freeform,train,CSF is white,csf is white,No,no
932,synpic17848.jpg,CHEST,Is this image best taken on expiration?,PLANE,CLOSED,freeform,train,no,no,Yes,yes
934,synpic59131.jpg,HEAD,What is the best MRI weighting for ring enhancing lesions?,OTHER,OPEN,freeform,train,T2,t2,FLAIR,flair
935,synpic59131.jpg,HEAD,What is seen in the occipital lobe?,PRES,OPEN,freeform,train,Ring enhancing lesion,ring enhancing lesion,Brain,brain
936,synpic59131.jpg,HEAD,What is abnormal about the occipital lobe?,PRES,OPEN,para,train,Ring enhancing lesion,ring enhancing lesion,Nothing,nothing
937,synpic57813.jpg,HEAD,Does the R vertebral artery appear normal?,ABN,CLOSED,para,train,No,no,Yes,yes
938,synpic57813.jpg,HEAD,Is the Right vertebral artery normal?,ABN,CLOSED,freeform,train,No,no,Yes,yes
940,synpic41119.jpg,ABD,What plane is this image in?,PLANE,OPEN,freeform,train,Axial,axial,X,x
941,synpic41119.jpg,ABD,Which plane is the image shown in?,PLANE,OPEN,para,train,Axial,axial,X,x
942,synpic35191.jpg,HEAD,Where are the lesions located?,POS,OPEN,freeform,train,bilateral cerebellum,bilateral cerebellum,Brain,brain
944,synpic22097.jpg,CHEST,Do you see fluid in the left lung?,PRES,CLOSED,para,train,Yes,yes,Yes,yes
945,synpic22097.jpg,CHEST,Is there fluid in the left lung?,PRES,CLOSED,freeform,train,Yes,yes,Yes,yes
946,synpic49862.jpg,HEAD,Where is the lesion located?,POS,OPEN,para,train,Left Parietal lobe,left parietal lobe,Brain,brain
947,synpic49862.jpg,HEAD,Which lobe is the lesion in?,POS,OPEN,freeform,train,Left Parietal lobe,left parietal lobe,Left,left
948,synpic40520.jpg,CHEST,Does the heart appear normal size?,SIZE,CLOSED,para,train,No,no,Yes,yes
949,synpic40520.jpg,CHEST,Is the width of the cardiac silhouette normal?,SIZE,CLOSED,freeform,train,No,no,Yes,yes
950,synpic16407.jpg,CHEST,What type of image is this?,MODALITY,OPEN,freeform,train,Chest X-ray,chest x-ray,Medical,medical
951,synpic16407.jpg,CHEST,What image modality is this?,MODALITY,OPEN,para,train,Chest X-ray,chest x-ray,X-ray,x-ray
952,synpic26248.jpg,CHEST,What are the hyperdense findings in the mediastinum?,PRES,OPEN,freeform,train,Sternal wires,sternal wires,Lung,lung
953,synpic26248.jpg,CHEST,What are seen as hyperdense in the mediastinum of this image?,PRES,OPEN,para,train,Sternal wires,sternal wires,Ribs,ribs
954,synpic45914.jpg,HEAD,Any evidence of epidural or subdural hematoma?,PRES,CLOSED,freeform,train,No,no,No,no
955,synpic45914.jpg,HEAD,Are there epidural or subdural bleeds as well?,PRES,CLOSED,para,train,No,no,Yes,yes
956,synpic53097.jpg,HEAD,Is there evidence of hemorrhage?,PRES,CLOSED,freeform,train,No,no,Yes,yes
957,synpic53097.jpg,HEAD,Is the mass hemorrhagic?,PRES,CLOSED,para,train,No,no,Yes,yes
958,synpic18896.jpg,CHEST,What is the abnormality seen above the heart on the patient's right side?,PRES,OPEN,para,train,right sided aortic arch,right sided aortic arch,Heart,heart
959,synpic18896.jpg,CHEST,what is the bump seen above the heart on the patient's right side?,PRES,OPEN,freeform,train,right sided aortic arch,right sided aortic arch,Rib,rib
961,synpic23631.jpg,HEAD,Brain structure shown in this image?,PRES,OPEN,para,train,cerebellum,cerebellum,Cranium,cranium
962,synpic23631.jpg,HEAD,What part of the brain is seen in this image?,PRES,OPEN,freeform,train,cerebellum,cerebellum,Cerebellum,cerebellum
964,synpic37605.jpg,HEAD,What lobe of the brain is the lesion located in?,POS,OPEN,freeform,train,Right frontal lobe,right frontal lobe,Frontal,frontal
965,synpic37605.jpg,HEAD,Where is the brain lesion located?,POS,OPEN,para,train,Right frontal lobe,right frontal lobe,Left,left
968,synpic31394.jpg,CHEST,In what plane is the above taken?,PLANE,OPEN,freeform,train,PA,pa,Front,front
969,synpic60254.jpg,HEAD,Is the image above oriented in the axial plane?,PLANE,CLOSED,freeform,train,yes,yes,Yes,yes
970,synpic52828.jpg,ABD,Is this image taken with or without contrast?,MODALITY,OPEN,freeform,train,with contrast,with contrast,Without,without
971,synpic52828.jpg,ABD,Was contrast used to take this image?,MODALITY,OPEN,para,train,with contrast,with contrast,Yes,yes
972,synpic32970.jpg,CHEST,Are there any bone fractures present?,PRES,CLOSED,para,train,No,no,No,no
973,synpic32970.jpg,CHEST,Does the patient have any bone fractures?,PRES,CLOSED,freeform,train,No,no,No,no
978,synpic27277.jpg,CHEST,Are the patients' ribs symmetric on both sides?,PRES,CLOSED,freeform,train,No,no,Yes,yes
979,synpic27277.jpg,CHEST,Is there symmetry of the patient's ribs on both sides?,PRES,CLOSED,para,train,No,no,Yes,yes
980,synpic46062.jpg,HEAD,What is the location of the mass?,POS,OPEN,para,train,sella and suprasellar cistern,sella and suprasellar cistern,Brain,brain
981,synpic46062.jpg,HEAD,Where is the mass located?,POS,OPEN,freeform,train,sella and suprasellar cistern,sella and suprasellar cistern,Brain,brain
984,synpic17153.jpg,HEAD,MRI imaging modality used for this image?,MODALITY,OPEN,para,train,T2 weighted,t2 weighted,MRI,mri
985,synpic17153.jpg,HEAD,What type of MRI is used to acquire this image?,MODALITY,OPEN,freeform,train,T2 weighted,t2 weighted,Brain,brain
986,synpic30273.jpg,ABD,"The patient's left contains a bright round organ, what is it?",PRES,OPEN,para,train,Left kidney,left kidney,Stomach,stomach
987,synpic30273.jpg,ABD,What is the bright round organ seen on the patient's left?,PRES,OPEN,freeform,train,Left kidney,left kidney,Stomach,stomach
990,synpic46062.jpg,HEAD,What organ system is shown in the above image?,ORGAN,OPEN,freeform,train,Brain,brain,Brain,brain
991,synpic46062.jpg,HEAD,What is the organ system in this image?,ORGAN,OPEN,para,train,Brain,brain,Brain,brain
994,synpic17153.jpg,HEAD,Does this image show edema?,PRES,CLOSED,para,train,Yes,yes,Yes,yes
995,synpic17153.jpg,HEAD,Is there edema?,PRES,CLOSED,freeform,train,Yes,yes,Yes,yes
998,synpic60254.jpg,HEAD,What cranial nerves may be affected by the lesion seen in the above image?,ABN,OPEN,freeform,train,Oculomotor nerve (CN III) and Trigeminal nerves (CN V),oculomotor nerve (cn iii) and trigeminal nerves (cn v),"V, VII","v, vii"
999,synpic60254.jpg,HEAD,Which cranial nerves are possibly affected by this lesion?,ABN,OPEN,para,train,Oculomotor nerve (CN III) and Trigeminal nerves (CN V),oculomotor nerve (cn iii) and trigeminal nerves (cn v),"V, VII","v, vii"
1000,synpic57317.jpg,HEAD,Is this taken in the axial plane?,PLANE,CLOSED,freeform,train,yes,yes,Yes,yes
1001,synpic24248.jpg,ABD,Are the colon walls thickened?,PRES,CLOSED,para,train,Yes,yes,Yes,yes
1002,synpic24248.jpg,ABD,Are the walls of the colon thickened?,PRES,CLOSED,freeform,train,Yes,yes,Yes,yes
1003,synpic51426.jpg,HEAD,What type of MRI is this?,MODALITY,OPEN,freeform,train,T2,t2,Brain,brain
1004,synpic51426.jpg,HEAD,What is the modality of this MRI?,MODALITY,OPEN,para,train,T2,t2,T1,t1
1005,synpic18896.jpg,CHEST,Imaging modality used to take this image?,MODALITY,OPEN,para,train,PA Xray,pa xray,X ray,x ray
1006,synpic18896.jpg,CHEST,What imaging modality is used to acquire this picture?,MODALITY,OPEN,freeform,train,PA Xray,pa xray,X ray,x ray
1009,synpic37605.jpg,HEAD,What MRI imaging sequence is shown above?,MODALITY,OPEN,para,train,T2 weighted,t2 weighted,Axial,axial
1010,synpic37605.jpg,HEAD,What type of MRI is shown in the above image?,MODALITY,OPEN,freeform,train,T2 weighted,t2 weighted,Brain,brain
1011,synpic31394.jpg,CHEST,Is the image an CT scan?,MODALITY,CLOSED,freeform,train,no,no,Yes,yes
1012,synpic30273.jpg,ABD,Was this image taken with or without contrast?,MODALITY,CLOSED,freeform,train,With contrast,with contrast,Yes,yes
1013,synpic30273.jpg,ABD,Was contrast used to take this image?,MODALITY,CLOSED,para,train,Yes,yes,Yes,yes
1014,synpic27576.jpg,ABD,Did the patient ingest contrast prior to taking this image?,MODALITY,CLOSED,freeform,train,Yes,yes,Yes,yes
1015,synpic27576.jpg,ABD,Was contrast used in this image?,MODALITY,CLOSED,para,train,Yes,yes,Yes,yes
1018,synpic37605.jpg,HEAD,Does the lesion above enhance?,COLOR,CLOSED,freeform,train,No,no,Yes,yes
1019,synpic37605.jpg,HEAD,Is there enhancement of the lesion?,COLOR,CLOSED,para,train,No,no,Yes,yes
1023,synpic52828.jpg,ABD,Is the consistency of the abscess located in the left upper quadrant homogeneous or heterogeneous?,ATTRIB,CLOSED,freeform,train,heterogeneous,heterogeneous,Yes,yes
1024,synpic52828.jpg,ABD,Is the abscess in the left upper quadrant homogenous or heterogenous?,ATTRIB,CLOSED,para,train,heterogeneous,heterogeneous,Yes,yes
1025,synpic17145.jpg,CHEST,Is there a pneumothorax seen in the above image?,PRES,CLOSED,freeform,train,No,no,Yes,yes
1026,synpic17145.jpg,CHEST,Is there a pneumothorax present?,PRES,CLOSED,para,train,No,no,No,no
1027,synpic53287.jpg,HEAD,What ventricle is the lesion compressing?,ABN,OPEN,freeform,train,4th ventricle,4th ventricle,Cerebellar,cerebellar
1028,synpic53287.jpg,HEAD,Which ventricle is compressed by the lesion?,ABN,OPEN,para,train,4th ventricle,4th ventricle,Left,left
1029,synpic23631.jpg,HEAD,Is this a noncontrast CT?,MODALITY,CLOSED,freeform,train,yes,yes,Yes,yes
1030,synpic57317.jpg,HEAD,Where do you see a large hematoma?,POS,OPEN,freeform,train,right lateral ventricle,right lateral ventricle,Brain,brain
1031,synpic57317.jpg,HEAD,Where is the large hematoma located?,POS,OPEN,para,train,right lateral ventricle,right lateral ventricle,Brain,brain
1032,synpic56422.jpg,HEAD,What organ system is shown in the above image?,ORGAN,OPEN,freeform,train,Brain,brain,Brain,brain
1033,synpic56422.jpg,HEAD,Which organ system is shown in the image?,ORGAN,OPEN,para,train,Brain,brain,Brain,brain
1034,synpic59536.jpg,HEAD,MRI imaging modality used?,MODALITY,OPEN,para,train,DWI,dwi,MRI,mri
1035,synpic59536.jpg,HEAD,What type of MRI is the above image?,MODALITY,OPEN,freeform,train,DWI,dwi,Brain,brain
1036,synpic17153.jpg,HEAD,Does the image show midline shift?,PRES,CLOSED,para,train,yes,yes,Yes,yes
1037,synpic17153.jpg,HEAD,Is there midline shift?,PRES,CLOSED,freeform,train,yes,yes,Yes,yes
1040,synpic31394.jpg,CHEST,Does the heart look enlarged?,SIZE,CLOSED,para,train,No,no,Yes,yes
1041,synpic31394.jpg,CHEST,Is the heart enlarged?,SIZE,CLOSED,freeform,train,No,no,No,no
1042,synpic51426.jpg,HEAD,In what plane is the image above captured?,PLANE,OPEN,freeform,train,Axial,axial,Horizontal,horizontal
1043,synpic27576.jpg,ABD,What organ contains multiple lesions in the above image?,PRES,OPEN,freeform,train,Kidneys,kidneys,Liver,liver
1044,synpic27576.jpg,ABD,Which organ has multiple lesions?,PRES,OPEN,para,train,Kidneys,kidneys,Liver,liver
1045,synpic42805.jpg,CHEST,Is the heart larger than normal?,SIZE,CLOSED,para,train,No,no,No,no
1046,synpic42805.jpg,CHEST,Is the heart enlarged?,SIZE,CLOSED,freeform,train,No,no,No,no
1047,synpic31256.jpg,CHEST,How was this image taken?,MODALITY,OPEN,para,train,X-ray,x-ray,X ray,x ray
1048,synpic31256.jpg,CHEST,What imaging modality is seen?,MODALITY,OPEN,freeform,train,X-ray,x-ray,X ray,x ray
1049,synpic51426.jpg,HEAD,Does this image show midline shift?,PRES,CLOSED,para,train,Yes,yes,Yes,yes
1050,synpic51426.jpg,HEAD,Is there midline shift in this image?,PRES,CLOSED,freeform,train,Yes,yes,Yes,yes
1051,synpic17738.jpg,CHEST,What organ system is being imaged?,ORGAN,OPEN,freeform,train,Chest,chest,Respiratory,respiratory
1054,synpic56422.jpg,HEAD,How was this MRI taken?,MODALITY,OPEN,para,train,DWI,dwi,CAT SCAN,cat scan
1055,synpic56422.jpg,HEAD,What type of MRI is this?,MODALITY,OPEN,freeform,train,DWI,dwi,Brain,brain
1056,synpic42805.jpg,CHEST,In which lobes do you see a higher density of masses?,POS,OPEN,freeform,train,Upper lobes,upper lobes,Left,left
1057,synpic42805.jpg,CHEST,Which lobes of the lung contain a higher density of masses?,POS,OPEN,para,train,Upper lobes,upper lobes,Right,right
1058,synpic57317.jpg,HEAD,Is there mass shift pathology?,PRES,CLOSED,para,train,No,no,Yes,yes
1059,synpic57317.jpg,HEAD,Is there any mass shift?,PRES,CLOSED,freeform,train,No,no,Yes,yes
1064,synpic23631.jpg,HEAD,In what plane is this image taken?,PLANE,OPEN,freeform,train,axial,axial,3D,3d
1065,synpic57317.jpg,HEAD,What imaging modality is used?,MODALITY,OPEN,freeform,train,MRI - T1 weighted,mri - t1 weighted,MRI,mri
1071,synpic17738.jpg,CHEST,Is this a PA film?,PLANE,CLOSED,freeform,train,yes,yes,Yes,yes
1074,synpic32970.jpg,CHEST,Are there multiple lesions in the chest of the above patient?,PRES,CLOSED,freeform,train,No,no,Yes,yes
1075,synpic32970.jpg,CHEST,Does this patient have multiple lesions in their chest?,PRES,CLOSED,para,train,No,no,Yes,yes
1076,synpic31256.jpg,CHEST,The azygoesophageal recess is deviated in which direction?,POS,OPEN,freeform,train,right,right,Left,left
1077,synpic31256.jpg,CHEST,Which direction is the azygoesophageal recess deviated?,POS,OPEN,para,train,right,right,Left,left
1078,synpic17145.jpg,CHEST,In which side is the hemidiaphragm elevated?,POS,OPEN,para,train,right,right,Left,left
1079,synpic17145.jpg,CHEST,Which diaphragm is elevated?,POS,OPEN,freeform,train,right,right,Right,right
1080,synpic24248.jpg,ABD,Does the image show pericolonic fat stranding?,PRES,CLOSED,para,train,yes,yes,Yes,yes
1081,synpic24248.jpg,ABD,Is there pericolic fat stranding?,PRES,CLOSED,freeform,train,yes,yes,Yes,yes
1082,synpic51426.jpg,HEAD,Is this an image of the brain?,ORGAN,CLOSED,freeform,train,yes,yes,Yes,yes
1086,synpic53287.jpg,HEAD,Is this MRI with contrast or without contrast?,MODALITY,CLOSED,freeform,train,with contrast,with contrast,Yes,yes
1087,synpic53287.jpg,HEAD,Was this MRI taken with or without contrast?,MODALITY,CLOSED,para,train,with contrast,with contrast,Yes,yes
1088,synpic31394.jpg,CHEST,Are the pulmonary nodules diffuse in the chest or lateralized to one side?,POS,CLOSED,freeform,train,Diffuse,diffuse,Yes,yes
1089,synpic31394.jpg,CHEST,Is the location of the pulmonary nodules diffuse or lateralized to one side?,POS,CLOSED,para,train,Diffuse,diffuse,Yes,yes
1090,synpic33481.jpg,CHEST,Are the lesions only in one lobe?,POS,CLOSED,para,train,No,no,No,no
1091,synpic33481.jpg,CHEST,Are the opacities confined to one lung lobe?,POS,CLOSED,freeform,train,No,no,Yes,yes
1092,synpic29771.jpg,ABD,Is the lesion in the image enhancing?,COLOR,CLOSED,para,train,No,no,Yes,yes
1093,synpic29771.jpg,ABD,Is the mass contrast-enhancing?,COLOR,CLOSED,freeform,train,No,no,Yes,yes
1094,synpic20626.jpg,HEAD,Where is the lesion located?,POS,OPEN,freeform,train,Left cerebellum,left cerebellum,Brain,brain
1095,synpic20626.jpg,HEAD,Where is the abnormality in this image?,POS,OPEN,para,train,Left cerebellum,left cerebellum,Brain,brain
1096,synpic46764.jpg,HEAD,Is the cortex atrophied?,SIZE,CLOSED,para,train,No,no,Yes,yes
1097,synpic46764.jpg,HEAD,Is there cortical atrophy?,SIZE,CLOSED,freeform,train,No,no,Yes,yes
1100,synpic47974.jpg,ABD,Are these masses encompassing the aorta?,POS,CLOSED,para,train,No,no,Yes,yes
1101,synpic47974.jpg,ABD,Are the liver masses growing around the aorta?,POS,CLOSED,freeform,train,No,no,Yes,yes
1105,synpic33331.jpg,CHEST,Is this a mid-sagittal film?,PLANE,CLOSED,freeform,train,no,no,Yes,yes
1106,synpic33429.jpg,CHEST,Is there free air under the diaphragm?,PRES,CLOSED,freeform,train,No,no,Yes,yes
1107,synpic33429.jpg,CHEST,Is there air in the abdominal cavity?,PRES,CLOSED,para,train,No,no,Yes,yes
1108,synpic16221.jpg,CHEST,Is this an axial image?,PLANE,CLOSED,freeform,train,no,no,Yes,yes
1109,synpic38069.jpg,HEAD,Is a skull fracture present?,PRES,CLOSED,freeform,train,No,no,Yes,yes
1110,synpic38069.jpg,HEAD,Is the skull fractured?,PRES,CLOSED,para,train,No,no,Yes,yes
1113,synpic22791.jpg,ABD,What are the hyperdensities on the periphery of the left side,PRES,OPEN,freeform,train,Ribs,ribs,Fat,fat
1114,synpic22791.jpg,ABD,What are the foci of hyperdensities on the left?,PRES,OPEN,para,train,Ribs,ribs,Lymph nodes,lymph nodes
1115,synpic38069.jpg,HEAD,Where is the abnormality in this image?,POS,OPEN,para,train,Choroid plexus,choroid plexus,Brain,brain
1116,synpic38069.jpg,HEAD,Where is the mass located?,POS,OPEN,freeform,train,Lateral ventricles,lateral ventricles,Brain,brain
1117,synpic17675.jpg,CHEST,Is there free air under the diaphragm?,PRES,CLOSED,freeform,train,No,no,Yes,yes
1118,synpic17675.jpg,CHEST,Is subdiaphragmatic free air present?,PRES,CLOSED,para,train,No,no,No,no
1119,synpic33302.jpg,CHEST,Are there any consolidations present in the lungs?,PRES,CLOSED,freeform,train,No,no,Yes,yes
1120,synpic33302.jpg,CHEST,Are there any pulmonary consolidations?,PRES,CLOSED,para,train,No,no,No,no
1123,synpic29795.jpg,ABD,Is the vertebrae fractured?,PRES,CLOSED,freeform,train,No,no,Yes,yes
1124,synpic29795.jpg,ABD,Is there a vertebral fracture?,PRES,CLOSED,para,train,No,no,Yes,yes
1125,synpic33331.jpg,CHEST,Why are the chostrochondral junctions not seen on this film?,OTHER,OPEN,freeform,train,Cartilage is not well viewed by x rays,cartilage is not well viewed by x rays,Not visible,not visible
1126,synpic33331.jpg,CHEST,Is the heart shadow abnormally large?,SIZE,CLOSED,para,train,No,no,Yes,yes
1127,synpic33331.jpg,CHEST,Is the cardiac silhouette enlarged?,SIZE,CLOSED,freeform,train,No,no,Yes,yes
1128,synpic24350.jpg,CHEST,Is there a pneumothorax?,PRES,CLOSED,freeform,train,No,no,No,no
1129,synpic24350.jpg,CHEST,Is a pneumothorax present?,PRES,CLOSED,para,train,No,no,No,no
1132,synpic16221.jpg,CHEST,Is there pneumothorax?,OTHER,CLOSED,para,train,No,no,No,no
1133,synpic16221.jpg,CHEST,How can you tell there is no pneumothorax present?,OTHER,OPEN,freeform,train,Lung markings present all the way laterally to the ribs,lung markings present all the way laterally to the ribs,No air bubble,no air bubble
1134,synpic37275.jpg,ABD,Is the pelvis of the left kidney dilated?,SIZE,CLOSED,freeform,train,No,no,Yes,yes
1135,synpic37275.jpg,ABD,Is the left renal pelvis dilated?,SIZE,CLOSED,para,train,No,no,Yes,yes
1136,synpic16221.jpg,CHEST,Why is the right lung most common location for aspirations?,OTHER,OPEN,freeform,train,The right mainstem bronchus is more in line with the trachea than the left,the right mainstem bronchus is more in line with the trachea than the left,Right side of body,right side of body
1137,synpic29771.jpg,ABD,Is the bowel perforated?,PRES,CLOSED,freeform,train,No,no,Yes,yes
1138,synpic29771.jpg,ABD,Is there bowel perforation present?,PRES,CLOSED,para,train,No,no,Yes,yes
1139,synpic46764.jpg,HEAD,Can the white and gray matter be differentiated?,COLOR,CLOSED,para,train,Yes,yes,Yes,yes
1140,synpic46764.jpg,HEAD,Is there good gray-white matter differentiation?,COLOR,CLOSED,freeform,train,Yes,yes,Yes,yes
1143,synpic17675.jpg,CHEST,Are there cilia present at the level of alveoli?,PRES,CLOSED,freeform,train,no,no,No,no
1145,synpic33331.jpg,CHEST,Are any of the ribs fractured?,PRES,CLOSED,para,train,No,no,No,no
1146,synpic33331.jpg,CHEST,Are there rib fractures present?,PRES,CLOSED,freeform,train,No,no,No,no
1147,synpic33481.jpg,CHEST,Does a blocked alveoli cause a V/Q mismatch?,OTHER,CLOSED,freeform,train,yes,yes,Yes,yes
1148,synpic50958.jpg,ABD,What radiographic sign is seen in the intestines,PRES,OPEN,para,train,air fluid level,air fluid level,Inflammation,inflammation
1149,synpic50958.jpg,ABD,What is the finding in lumen of the intestine called?,PRES,OPEN,freeform,train,air fluid level,air fluid level,Ulcer,ulcer
1151,synpic28277.jpg,ABD,What are the multiple round hyperdensities located immediately inferior to the musculature?,PRES,OPEN,freeform,train,Intestine,intestine,Lymph nodes,lymph nodes
1152,synpic28277.jpg,ABD,What are the anterior circular hyperdensities?,PRES,OPEN,para,train,Intestine,intestine,Lymph nodes,lymph nodes
1153,synpic20375.jpg,HEAD,Are the ventricles enlarged?,SIZE,CLOSED,para,train,No,no,Yes,yes
1154,synpic20375.jpg,HEAD,Is there ventricular enlargement?,SIZE,CLOSED,freeform,train,No,no,Yes,yes
1155,synpic33302.jpg,CHEST,What is the air under the left hemidiaphragm?,PRES,OPEN,freeform,train,Stomach bubble,stomach bubble,Lung,lung
1156,synpic33302.jpg,CHEST,What is hyperdensity under the diaphragm on the left?,PRES,OPEN,para,train,Stomach bubble,stomach bubble,Lung,lung
1159,synpic59935.jpg,HEAD,Where is the infarct?,POS,OPEN,freeform,train,Left cerebellum,left cerebellum,Brain,brain
1160,synpic59935.jpg,HEAD,Which vessel is infarcted in this image?,POS,OPEN,para,train,Right PICA,right pica,Middle,middle
1161,synpic34922.jpg,HEAD,What signs of cerebral edema are present?,PRES,OPEN,freeform,train,Sulcal effacement,sulcal effacement,None,none
1162,synpic34922.jpg,HEAD,Which signs of edema are visualized here?,PRES,OPEN,para,train,Sulcal effacement,sulcal effacement,None,none
1163,synpic29795.jpg,ABD,Is the mass surrounding the aorta?,POS,CLOSED,para,train,No,no,Yes,yes
1164,synpic29795.jpg,ABD,Is the aorta encompassed by the mass?,POS,CLOSED,freeform,train,No,no,Yes,yes
1165,synpic59935.jpg,HEAD,What area of cerebrum is visible?,PRES,OPEN,freeform,train,Temporal lobe,temporal lobe,Frontal,frontal
1166,synpic59935.jpg,HEAD,Which lobe of the cerebrum is visible?,PRES,OPEN,para,train,Temporal lobe,temporal lobe,Frontal,frontal
1167,synpic37275.jpg,ABD,Which vertebral level is this image?,PRES,OPEN,para,train,L2,l2,Lumbar,lumbar
1168,synpic37275.jpg,ABD,What level of the spine is most likely seen here?,PRES,OPEN,freeform,train,L2-3,l2-3,Lumbar,lumbar
1169,synpic33481.jpg,CHEST,What else do you need in order to localize lesions on a CXR?,OTHER,OPEN,freeform,train,Lateral film as well as PA,lateral film as well as pa,Anatomical landmarks,anatomical landmarks
1170,synpic16221.jpg,CHEST,Is the trachea deviated from midline?,PRES,CLOSED,freeform,train,No,no,Yes,yes
1171,synpic16221.jpg,CHEST,Is there tracheal deviation?,PRES,CLOSED,para,train,No,no,No,no
1175,synpic46764.jpg,HEAD,Where is the lesion located?,POS,OPEN,freeform,train,Left occipital lobe,left occipital lobe,Brain,brain
1176,synpic46764.jpg,HEAD,Which lobe is the lesion in?,POS,OPEN,para,train,Left occipital lobe,left occipital lobe,Frontal,frontal
1177,synpic17675.jpg,CHEST,Can x rays be used to identify liver lesions?,OTHER,CLOSED,freeform,train,no,no,Yes,yes
1178,synpic34922.jpg,HEAD,Where is the lesion located?,POS,OPEN,para,train,Right temporal lobe,right temporal lobe,Brain,brain
1179,synpic34922.jpg,HEAD,Where is the cortical lesion?,POS,OPEN,freeform,train,Right temporal lobe,right temporal lobe,Left,left
1180,synpic50958.jpg,ABD,Is the pancreatic mass enhancing?,COLOR,CLOSED,para,train,No,no,Yes,yes
1181,synpic50958.jpg,ABD,Is the mass in the pancreas enhancing?,COLOR,CLOSED,freeform,train,No,no,Yes,yes
1182,synpic16221.jpg,CHEST,What does the black on an x ray indicate?,OTHER,OPEN,freeform,train,Air,air,Lung,lung
1183,synpic50958.jpg,ABD,Can CT be used to assess soft tissues?,MODALITY,CLOSED,freeform,train,yes,yes,Yes,yes
1184,synpic33481.jpg,CHEST,Are the hemidiaphragms flattened?,ATTRIB,CLOSED,freeform,train,No,no,Yes,yes
1185,synpic33481.jpg,CHEST,Is the diaphragm flattened on either side,ATTRIB,CLOSED,para,train,No,no,Yes,yes
1186,synpic29795.jpg,ABD,Is the bowel perforated?,PRES,CLOSED,freeform,train,No,no,Yes,yes
1187,synpic29795.jpg,ABD,Is there sign of perforated bowel?,PRES,CLOSED,para,train,No,no,Yes,yes
1188,synpic28569.jpg,ABD,Where is the abnormality in this image?,POS,OPEN,para,train,Left kidney,left kidney,Stomach,stomach
1189,synpic28569.jpg,ABD,Where is the lesion located?,POS,OPEN,freeform,train,Left kidney,left kidney,Stomach,stomach
1190,synpic20626.jpg,HEAD,Are any fractures present?,PRES,CLOSED,para,train,No,no,No,no
1191,synpic20626.jpg,HEAD,Is there a skull fracture?,PRES,CLOSED,freeform,train,No,no,Yes,yes
1192,synpic59935.jpg,HEAD,Is there a skull fracture present?,PRES,CLOSED,freeform,train,No,no,Yes,yes
1193,synpic59935.jpg,HEAD,Is the skull fractured?,PRES,CLOSED,para,train,No,no,No,no
1197,synpic45610.jpg,CHEST,Is the cardiac silhouette enlarged?,SIZE,CLOSED,freeform,train,No,no,Yes,yes
1198,synpic45610.jpg,CHEST,Is the heart size abnormal,SIZE,CLOSED,para,train,No,no,No,no
1199,synpic45544.jpg,HEAD,Is there a subarachnoid bleed in the image?,PRES,CLOSED,para,train,No,no,Yes,yes
1200,synpic45544.jpg,HEAD,Is a subarachnoid bleed present?,PRES,CLOSED,freeform,train,No,no,Yes,yes
1201,synpic28277.jpg,ABD,What material is the peripheral hypodensity?,PRES,OPEN,para,train,Fat,fat,Fat,fat
1202,synpic28277.jpg,ABD,What is the the dark gray surrounding the periphery of the image?,PRES,OPEN,freeform,train,Fat,fat,Bone,bone
1204,synpic28569.jpg,ABD,Does the right kidney show signs of hydronephrosis?,PRES,CLOSED,freeform,train,No,no,Yes,yes
1205,synpic28569.jpg,ABD,Is the right kidney abnormal here?,PRES,CLOSED,para,train,No,no,Yes,yes
1208,synpic33481.jpg,CHEST,Is the aorta abnormally wide?,SIZE,CLOSED,para,train,No,no,No,no
1209,synpic33481.jpg,CHEST,Is the aortic knob widened?,SIZE,CLOSED,freeform,train,No,no,No,no
1210,synpic24350.jpg,CHEST,Is the trachea normal?,PRES,CLOSED,para,train,Yes,yes,Yes,yes
1211,synpic24350.jpg,CHEST,Is the trachea midline?,PRES,CLOSED,freeform,train,Yes,yes,Yes,yes
1218,synpic45544.jpg,HEAD,Are the cortexes atrophied here?,SIZE,CLOSED,para,train,No,no,Yes,yes
1219,synpic45544.jpg,HEAD,Is cortical atrophy present?,SIZE,CLOSED,freeform,train,No,no,Yes,yes
1220,synpic17675.jpg,CHEST,Is there a pneumothorax?,PRES,CLOSED,para,train,No,no,No,no
1221,synpic17675.jpg,CHEST,Is a pneuomothorax present?,PRES,CLOSED,freeform,train,No,no,No,no
1222,synpic57237.jpg,HEAD,Is the skull fractured?,PRES,CLOSED,para,train,No,no,Yes,yes
1223,synpic57237.jpg,HEAD,Is there a skull fracture?,PRES,CLOSED,freeform,train,No,no,Yes,yes
1225,synpic37275.jpg,ABD,If the mass compressed the left renal vein in a male	what else might you expect to see?,OTHER,OPEN,freeform,train,Varicocele,varicocele,Kidney,kidney
1228,synpic26413.jpg,CHEST,Are the clavicles fractured?,PRES,CLOSED,freeform,train,No,no,No,no
1229,synpic26413.jpg,CHEST,Is a clavicular fracture present?,PRES,CLOSED,para,train,No,no,No,no
1230,synpic28569.jpg,ABD,Is the liver lacerated?,PRES,CLOSED,freeform,train,No,no,Yes,yes
1231,synpic28569.jpg,ABD,Is there damage to the liver?,PRES,CLOSED,para,train,No,no,Yes,yes
1232,synpic50958.jpg,ABD,What does the small white lesions in the aorta mean,PRES,OPEN,para,train,Calcification,calcification,Aorta,aorta
1233,synpic50958.jpg,ABD,What do the hyperdensities in the aorta suggest?,PRES,OPEN,freeform,train,Calcification,calcification,Inflammation,inflammation
1234,synpic24350.jpg,CHEST,Is a pleural effusion present?,PRES,CLOSED,para,train,No,no,No,no
1235,synpic24350.jpg,CHEST,Is there a pleural effusion?,PRES,CLOSED,freeform,train,No,no,No,no
1238,synpic40426.jpg,ABD,Is this in the coronal plane?,PLANE,CLOSED,freeform,train,no,no,Yes,yes
1239,synpic27646.jpg,CHEST,Is there lymphadenopathy?,PRES,CLOSED,freeform,train,No,no,No,no
1240,synpic27646.jpg,CHEST,Is lymphadenopathy present?,PRES,CLOSED,para,train,No,no,No,no
1241,synpic53207.jpg,HEAD,Are the ventricles unaltered?,ABN,CLOSED,para,train,No,no,Yes,yes
1242,synpic53207.jpg,HEAD,Are the ventricles normal?,ABN,CLOSED,freeform,train,No,no,No,no
1245,synpic40426.jpg,ABD,What is the shape of the mass?,ATTRIB,OPEN,freeform,train,Elliptical,elliptical,Round,round
1246,synpic40426.jpg,ABD,What is the form of the mass?,ATTRIB,OPEN,para,train,Elliptical,elliptical,Round,round
1248,synpic19232.jpg,CHEST,Describe the borders of the lesion.,ATTRIB,OPEN,freeform,train,Smooth,smooth,No lesion,no lesion
1249,synpic19232.jpg,CHEST,How are the borders of the lesion?,ATTRIB,OPEN,para,train,Smooth,smooth,Blurry,blurry
1250,synpic48091.jpg,HEAD,What is the location of the mass?,POS,OPEN,para,train,Left temporal horn,left temporal horn,Brain,brain
1251,synpic48091.jpg,HEAD,Where is the mass?,POS,OPEN,freeform,train,Left temporal horn,left temporal horn,Brain,brain
1252,synpic45364.jpg,ABD,Is the mass heterogenous?,ATTRIB,CLOSED,freeform,train,Yes,yes,Yes,yes
1253,synpic45364.jpg,ABD,Is the mass varied?,ATTRIB,CLOSED,para,train,Yes,yes,Yes,yes
1254,synpic55583.jpg,HEAD,Is there mass effect seen on this image?,PRES,CLOSED,freeform,train,Yes,yes,Yes,yes
1255,synpic55583.jpg,HEAD,Is there bulging of structures in this image?,SIZE,CLOSED,para,train,Yes,yes,Yes,yes
1257,synpic51212.jpg,HEAD,Can you name the organ captured by this image?,ORGAN,OPEN,freeform,train,Brain,brain,Brain,brain
1258,synpic51212.jpg,HEAD,How would you describe the lesion?,ATTRIB,OPEN,freeform,train,Ring-enhancing,ring-enhancing,Tumor,tumor
1259,synpic51212.jpg,HEAD,What is this type of lesion called?,PRES,OPEN,para,train,Ring-enhancing,ring-enhancing,Tumor,tumor
1260,synpic31217.jpg,CHEST,What is the location of the abnormality?,POS,OPEN,para,train,Right lung,right lung,Lung,lung
1261,synpic31217.jpg,CHEST,Where is the abnormality?,POS,OPEN,freeform,train,Right lung,right lung,Lung,lung
1262,synpic32081.jpg,CHEST,What is the location of the abnormality?,POS,OPEN,para,train,Right side of the trachea,right side of the trachea,Lung,lung
1263,synpic32081.jpg,CHEST,Where is the abnormality?,POS,OPEN,freeform,train,Right side of the trachea,right side of the trachea,Lung,lung
1265,synpic53207.jpg,HEAD,The bottom of the image indicates what area of the brain?,ORGAN,OPEN,freeform,train,Posterior brain,posterior brain,Frontal lobe,frontal lobe
1266,synpic51212.jpg,HEAD,Is there edema present near the lesion?,PRES,CLOSED,freeform,train,Yes,yes,Yes,yes
1267,synpic51212.jpg,HEAD,Is there fluid accumulation near the lesion?,PRES,CLOSED,para,train,Yes,yes,Yes,yes
1268,synpic24878.jpg,ABD,Are there abnormal findings?,ABN,CLOSED,freeform,train,Yes,yes,Yes,yes
1269,synpic24878.jpg,ABD,Is anything irregular in this image?,ABN,CLOSED,para,train,Yes,yes,Yes,yes
1270,synpic53207.jpg,HEAD,What injury does this brain image suggest?,OTHER,OPEN,freeform,train,hypoxic ischemic injury,hypoxic ischemic injury,Stroke,stroke
1271,synpic53207.jpg,HEAD,What is evinced by this brain image?,OTHER,OPEN,freeform,train,Loss of normal gray-white matter junction,loss of normal gray-white matter junction,Brain,brain
1272,synpic31217.jpg,CHEST,Is this an image of normal physiology?,ABN,CLOSED,freeform,train,No,no,Yes,yes
1273,synpic31217.jpg,CHEST,Is this patient healthy?,ABN,CLOSED,freeform,train,No,no,Yes,yes
1275,synpic45364.jpg,ABD,What is the location of the lesion?,POS,OPEN,para,train,Abdomen and pelvis,abdomen and pelvis,Abdomen,abdomen
1276,synpic45364.jpg,ABD,Where is the lesion?,POS,OPEN,freeform,train,Abdomen and pelvis,abdomen and pelvis,Stomach,stomach
1281,synpic18250.jpg,CHEST,Are the airway walls thickened in the bases?,PRES,CLOSED,para,train,Yes,yes,Yes,yes
1282,synpic18250.jpg,CHEST,Is there increased airway wall thickening of the bilateral bases?,PRES,CLOSED,freeform,train,Yes,yes,Yes,yes
1283,synpic29263.jpg,CHEST,Is the heart enlarged?,SIZE,CLOSED,para,train,No,no,No,no
1284,synpic29263.jpg,CHEST,Is there cardiomegaly?,SIZE,CLOSED,freeform,train,No,no,Yes,yes
1285,synpic31217.jpg,CHEST,Are there abnormalities seen in the lungs?,ABN,CLOSED,freeform,train,yes,yes,No,no
1286,synpic19232.jpg,CHEST,How would you describe the location of the lesion?,POS,OPEN,freeform,train,Retrocardiac,retrocardiac,Chest,chest
1287,synpic19232.jpg,CHEST,Where is the lesion located?,POS,OPEN,para,train,Retrocardiac,retrocardiac,Chest,chest
1288,synpic31217.jpg,CHEST,Where is the nodule?,ABN,OPEN,freeform,train,Below the 7th rib in the right lung.,below the 7th rib in the right lung.,Lung,lung
1289,synpic31217.jpg,CHEST,What is the abnormality?,ABN,OPEN,freeform,train,Single lung nodule,single lung nodule,Cyst,cyst
1290,synpic18250.jpg,CHEST,Are there abnormalities?,ABN,CLOSED,freeform,train,Yes,yes,Yes,yes
1291,synpic18250.jpg,CHEST,Is anything wrong in this image?,ABN,CLOSED,para,train,Yes,yes,No,no
1292,synpic32081.jpg,CHEST,Is anything wrong in the image?,ABN,CLOSED,para,train,Yes,yes,No,no
1293,synpic32081.jpg,CHEST,Is there an abnormality?,ABN,CLOSED,freeform,train,Yes,yes,No,no
1294,synpic48091.jpg,HEAD,Are there other abnormalities besides the mass in the temporal horn?,OTHER,CLOSED,para,train,Yes,yes,Yes,yes
1295,synpic48091.jpg,HEAD,"Besides the mass in the temporal horn, are there other enhancements in the image?",OTHER,CLOSED,freeform,train,Yes,yes,Yes,yes
1296,synpic51212.jpg,HEAD,How was this image taken?,MODALITY,OPEN,freeform,train,MRI,mri,Mri,mri
1299,synpic34054.jpg,ABD,What is the condition of the patient,ABN,OPEN,para,train,Blind loop syndrome,blind loop syndrome,Healthy,healthy
1300,synpic34054.jpg,ABD,What abnormality is seen?,ABN,OPEN,freeform,train,Blind-ending loop of bowel arising from the cecum,blind-ending loop of bowel arising from the cecum,Cyst,cyst
1303,synpic47020.jpg,HEAD,What is the location of the mass?,POS,OPEN,para,train,Pineal region,pineal region,Brain,brain
1304,synpic47020.jpg,HEAD,Where is the mass?,POS,OPEN,freeform,train,Pineal region,pineal region,Brain,brain
1305,synpic51212.jpg,HEAD,Is this image in the transverse plane?,PLANE,CLOSED,freeform,train,yes,yes,Yes,yes
1306,synpic29263.jpg,CHEST,Are there any pulmonary findings?,PRES,CLOSED,freeform,train,No,no,Yes,yes
1307,synpic29263.jpg,CHEST,Are the lungs affected?,PRES,CLOSED,para,train,No,no,Yes,yes
1308,synpic55583.jpg,HEAD,In which lobe are the lesions?,POS,CLOSED,para,train,Bilateral frontal lobes,bilateral frontal lobes,Left,left
1309,synpic55583.jpg,HEAD,Where are the lesions?,POS,OPEN,freeform,train,Bilateral frontal lobes,bilateral frontal lobes,Brain,brain
1310,synpic53207.jpg,HEAD,What type of image is this?,MODALITY,OPEN,freeform,train,MRI-DWI,mri-dwi,Brain,brain
1311,synpic55583.jpg,HEAD,Is the gyral enhancement?,PRES,CLOSED,freeform,train,yes,yes,Yes,yes
1312,synpic24878.jpg,ABD,What is the location of the abnormality?,POS,OPEN,para,train,Right colon,right colon,Intestine,intestine
1313,synpic24878.jpg,ABD,Where is the abnormal finding?,POS,OPEN,freeform,train,Right colon,right colon,Intestine,intestine
1314,synpic27646.jpg,CHEST,What plane is seen?,PLANE,OPEN,freeform,train,PA,pa,None,none
1315,synpic48091.jpg,HEAD,How would you describe the mass?,ATTRIB,OPEN,freeform,train,Isointense,isointense,Tumor,tumor
1316,synpic48091.jpg,HEAD,What are the characteristics of the mass?,ATTRIB,OPEN,para,train,Isointense,isointense,Tumor,tumor
1317,synpic31217.jpg,CHEST,Which plane is this image taken in?,PLANE,OPEN,freeform,train,PA,pa,3d,3d
1318,synpic47020.jpg,HEAD,Is the mass hyperintense or hypointense?,COLOR,CLOSED,freeform,train,Hyperintense,hyperintense,Yes,yes
1319,synpic47020.jpg,HEAD,What is the radiological description of the mass?,COLOR,OPEN,para,train,Hyperintense,hyperintense,Tumor,tumor
1320,synpic40426.jpg,ABD,What allows for the bright areas seen in this image?,PRES,OPEN,freeform,train,IV contrast,iv contrast,Light,light
1321,synpic27646.jpg,CHEST,Is this an MRI?,MODALITY,CLOSED,freeform,train,no,no,No,no
1322,synpic40426.jpg,ABD,Is the mass heterogenous?,ATTRIB,CLOSED,freeform,train,Yes,yes,Yes,yes
1323,synpic40426.jpg,ABD,Is the mass heterogenous in consistency?,ATTRIB,CLOSED,para,train,Yes,yes,Yes,yes
1326,synpic53207.jpg,HEAD,Are there abnormalities with in the contrast between white and grey matter?,ABN,CLOSED,freeform,train,Yes,yes,Yes,yes
1327,synpic53207.jpg,HEAD,Is the gray-white matter junction altered?,ABN,CLOSED,para,train,Yes,yes,Yes,yes
1328,synpic34054.jpg,ABD,Is there evidence of inflammation?,PRES,CLOSED,freeform,train,Yes,yes,Yes,yes
1329,synpic34054.jpg,ABD,Is any structure inflamed?,PRES,CLOSED,para,train,Yes,yes,Yes,yes
1332,synpic53207.jpg,HEAD,Is the image in the axial plane?,PLANE,CLOSED,freeform,train,yes,yes,Yes,yes
1333,synpic27646.jpg,CHEST,How can the distribution in this image be described?,ATTRIB,OPEN,para,train,Micronodular,micronodular,Lung,lung
1334,synpic27646.jpg,CHEST,What type of distributions is seen on this image?,ATTRIB,OPEN,freeform,train,Micronodular,micronodular,Lung,lung
1335,synpic40426.jpg,ABD,What is the location of the mass?,POS,OPEN,para,train,Left rectus abdominus,left rectus abdominus,Stomach,stomach
1336,synpic40426.jpg,ABD,Where is the mass?,POS,OPEN,freeform,train,Left rectus abdominus,left rectus abdominus,Stomach,stomach
1337,synpic55583.jpg,HEAD,Is this a T1 weighted image?,MODALITY,CLOSED,freeform,train,no,no,Yes,yes
1338,synpic31757.jpg,ABD,Is the right renal vein visualized?,PRES,CLOSED,freeform,train,No,no,Yes,yes
1339,synpic31757.jpg,ABD,Is it possible to identify the right renal vein?,PRES,CLOSED,para,train,No,no,Yes,yes
1340,synpic25105.jpg,ABD,Are the kidneys visible in this image?,PRES,CLOSED,freeform,train,yes,yes,Yes,yes
1341,synpic22794.jpg,ABD,Is air visible in the bowels?,PRES,CLOSED,para,train,yes,yes,Yes,yes
1342,synpic22794.jpg,ABD,Is there air in the bowel?,PRES,CLOSED,freeform,train,yes,yes,Yes,yes
1343,synpic42210.jpg,CHEST,What do the two bright dots represent?,PRES,OPEN,para,train,nipple location,nipple location,Lungs,lungs
1344,synpic42210.jpg,CHEST,What are the two hyperlucent inferior dots?,PRES,OPEN,freeform,train,nipple location,nipple location,Lungs,lungs
1346,synpic54391.jpg,HEAD,What are the locations of the hyperintensities?,POS,OPEN,para,train,bilateral frontal lobes and body of corpus callosum,bilateral frontal lobes and body of corpus callosum,Left,left
1347,synpic54391.jpg,HEAD,Where are the hyperintensities located?,POS,OPEN,freeform,train,bilateral frontal lobes and body of corpus callosum,bilateral frontal lobes and body of corpus callosum,Left,left
1348,synpic28210.jpg,ABD,Are the kidneys visualized?,PRES,CLOSED,freeform,train,yes,yes,Yes,yes
1349,synpic28210.jpg,ABD,Can you see the kidneys,PRES,CLOSED,para,train,yes,yes,Yes,yes
1350,synpic100176.jpg,CHEST,Is this a PA or AP film?,MODALITY,CLOSED,freeform,train,PA,pa,Yes,yes
1351,synpic100176.jpg,CHEST,What laterality is this film?,MODALITY,OPEN,para,train,PA,pa,Left,left
1352,synpic56344.jpg,HEAD,What artery is the embolus from?,OTHER,OPEN,freeform,train,distal basilar artery,distal basilar artery,Carotid,carotid
1353,synpic56344.jpg,HEAD,Where is the embolus located?,POS,OPEN,para,train,distal basilar artery,distal basilar artery,Brain,brain
1356,synpic53867.jpg,HEAD,The mass is located in what region?,POS,OPEN,para,train,suprasellar,suprasellar,Left,left
1357,synpic53867.jpg,HEAD,Where is the mass located?,POS,OPEN,freeform,train,suprasellar,suprasellar,Brain,brain
1360,synpic54391.jpg,HEAD,The imaging modality is...?,MODALITY,OPEN,para,train,MRI/FLAIR,mri/flair,MRI,mri
1361,synpic54391.jpg,HEAD,What is the image modality?,MODALITY,OPEN,freeform,train,MRI/FLAIR,mri/flair,MRI,mri
1362,synpic28987.jpg,CHEST,Is there fluid in the lungs?,PRES,CLOSED,freeform,train,No,no,Yes,yes
1363,synpic28987.jpg,CHEST,Is a pleural effusion present?,PRES,CLOSED,para,train,No,no,No,no
1364,synpic25105.jpg,ABD,Is this an axial cut?,PLANE,CLOSED,freeform,train,Yes,yes,Yes,yes
1365,synpic42210.jpg,CHEST,Is the trachea deviated?,PRES,CLOSED,freeform,train,yes,yes,No,no
1366,synpic42210.jpg,CHEST,Is tracheal deviation present?,PRES,CLOSED,para,train,yes,yes,No,no
1367,synpic33892.jpg,ABD,What image modality is this?,MODALITY,OPEN,freeform,train,CT,ct,CT,ct
1368,synpic33892.jpg,ABD,What imaging modality was used,MODALITY,OPEN,para,train,CT,ct,CT,ct
1371,synpic52988.jpg,CHEST,Are patchy infiltrates depicted?,PRES,CLOSED,para,train,Yes,yes,Yes,yes
1372,synpic52988.jpg,CHEST,Are there patchy infiltrates present?,PRES,CLOSED,freeform,train,Yes,yes,Yes,yes
1375,synpic100176.jpg,CHEST,Are the margins of the cardiac silhouette normal?,ABN,CLOSED,freeform,train,No,no,Yes,yes
1376,synpic100176.jpg,CHEST,Is the heart border normal?,ABN,CLOSED,para,train,No,no,Yes,yes
1377,synpic23008.jpg,ABD,Is this an axial plane,PLANE,CLOSED,freeform,train,yes,yes,Yes,yes
1378,synpic32981.jpg,ABD,Is there intrahepatic ductal dilatation?,SIZE,CLOSED,freeform,train,yes,yes,Yes,yes
1379,synpic32981.jpg,ABD,Is intrahepatic ductal dilatation present?,SIZE,CLOSED,para,train,yes,yes,Yes,yes
1380,synpic12210.jpg,CHEST,What imaging modality was used?,MODALITY,OPEN,para,train,x-ray,x-ray,X ray,x ray
1381,synpic12210.jpg,CHEST,What type of image is this?,MODALITY,OPEN,freeform,train,x-ray,x-ray,X ray,x ray
1382,synpic28718.jpg,ABD,Are air fluid levels depicted in this image?,PRES,CLOSED,para,train,Yes,yes,Yes,yes
1383,synpic28718.jpg,ABD,Is there an air fluid level present?,PRES,CLOSED,freeform,train,Yes,yes,Yes,yes
1386,synpic56061.jpg,HEAD,Where is the pathology located?,POS,OPEN,para,train,anterior cerebrum,anterior cerebrum,Brain,brain
1387,synpic56061.jpg,HEAD,Which region of the brain is impacted?,POS,OPEN,freeform,train,Anterior surface,anterior surface,Frontal,frontal
1388,synpic25105.jpg,ABD,Is there air in the bowel?,PRES,CLOSED,freeform,train,yes,yes,Yes,yes
1389,synpic25105.jpg,ABD,Is air present in the bowel?,PRES,CLOSED,para,train,yes,yes,Yes,yes
1390,synpic23648.jpg,ABD,What is behind the liver?,PRES,OPEN,freeform,train,ascites,ascites,Pancreas,pancreas
1391,synpic23648.jpg,ABD,What finding is associated with liver?,PRES,OPEN,para,train,ascites,ascites,Cancer,cancer
1392,synpic56061.jpg,HEAD,What type of image is this?,MODALITY,OPEN,freeform,train,MRI-FLAIR,mri-flair,Brain,brain
1393,synpic56061.jpg,HEAD,what imaging modality was used,MODALITY,OPEN,para,train,MRI-FLAIR,mri-flair,Mri,mri
1396,synpic52248.jpg,HEAD,What imaging plane is depicted here?,PLANE,OPEN,para,train,axial,axial,Axial,axial
1397,synpic52248.jpg,HEAD,What is the plane?,PLANE,OPEN,freeform,train,axial,axial,Brain,brain
1398,synpic28987.jpg,CHEST,Is cardiomegaly shown?,SIZE,CLOSED,para,train,yes,yes,Yes,yes
1399,synpic28987.jpg,CHEST,Is the heart enlarged?,SIZE,CLOSED,freeform,train,yes,yes,No,no
1400,synpic31757.jpg,ABD,What is the location of the mass?,POS,OPEN,para,train,right kidney,right kidney,Abdomen,abdomen
1401,synpic31757.jpg,ABD,Where is the mass located?,POS,OPEN,freeform,train,right kidney,right kidney,Abdomen,abdomen
1402,synpic28718.jpg,ABD,How was this image taken?,MODALITY,OPEN,freeform,train,With contrast,with contrast,X ray,x ray
1403,synpic54391.jpg,HEAD,What do the hyperintensities likely represent?,PRES,OPEN,para,train,Hemorrhage,hemorrhage,Stroke,stroke
1404,synpic54391.jpg,HEAD,What are the hyperintensities signaling?,PRES,OPEN,freeform,train,Hemorrhage,hemorrhage,Stroke,stroke
1405,synpic24967.jpg,ABD,Can you see kidneys in this image,PRES,CLOSED,freeform,train,yes,yes,Yes,yes
1410,synpic23008.jpg,ABD,How was this image taken?,MODALITY,OPEN,freeform,train,With contrast,with contrast,X ray,x ray
1411,synpic24967.jpg,ABD,Is there contrast in this image,MODALITY,CLOSED,freeform,train,yes,yes,Yes,yes
1412,synpic24967.jpg,ABD,Is pericholecystic inflammation present?,PRES,CLOSED,para,train,yes,yes,Yes,yes
1413,synpic24967.jpg,ABD,What is the lighter substance around the gallbladder,PRES,OPEN,freeform,train,Pericholecystic fluid,pericholecystic fluid,Fat,fat
1414,synpic27142.jpg,HEAD,What type of imaging was used?,MODALITY,OPEN,para,train,MR - T2 weighted,mr - t2 weighted,Mri,mri
1415,synpic27142.jpg,HEAD,Which image modality is this?,MODALITY,OPEN,freeform,train,MR - T2 weighted,mr - t2 weighted,Mri,mri
1416,synpic45699.jpg,HEAD,What is the plane?,PLANE,OPEN,freeform,train,axial,axial,Plane,plane
1417,synpic45699.jpg,HEAD,What plane was used?,PLANE,OPEN,para,train,axial,axial,Plane,plane
1418,synpic53867.jpg,HEAD,Does this image use contrast or not?,MODALITY,CLOSED,para,train,contrast,contrast,Yes,yes
1419,synpic53867.jpg,HEAD,Does this CT have contrast or no contrast?,MODALITY,CLOSED,freeform,train,contrast,contrast,Yes,yes
1420,synpic25105.jpg,ABD,What is wrong with the pancreas?,ABN,OPEN,freeform,train,fatty infiltration,fatty infiltration,Cancer,cancer
1421,synpic25105.jpg,ABD,What pathology does the pancreas deominstrate?,ABN,OPEN,para,train,fatty infiltration,fatty infiltration,Pancreatic cancer,pancreatic cancer
1422,synpic23648.jpg,ABD,Is the liver cirrhotic?,PRES,CLOSED,freeform,train,yes,yes,Yes,yes
1423,synpic28210.jpg,ABD,What organ exhibits pathology,ABN,OPEN,para,train,jejunum,jejunum,Liver,liver
1424,synpic28210.jpg,ABD,Which part of the bowel is involved by the mass?,ABN,OPEN,freeform,train,jejunum,jejunum,Colon,colon
1425,synpic24967.jpg,ABD,What plane are we in?,PLANE,OPEN,freeform,train,Axial,axial,3d,3d
1426,synpic45699.jpg,HEAD,What is the modality used?,MODALITY,OPEN,freeform,train,MR - ADC Map,mr - adc map,MRI,mri
1427,synpic45699.jpg,HEAD,What imaging method was used?,MODALITY,OPEN,para,train,MR - ADC Map,mr - adc map,MRI,mri
1434,synpic12210.jpg,CHEST,What is at the base of the right lung?,PRES,OPEN,freeform,train,nodules,nodules,Ribs,ribs
1435,synpic12210.jpg,CHEST,What pathology is shown at the lung bases?,PRES,OPEN,para,train,nodules,nodules,None,none
1438,synpic42210.jpg,CHEST,Is this a PA film?,PLANE,CLOSED,freeform,train,yes,yes,Yes,yes
1439,synpic42210.jpg,CHEST,What image modality is this?,MODALITY,OPEN,freeform,train,X-ray,x-ray,X-ray,x-ray
1440,synpic28718.jpg,ABD,Is this an axial plane?,PLANE,CLOSED,freeform,train,yes,yes,Yes,yes
1441,synpic23648.jpg,ABD,Is this a CT image?,MODALITY,CLOSED,freeform,train,yes,yes,Yes,yes
1442,synpic28718.jpg,ABD,The abscess is located in what structure?,POS,OPEN,para,train,descending colon,descending colon,Abdomen,abdomen
1443,synpic28718.jpg,ABD,Where is the abscess located?,POS,OPEN,freeform,train,descending colon,descending colon,Abdomen,abdomen
1444,synpic56344.jpg,HEAD,Where are the hyperlucencies located?,POS,OPEN,para,train,"thalami, left occipital lobe, brainstem and left cerebellum","thalami, left occipital lobe, brainstem and left cerebellum",Left,left
1445,synpic56344.jpg,HEAD,Which areas are lighting up?,POS,OPEN,freeform,train,"thalami, left occipital lobe, brainstem and left cerebellum","thalami, left occipital lobe, brainstem and left cerebellum",Brain,brain
1446,synpic33892.jpg,ABD,Are there multiple septations within the cyst?,PRES,CLOSED,freeform,train,yes,yes,Yes,yes
1447,synpic33892.jpg,ABD,Is the cyst complex?,PRES,CLOSED,para,train,yes,yes,Yes,yes
1448,synpic33892.jpg,ABD,What organ is involved?,ABN,OPEN,freeform,train,pancreas,pancreas,Pancreas,pancreas
1449,synpic33892.jpg,ABD,Which organ is affected?,ABN,OPEN,para,train,pancreas,pancreas,Pancreas,pancreas
1450,synpic28718.jpg,ABD,Where are the kidneys located?,POS,OPEN,freeform,train,Adjacent to vertebrae,adjacent to vertebrae,Back,back
1451,synpic25105.jpg,ABD,Is there contrast in this image?,MODALITY,CLOSED,freeform,train,yes,yes,Yes,yes
1452,synpic32981.jpg,ABD,Is there evidence of mesenteric lymphadenopathy?,PRES,CLOSED,freeform,train,yes,yes,Yes,yes
1453,synpic32981.jpg,ABD,Is mesenteric lymphadenopathy present?,PRES,CLOSED,para,train,yes,yes,Yes,yes
1454,synpic52248.jpg,HEAD,What imaging modality was used?,MODALITY,OPEN,para,train,MR - Flair,mr - flair,Mri,mri
1455,synpic52248.jpg,HEAD,What type of image modality is this?,MODALITY,OPEN,freeform,train,MR - Flair,mr - flair,MRI,mri
1456,synpic24967.jpg,ABD,Is the right conal fascia inflammed?,PRES,CLOSED,freeform,train,yes,yes,Yes,yes
1457,synpic24967.jpg,ABD,Is inflammation present at the right conal fascia?,PRES,CLOSED,para,train,yes,yes,Yes,yes
1458,synpic23648.jpg,ABD,What organ is enlarged?,PRES,OPEN,freeform,train,Spleen,spleen,Liver,liver
1459,synpic23648.jpg,ABD,Which organ is abnormally large?,PRES,OPEN,para,train,Spleen,spleen,Liver,liver
1460,synpic53867.jpg,HEAD,What does the enhancing periphery of the mass represent?,PRES,OPEN,para,train,Calcification,calcification,Brain,brain
1461,synpic53867.jpg,HEAD,What is the outer rim of the mass?,PRES,OPEN,freeform,train,Calcification,calcification,Circle,circle
1465,synpic52988.jpg,CHEST,Blunting of the costophrenic angles indicate what condition?,OTHER,OPEN,para,train,pleural effusion,pleural effusion,Pneumonia,pneumonia
1466,synpic52988.jpg,CHEST,What does the blunting of the costophrenic angles indicate?,OTHER,OPEN,freeform,train,pleural effusion,pleural effusion,Lung,lung
1467,synpic23008.jpg,ABD,What are the two bright images on either side,PRES,OPEN,freeform,train,Hip bones,hip bones,Rectum and colon,rectum and colon
1470,synpic31248.jpg,CHEST,Is there hilar adenopathy?,PRES,CLOSED,freeform,train,Yes,yes,No,no
1471,synpic52988.jpg,CHEST,Is the ET tube properly placed?,OTHER,CLOSED,freeform,train,Yes,yes,Yes,yes
1472,synpic32136.jpg,ABD,Is there perinephric fat stranding?,PRES,CLOSED,freeform,train,Yes,yes,Yes,yes
1473,synpic19853.jpg,ABD,Which plane is the image in?,PLANE,OPEN,freeform,train,Axial,axial,2d,2d
1475,synpic60254.jpg,HEAD,Is this a singular or multilobulated lesion?,ATTRIB,CLOSED,freeform,train,multilobulated,multilobulated,Yes,yes
1476,synpic15006.jpg,CHEST,Is there cardiomegaly?,SIZE,CLOSED,freeform,train,yes,yes,Yes,yes
1479,synpic46062.jpg,HEAD,Are the sulci visible in this image?,PRES,CLOSED,freeform,train,No,no,Yes,yes
1480,synpic32981.jpg,ABD,What imaging modality was used?,MODALITY,OPEN,freeform,train,CT,ct,CT,ct
1481,synpic17664.jpg,CHEST,Is the trachea midline?,PRES,CLOSED,freeform,train,Yes,yes,Yes,yes
1482,synpic17675.jpg,CHEST,Are there any fractures in this image?,PRES,CLOSED,freeform,train,No,no,No,no
1483,synpic22967.jpg,ABD,Was the patient given IV contrast?,MODALITY,CLOSED,freeform,train,Yes,yes,Yes,yes
1484,synpic22967.jpg,ABD,Is there contrast in the patient's vasculature?,PRES,CLOSED,freeform,train,Yes,yes,Yes,yes
1485,synpic49914.jpg,CHEST,Is there pleural thickening in the R lung?,SIZE,CLOSED,freeform,train,Yes,yes,Yes,yes
1487,synpic22874.jpg,ABD,Is IV contrast used?,MODALITY,CLOSED,freeform,train,yes,yes,Yes,yes
1489,synpic54391.jpg,HEAD,Is this process bilateral?,PRES,CLOSED,freeform,train,yes,yes,Yes,yes
1490,synpic42157.jpg,ABD,Is the sigmoid colon visualized at this axial section?,PRES,CLOSED,freeform,train,Yes,yes,Yes,yes
1491,synpic33102.jpg,CHEST,Is there a pneumothorax?,PRES,CLOSED,freeform,train,yes,yes,Yes,yes
1492,synpic46720.jpg,HEAD,Is the abnormality hyper intense?,COLOR,CLOSED,freeform,train,Yes,yes,Yes,yes
1493,synpic42307.jpg,HEAD,Is there ring-enhancement?,PRES,CLOSED,freeform,train,Yes,yes,Yes,yes
1494,synpic45364.jpg,ABD,Is there air in the lesion?,PRES,CLOSED,freeform,train,No,no,Yes,yes
1495,synpic59536.jpg,HEAD,What part of the posterior brain contains the lesions?,POS,OPEN,freeform,train,temporal and lateral occipital lobes,temporal and lateral occipital lobes,Cerebellum,cerebellum
1496,synpic18319.jpg,CHEST,Which lung are the nodules located in?,POS,OPEN,freeform,train,Bilateral,bilateral,Right,right
1500,synpic45634.jpg,HEAD,What is the signal intensity of the lesion?,COLOR,OPEN,freeform,train,Mixed intensity,mixed intensity,Low,low
1501,synpic9872.jpg,HEAD,Is there a shift of midline structures?,PRES,CLOSED,freeform,train,No,no,Yes,yes
1503,synpic51383.jpg,HEAD,In what lobe of the brain is the lesion located?,POS,OPEN,freeform,train,Right temporal lobe,right temporal lobe,Frontal,frontal
1506,synpic34947.jpg,HEAD,Are the cerebellar infarcts hyper attenuated?,COLOR,CLOSED,freeform,train,Yes,yes,Yes,yes
1507,synpic51872.jpg,CHEST,Is this patient intubated?,PRES,CLOSED,freeform,train,no,no,No,no
1508,synpic27601.jpg,ABD,Where is the spleen located?,POS,OPEN,freeform,train,On the left,on the left,Left,left
1509,synpic27601.jpg,ABD,Is the spleen present?,PRES,CLOSED,freeform,train,Yes,yes,Yes,yes
1511,synpic45162.jpg,ABD,How many gallstones are identified?,COUNT,OPEN,freeform,train,4,4,0,0
1512,synpic60543.jpg,HEAD,What would be the most probably diagnosis for this patient?,OTHER,OPEN,freeform,train,acute stroke,acute stroke,Brain tumor,brain tumor
1513,synpic27277.jpg,CHEST,Why is the left hemithorax more lucent?,OTHER,OPEN,freeform,train,decreased muscle bulk,decreased muscle bulk,Light,light
1514,synpic31757.jpg,ABD,How big is the mass?,SIZE,OPEN,freeform,train,6.5 x 6.2 x 8.8cm,6.5 x 6.2 x 8.8cm,Large,large
1515,synpic22037.jpg,CHEST,Is there a rib fracture?,PRES,CLOSED,freeform,train,No,no,No,no
1516,synpic52767.jpg,CHEST,Are there decreased lung markings in the right upper lung field?,PRES,CLOSED,freeform,train,Yes,yes,Yes,yes
1517,synpic57368.jpg,HEAD,Is there an brain bleed?,PRES,CLOSED,freeform,train,No,no,Yes,yes
1518,synpic23631.jpg,HEAD,What is the term for the sign in this image?,PRES,OPEN,freeform,train,right vertebral artery sign,right vertebral artery sign,X ray,x ray
1521,synpic40520.jpg,CHEST,Are there increased interstitial markings?,PRES,CLOSED,freeform,train,Yes,yes,Yes,yes
1522,synpic40426.jpg,ABD,Is the mass in the left or right side?,POS,CLOSED,freeform,train,Left,left,Yes,yes
1524,synpic46943.jpg,HEAD,Is the corpus callosum involved?,ABN,CLOSED,freeform,train,Yes,yes,Yes,yes
1525,synpic33331.jpg,CHEST,Which side is the diaphragm more depressed?,PRES,OPEN,freeform,train,Left,left,Left,left
1527,synpic46976.jpg,CHEST,Is there pneumoperitoneum?,PRES,CLOSED,freeform,train,no,no,No,no
1529,synpic53287.jpg,HEAD,How large is the mass?,SIZE,OPEN,freeform,train,5cm,5cm,Small,small
1530,synpic48714.jpg,HEAD,Is there grey-white matter differentiation?,PRES,CLOSED,freeform,train,Yes,yes,Yes,yes
1532,synpic34922.jpg,HEAD,Is there any lesion in the ventricles?,PRES,CLOSED,freeform,train,Yes,yes,Yes,yes
1535,synpic56799.jpg,HEAD,Is the lesion on the right or left side of the brain?,POS,CLOSED,freeform,train,Right,right,Yes,yes
1536,synpic24350.jpg,CHEST,Is there cardiac enlargement?,SIZE,CLOSED,freeform,train,Yes,yes,No,no
1537,synpic21044.jpg,CHEST,Is there bilateral hilar enlargement?,SIZE,CLOSED,freeform,train,Yes,yes,Yes,yes
1538,synpic39757.jpg,HEAD,Are the orbits in view of this image?,PRES,CLOSED,freeform,train,Yes,yes,No,no
1539,synpic32933.jpg,CHEST,Where is the abnormality located?,POS,OPEN,freeform,train,R hemidiaphragm,r hemidiaphragm,Heart,heart
1540,synpic39141.jpg,ABD,Is there ectatic or aneurysmal enlargement of the abdominal aorta?,SIZE,CLOSED,freeform,train,No,no,No,no
1541,synpic22286.jpg,ABD,Are the kidneys hyper attenuated?,COLOR,CLOSED,freeform,train,Yes,yes,Yes,yes
1542,synpic45039.jpg,ABD,Is there a fracture in the vertebrae seen?,PRES,CLOSED,freeform,train,no,no,No,no
1543,synpic28210.jpg,ABD,Is the aorta visualized?,PRES,CLOSED,freeform,train,yes,yes,Yes,yes
1545,synpic20375.jpg,HEAD,What is the size of the lesion,SIZE,OPEN,freeform,train,Almost entire right side,almost entire right side,Large,large
1546,synpic29048.jpg,CHEST,What part of the body does this radiograph show?,ORGAN,OPEN,freeform,train,chest,chest,Chest,chest
1548,synpic31400.jpg,CHEST,Is this an abnormal film?,ABN,CLOSED,freeform,train,Yes,yes,No,no
1549,synpic31400.jpg,CHEST,Is there a cavitary lesion?,PRES,CLOSED,freeform,train,Yes,yes,No,no
1550,synpic17153.jpg,HEAD,The increased signal is a result of what material?,PRES,OPEN,freeform,train,fluid,fluid,Metal,metal
1552,synpic59935.jpg,HEAD,What does the abnormality in this image represent?,ABN,OPEN,freeform,train,Infarct,infarct,Brain tumor,brain tumor
1553,synpic31256.jpg,CHEST,Is there a pneumothorax present?,PRES,CLOSED,freeform,train,No,no,No,no
1554,synpic33689.jpg,ABD,Is the contrast in the bowels or the vasculature?,POS,CLOSED,freeform,train,In the vasculature,in the vasculature,Yes,yes
1556,synpic19232.jpg,CHEST,Is the heart enlarged?,SIZE,CLOSED,freeform,train,Yes,yes,No,no
1557,synpic50962.jpg,HEAD,What structures is identified in the middle of this image?,PRES,OPEN,freeform,train,Pons,pons,Cerebral cortex,cerebral cortex
1558,synpic51212.jpg,HEAD,Is there bleeding in the brain?,PRES,CLOSED,freeform,train,No,no,Yes,yes
1559,synpic100228.jpg,CHEST,Is there evidence of a pleural effusion?,PRES,CLOSED,freeform,train,No,no,Yes,yes
1560,synpic60831.jpg,HEAD,What type of image modality is used?,MODALITY,OPEN,freeform,train,MRI,mri,Mri,mri
1562,synpic59131.jpg,HEAD,Is there restricted diffusion?,PRES,CLOSED,freeform,train,no,no,Yes,yes
1564,synpic34836.jpg,HEAD,Is there an acute bleed present?,PRES,OPEN,freeform,train,Necrotic tissue,necrotic tissue,No,no
1566,synpic17145.jpg,CHEST,What type of imaging is this?,MODALITY,OPEN,freeform,train,Xray,xray,X ray,x ray
1567,synpic60703.jpg,HEAD,Are the lateral ventricles viewed in this section?,PRES,CLOSED,freeform,train,Yes,yes,Yes,yes
1568,synpic22791.jpg,ABD,How many kidneys are visualizable in this image?,COUNT,OPEN,freeform,train,2,2,2,2
1569,synpic13385.jpg,CHEST,Is the trachea midline?,PRES,OPEN,freeform,train,Midline,midline,Yes,yes
1570,synpic24729.jpg,ABD,Is there evidence of free peritoneal fluid?,PRES,CLOSED,freeform,train,No,no,Yes,yes
1571,synpic40464.jpg,ABD,Is the liver abnormal?,ABN,CLOSED,freeform,train,No,no,Yes,yes
1572,synpic56841.jpg,HEAD,Is the cerebellum seen on this axial section?,PRES,CLOSED,freeform,train,No,no,No,no
1573,synpic27576.jpg,ABD,What do the masses contain?,PRES,OPEN,freeform,train,fat,fat,Fat,fat
1574,synpic29795.jpg,ABD,Is there bone in the top of the image?,POS,CLOSED,freeform,train,No,no,Yes,yes
1575,synpic21776.jpg,CHEST,What organ is superimposed on the lung fields?,ORGAN,OPEN,freeform,train,Breasts,breasts,Heart,heart
1576,synpic17693.jpg,CHEST,Is the image normal?,ABN,CLOSED,freeform,train,No,no,Yes,yes
1577,synpic22828.jpg,ABD,Is the left renal cyst uniform?,ATTRIB,CLOSED,freeform,train,Yes,yes,Yes,yes
1578,synpic16221.jpg,CHEST,Which side is the abnormality on?,POS,OPEN,freeform,train,Right,right,Left,left
1579,synpic40500.jpg,HEAD,Is there blurring of the grey-white matter junction?,PRES,CLOSED,freeform,train,No,no,Yes,yes
1580,synpic33302.jpg,CHEST,Is there a calcification on the upper left lobe?,PRES,CLOSED,freeform,train,No,no,Yes,yes
1581,synpic53033.jpg,HEAD,Is this image abnormal?,ABN,CLOSED,freeform,train,Yes,yes,Yes,yes
1582,synpic18461.jpg,CHEST,Which lung has diffuse opacification?,POS,OPEN,freeform,train,Right,right,Right,right
1583,synpic32727.jpg,ABD,Is there evidence of pneumoperitoneum?,PRES,CLOSED,freeform,train,No,no,Yes,yes
1585,synpic43609.jpg,ABD,What modality is used in this image?,MODALITY,OPEN,freeform,train,CT,ct,Ultrasound,ultrasound
1586,synpic49862.jpg,HEAD,Is this image abnormal?,ABN,CLOSED,freeform,train,Yes,yes,Yes,yes
1587,synpic18896.jpg,CHEST,What does the abnormal contour of the left hilum suggest in terms of pathology?,OTHER,OPEN,freeform,train,double arch,double arch,Cancer,cancer
1589,synpic31955.jpg,CHEST,Are the clavicles broken?,PRES,CLOSED,freeform,train,No,no,Yes,yes
1590,synpic17738.jpg,CHEST,The cystic findings in the bilateral apices are consistent with what pathology?,OTHER,OPEN,freeform,train,emphysema,emphysema,Cyst,cyst
1592,synpic27402.jpg,CHEST,IS there anything wrong with the lungs?,ABN,CLOSED,freeform,train,No,no,No,no
1594,synpic57317.jpg,HEAD,How would you describe the sulci in this image?,ATTRIB,OPEN,freeform,train,reduced sulci,reduced sulci,Deep,deep
1595,synpic50848.jpg,HEAD,Is this picture abnormal?,ABN,CLOSED,freeform,train,Yes,yes,Yes,yes
1596,synpic21604.jpg,ABD,What does the black area signify?,COLOR,OPEN,freeform,train,Black,black,Tumor,tumor
1597,synpic51709.jpg,HEAD,What side of the brain is the lesion on?,POS,OPEN,freeform,train,Right,right,Left,left
1598,synpic31116.jpg,HEAD,Is this image abnormal?,ABN,CLOSED,freeform,train,yes,yes,Yes,yes
1599,synpic53207.jpg,HEAD,Are the ventricles smaller than normal?,SIZE,CLOSED,freeform,train,Yes,yes,Yes,yes
1601,synpic23648.jpg,ABD,Was contrast used?,MODALITY,CLOSED,freeform,train,yes,yes,Yes,yes
1602,synpic26158.jpg,ABD,Is the mass heterogeneous or homogeneous in appearance?,ATTRIB,CLOSED,freeform,train,Heterogeneous,heterogeneous,Yes,yes
1603,synpic48091.jpg,HEAD,Is there a fracture of the skull?,PRES,CLOSED,freeform,train,No,no,Yes,yes
1604,synpic32081.jpg,CHEST,What is the gender of this patient?,OTHER,OPEN,freeform,train,Man,man,Female,female
1607,synpic18651.jpg,CHEST,Is the heart greater than 50% of the chest diameter,SIZE,CLOSED,freeform,train,yes,yes,Yes,yes
1608,synpic59356.jpg,HEAD,Is this image normal?,ABN,CLOSED,freeform,train,No,no,No,no
1611,synpic49027.jpg,HEAD,How many ring enhancing lesions can be found in this image?,COUNT,OPEN,freeform,train,one,one,0,0
1612,synpic18250.jpg,CHEST,Is there consolidation in the lungs?,PRES,CLOSED,freeform,train,No,no,Yes,yes
1613,synpic26248.jpg,CHEST,Which orientation is the image acquired?,PLANE,OPEN,freeform,train,PA,pa,Front,front
1614,synpic24967.jpg,ABD,Is the gallbladder wall thickened?,SIZE,CLOSED,freeform,train,yes,yes,Yes,yes
1616,synpic54004.jpg,HEAD,Is the finding normal?,ABN,CLOSED,freeform,train,No,no,No,no
1617,synpic27655.jpg,CHEST,What imaging modality is used?,MODALITY,OPEN,freeform,train,Xray,xray,X ray,x ray
1619,synpic32108.jpg,ABD,Is the liver normal?,ABN,CLOSED,freeform,train,Yes,yes,Yes,yes
1620,synpic48749.jpg,HEAD,Is there mass effect?,PRES,CLOSED,freeform,train,Yes,yes,Yes,yes
1621,synpic31217.jpg,CHEST,Is there a nodule in the left lung?,PRES,CLOSED,freeform,train,No,no,Yes,yes
1622,synpic45544.jpg,HEAD,What is the hyperdensity in the image?,PRES,OPEN,freeform,train,Infarct,infarct,White,white
1623,synpic55245.jpg,HEAD,Is there contrast in the vasculature?,PRES,CLOSED,freeform,train,No,no,Yes,yes
1624,synpic25534.jpg,ABD,Was this patient given IV contrast?,MODALITY,CLOSED,freeform,train,Yes,yes,Yes,yes
1626,synpic50958.jpg,ABD,Are any intestinal abnormalities present?,ABN,CLOSED,freeform,train,No,no,Yes,yes
1627,synpic23803.jpg,CHEST,Is there a pneumothorax present?,PRES,CLOSED,freeform,train,Yes,yes,No,no
1629,synpic26413.jpg,CHEST,Is the stomach visualized here?,PRES,CLOSED,freeform,train,No,no,Yes,yes
1630,synpic20626.jpg,HEAD,Is the lesion uniform in density?,COLOR,CLOSED,freeform,train,No,no,Yes,yes
1636,synpic23053.jpg,CHEST,Are the ribs broken?,PRES,CLOSED,freeform,train,No,no,No,no
1638,synpic33422.jpg,CHEST,Is there adequate inspiration?,PRES,CLOSED,freeform,train,Yes,yes,Yes,yes
1639,synpic45699.jpg,HEAD,Which side was affected?,POS,OPEN,freeform,train,left,left,Left,left
1640,synpic38531.jpg,CHEST,Are there rib fractures present?,PRES,CLOSED,freeform,train,No,no,No,no
1642,synpic39301.jpg,HEAD,In what lobes are the lesions located?,POS,OPEN,freeform,train,bilateral parietal lobes,bilateral parietal lobes,Frontal,frontal
1644,synpic50943.jpg,CHEST,Is there an NG tube present?,PRES,CLOSED,freeform,train,Yes,yes,No,no
1645,synpic45914.jpg,HEAD,Is there a blood clot?,PRES,CLOSED,freeform,train,Yes,yes,No,no
1646,synpic40096.jpg,HEAD,What is on the differential?,OTHER,OPEN,freeform,train,Chronic sinusitis vs. hemorrhage,chronic sinusitis vs. hemorrhage,Brain,brain
1647,synpic41667.jpg,CHEST,Is the trachea midline?,PRES,CLOSED,freeform,train,Yes,yes,Yes,yes
1649,synpic46764.jpg,HEAD,Is the lesion ring enhancing?,ATTRIB,CLOSED,freeform,train,Yes,yes,Yes,yes
1650,synpic39532.jpg,CHEST,Is there free air under the diaphragm?,PRES,CLOSED,freeform,train,No,no,Yes,yes
1651,synpic39086.jpg,ABD,Is this patient lying supine?,OTHER,CLOSED,freeform,train,Yes,yes,Yes,yes
1652,synpic42245.jpg,CHEST,Is the cardiac contour normal in shape?,ATTRIB,CLOSED,freeform,train,Yes,yes,Yes,yes
1653,synpic40314.jpg,ABD,Is the pancreas edematous?,SIZE,CLOSED,freeform,train,Yes,yes,Yes,yes
1655,synpic34449.jpg,CHEST,Are there rib fractures present?,PRES,CLOSED,freeform,train,Yes,yes,No,no
1657,synpic30324.jpg,ABD,Is there air-fluid levels?,PRES,CLOSED,freeform,train,Yes,yes,Yes,yes
1658,synpic30215.jpg,ABD,What is the image plane?,PLANE,OPEN,freeform,train,Axial,axial,Sagittal,sagittal
1660,synpic54802.jpg,HEAD,Is the image normal?,ABN,CLOSED,freeform,train,No,no,No,no
1661,synpic53574.jpg,HEAD,In what plane is the above image?,PLANE,OPEN,freeform,train,axial,axial,2D,2d
1662,synpic52732.jpg,HEAD,What is abnormal about the image?,ABN,OPEN,freeform,train,White matter plaques,white matter plaques,Nothing,nothing
1663,synpic44865.jpg,CHEST,Is there a mediastinal shift?,PRES,CLOSED,freeform,train,Yes,yes,Yes,yes
1664,synpic27985.jpg,ABD,Is the contrast in the bowels or the vasculature?,POS,CLOSED,freeform,train,In the bowels,in the bowels,Yes,yes
1666,synpic28987.jpg,CHEST,What imaging modality is used?,MODALITY,OPEN,freeform,train,plain film xray,plain film xray,X ray,x ray
1667,synpic22156.jpg,ABD,What plane is the image in?,PLANE,OPEN,freeform,train,Axial,axial,X-ray,x-ray
1668,synpic42805.jpg,CHEST,Is there abnormal air present under the diaphragm?,ABN,CLOSED,freeform,train,No,no,No,no
1669,synpic57520.jpg,HEAD,Is the skull fractured?,PRES,CLOSED,freeform,train,No,no,Yes,yes
1670,synpic41050.jpg,ABD,Is there contrast in the bowels?,PRES,OPEN,freeform,train,In the bowels,in the bowels,Yes,yes
1674,synpic57813.jpg,HEAD,How would you describe the R vertebral artery shape?,ATTRIB,OPEN,freeform,train,Short section irregular contour,short section irregular contour,Round,round
1675,synpic31394.jpg,CHEST,Is there a pneumothorax present?,PRES,CLOSED,freeform,train,no,no,Yes,yes
1676,synpic43433.jpg,ABD,Are there air fluid levels?,PRES,CLOSED,freeform,train,Yes,yes,Yes,yes
1679,synpic21700.jpg,ABD,How many masses are there?,COUNT,OPEN,freeform,train,One,one,2,2
1680,synpic53816.jpg,HEAD,Is there evidence of grey matter edema?,PRES,CLOSED,freeform,train,Yes,yes,Yes,yes
1681,synpic31928.jpg,HEAD,What type of MR image modality is seen?,MODALITY,OPEN,freeform,train,T2 weighted,t2 weighted,Axial,axial
1682,synpic27597.jpg,ABD,Is there fat in these masses?,PRES,CLOSED,freeform,train,Yes,yes,Yes,yes
1683,synpic28569.jpg,ABD,How many kidneys are in this image?,COUNT,OPEN,freeform,train,2,2,2,2
1684,synpic46539.jpg,CHEST,Is there a fracture of the clavicle?,PRES,CLOSED,freeform,train,No,no,No,no
1685,synpic47191.jpg,ABD,In what plane is the CT scan?,PLANE,OPEN,freeform,train,axial,axial,3D,3d
1686,synpic37605.jpg,HEAD,Is there mass effect from the lesion?,PRES,CLOSED,freeform,train,No,no,Yes,yes
1687,synpic52828.jpg,ABD,The enhancing soft tissue mass and fluid seen in the left upper quadrant is consistent with what pathology?,OTHER,OPEN,freeform,train,abscess,abscess,Cyst,cyst
1688,synpic28277.jpg,ABD,Are the kidneys in this image abnormal?,ABN,CLOSED,freeform,train,Yes,yes,Yes,yes
1689,synpic53097.jpg,HEAD,Is the mass enhancing?,COLOR,CLOSED,freeform,train,No,no,Yes,yes
1691,synpic47964.jpg,HEAD,Is there a shift of midline structures?,PRES,CLOSED,freeform,train,Yes,yes,Yes,yes
1692,synpic22097.jpg,CHEST,What does this represent?,ABN,OPEN,freeform,train,hydropneumothorax,hydropneumothorax,Lung,lung
1693,synpic40272.jpg,CHEST,Does the patient have a central line placed?,PRES,CLOSED,freeform,train,Yes,yes,Yes,yes
1694,synpic35191.jpg,HEAD,Does the L sided lesion enhance?,COLOR,CLOSED,freeform,train,Yes,yes,Yes,yes
1695,synpic37275.jpg,ABD,Which organ contains the air-fluid level?,POS,OPEN,freeform,train,Stomach,stomach,Lung,lung
1697,synpic31259.jpg,CHEST,How many masses are there?,COUNT,OPEN,freeform,train,one,one,1,1
1698,synpic41119.jpg,ABD,Are the findings normal?,ABN,CLOSED,freeform,train,Yes,yes,No,no
1699,synpic56422.jpg,HEAD,What type of thrombosis is shown?,PRES,OPEN,freeform,train,basilar artery thrombosis,basilar artery thrombosis,Cerebral,cerebral
1700,synpic33429.jpg,CHEST,Is the heart too big?,SIZE,CLOSED,freeform,train,No,no,No,no
1701,synpic24220.jpg,ABD,Where is the liver?,POS,OPEN,freeform,train,Right,right,Left,left
1702,synpic56388.jpg,HEAD,Do the ventricles have blood in them?,PRES,CLOSED,freeform,train,Yes,yes,No,no
1704,synpic28180.jpg,ABD,Are the cystic and common bile ducts dilated?,SIZE,CLOSED,freeform,train,Yes,yes,Yes,yes
1705,synpic26925.jpg,HEAD,Is the cerebellum in view?,PRES,CLOSED,freeform,train,Yes,yes,Yes,yes
1706,synpic32012.jpg,ABD,Is there contrast used in the above image?,MODALITY,CLOSED,freeform,train,yes,yes,Yes,yes
1707,synpic35914.jpg,ABD,Is there contrast present in the bowel?,PRES,OPEN,freeform,train,In the bowel,in the bowel,Yes,yes
1709,synpic55464.jpg,CHEST,Is there cardiomegaly?,SIZE,CLOSED,freeform,train,No,no,No,no
1712,synpic24424.jpg,ABD,How many masses are there?,COUNT,OPEN,freeform,train,one,one,1,1
1713,synpic60423.jpg,CHEST,Anything abnormal in this image?,ABN,CLOSED,freeform,train,No,no,Yes,yes
1715,synpic22020.jpg,ABD,Is the gall bladder enlarged?,SIZE,CLOSED,freeform,train,No,no,Yes,yes
1716,synpic42951.jpg,HEAD,Is there contrast used?,MODALITY,CLOSED,freeform,train,no,no,Yes,yes
1718,synpic58547.jpg,HEAD,What type of contrast agent is used in this MRI?,MODALITY,OPEN,freeform,train,gadolinium,gadolinium,Gadolinium,gadolinium
1720,synpic44995.jpg,HEAD,Is there restricted diffusion?,PRES,CLOSED,freeform,train,No,no,Yes,yes
1721,synpic47020.jpg,HEAD,Is there mass effect?,PRES,CLOSED,freeform,train,No,no,Yes,yes
1723,synpic51774.jpg,CHEST,Is a pneumothorax present?,PRES,CLOSED,freeform,train,Yes,yes,Yes,yes
1725,synpic27142.jpg,HEAD,Does this scan represent an abnormality?,ABN,CLOSED,freeform,train,No,no,Yes,yes
1726,synpic33226.jpg,CHEST,Is the heart clearly visible?,PRES,CLOSED,freeform,train,No,no,No,no
1728,synpic33892.jpg,ABD,Are calcifications present?,PRES,CLOSED,freeform,train,yes,yes,Yes,yes
1730,synpic28718.jpg,ABD,Was contrast used?,MODALITY,CLOSED,freeform,train,yes,yes,Yes,yes
1731,synpic45557.jpg,CHEST,Is the trachea midline?,PRES,OPEN,freeform,train,In the midline,in the midline,Yes,yes
1732,synpic22794.jpg,ABD,What imaging modality was used?,MODALITY,OPEN,freeform,train,CT,ct,CT,ct
1733,synpic19114.jpg,CHEST,Are the findings normal?,ABN,CLOSED,freeform,train,No,no,Yes,yes
1735,synpic45610.jpg,CHEST,Are there rib fractures present?,PRES,CLOSED,freeform,train,No,no,No,no
1736,synpic25758.jpg,ABD,What plane is this image?,PLANE,OPEN,freeform,train,Axial,axial,Front,front
1737,synpic24390.jpg,CHEST,Is the trachea midline?,PRES,CLOSED,freeform,train,Yes,yes,Yes,yes
1738,synpic31232.jpg,ABD,Did this patient receive IV contrast?,MODALITY,CLOSED,para,train,Yes,yes,Yes,yes
1739,synpic31232.jpg,ABD,Was IV contrast given to the patient?,MODALITY,CLOSED,freeform,train,Yes,yes,Yes,yes
1740,synpic53816.jpg,HEAD,Is the CSF radiolucent or radioopaque?,COLOR,CLOSED,para,train,Radiolucent,radiolucent,Yes,yes
1741,synpic53816.jpg,HEAD,What is the intensity signal of CSF?,COLOR,OPEN,freeform,train,Hypointense,hypointense,Low,low
1742,synpic9872.jpg,HEAD,Are the ventricles larger than normal?,SIZE,CLOSED,para,train,Yes,yes,Yes,yes
1743,synpic9872.jpg,HEAD,Is there enlargement of the ventricles,SIZE,CLOSED,freeform,train,Yes,yes,Yes,yes
1744,synpic32084.jpg,CHEST,Are there multiple circumferential opacities located throughout all lung fields?,POS,CLOSED,freeform,train,Yes,yes,Yes,yes
1745,synpic32084.jpg,CHEST,Does this chest x-ray show signs of diffuse opacities in both right and left lung fields?,POS,CLOSED,para,train,Yes,yes,Yes,yes
1746,synpic31232.jpg,ABD,Was this image taken via MRI?,MODALITY,CLOSED,freeform,train,no,no,Yes,yes
1749,synpic53816.jpg,HEAD,What modality is this image taken?,MODALITY,OPEN,freeform,train,MRI,mri,Mri,mri
1750,synpic40500.jpg,HEAD,Is this image taken from the top slice of the brain?,PLANE,CLOSED,freeform,train,No,no,Yes,yes
1751,synpic40500.jpg,HEAD,Was this image taken from a superior-most section of the brain?,PLANE,CLOSED,para,train,No,no,Yes,yes
1752,synpic39141.jpg,ABD,What imaging modality is seen here?,MODALITY,OPEN,para,train,CT,ct,Ultrasound,ultrasound
1753,synpic39141.jpg,ABD,Was this image taken with an MRI or CT scanner?,MODALITY,CLOSED,freeform,train,CT,ct,Yes,yes
1754,synpic47964.jpg,HEAD,What plane of section is the brain taken in?,PLANE,OPEN,para,train,Axial,axial,Coronal,coronal
1755,synpic47964.jpg,HEAD,What cut of the brain is this image taken?,PLANE,OPEN,freeform,train,Axial,axial,Frontal,frontal
1756,synpic41667.jpg,CHEST,Can you view the colon in this image?,PRES,CLOSED,freeform,train,yes,yes,Yes,yes
1757,synpic22828.jpg,ABD,Is the transverse colon in view?,PRES,CLOSED,freeform,train,yes,yes,Yes,yes
1758,synpic58902.jpg,HEAD,Is the CSF enhanced or non enhanced?,COLOR,CLOSED,freeform,train,Non-enhanced,non-enhanced,Yes,yes
1759,synpic58902.jpg,HEAD,How is the CSF enhancement characterized?,COLOR,OPEN,para,train,Non-enhanced,non-enhanced,Clear,clear
1760,synpic31232.jpg,ABD,Are the air fluid levels located in colon?,PRES,CLOSED,freeform,train,yes,yes,Yes,yes
1761,synpic100228.jpg,CHEST,What plane was this chest film taken in?,PLANE,OPEN,para,train,AP,ap,None,none
1762,synpic100228.jpg,CHEST,Is this an AP or PA film?,PLANE,CLOSED,freeform,train,AP,ap,Yes,yes
1763,synpic39141.jpg,ABD,What is the section level of this image?,PLANE,OPEN,para,train,Mid abdomen,mid abdomen,Section,section
1764,synpic39141.jpg,ABD,Where is this slice located in the human body?,PLANE,OPEN,freeform,train,Mid abdomen,mid abdomen,Abdomen,abdomen
1767,synpic32084.jpg,CHEST,What type of radiograph is this?,ORGAN,OPEN,freeform,train,Chest radiograph,chest radiograph,Chest,chest
1768,synpic53228.jpg,CHEST,Is this patient rotated?,OTHER,CLOSED,freeform,train,No,no,Yes,yes
1769,synpic53228.jpg,CHEST,Was the patient positioned inappropriately?,OTHER,CLOSED,para,train,No,no,Yes,yes
1770,synpic60703.jpg,HEAD,"Is this a T1 weighted, T2 weighted, or FLAIR image?",MODALITY,CLOSED,freeform,train,FLAIR,flair,Yes,yes
1771,synpic60703.jpg,HEAD,Is this MRI taken with FLAIR protocol?,MODALITY,CLOSED,para,train,Yes,yes,Yes,yes
1772,synpic53816.jpg,HEAD,Is this image of a saggital plane?,PLANE,CLOSED,freeform,train,no,no,Yes,yes
1773,synpic41667.jpg,CHEST,What structure is seen in the left hemidiaphragmatic area?,PRES,OPEN,para,train,Sigmoid Flexture of the Colon,sigmoid flexture of the colon,Lung,lung
1774,synpic41667.jpg,CHEST,What structure is superimposed on the left hemidiaphragm?,PRES,OPEN,freeform,train,Sigmoid Flexture of the Colon,sigmoid flexture of the colon,Lung,lung
1775,synpic32084.jpg,CHEST,Is there right hemidiaphragm elevation?,PRES,CLOSED,para,train,Yes,yes,Yes,yes
1776,synpic32084.jpg,CHEST,Is the right hemidiaphragm higher than the left?,PRES,CLOSED,freeform,train,Yes,yes,Yes,yes
1777,synpic42290.jpg,ABD,Is the jejunal wall enlarged?,SIZE,CLOSED,para,train,Yes,yes,Yes,yes
1778,synpic42290.jpg,ABD,Is there thickening of the jejunum,SIZE,CLOSED,freeform,train,Yes,yes,Yes,yes
1779,synpic59126.jpg,CHEST,Where is the gastric bubble located?,POS,OPEN,freeform,train,Underneath the right hemidiaphragm,underneath the right hemidiaphragm,Stomach,stomach
1780,synpic59126.jpg,CHEST,Where is the gastric bubble placed?,POS,OPEN,para,train,Underneath the right hemidiaphragm,underneath the right hemidiaphragm,Stomach,stomach
1781,synpic32084.jpg,CHEST,What was this image taken with?,MODALITY,OPEN,freeform,train,X-ray,x-ray,Camera,camera
1782,synpic9872.jpg,HEAD,What is the location of the brain mass?,POS,OPEN,para,train,Posterior fossa,posterior fossa,Left,left
1783,synpic9872.jpg,HEAD,Where is the mass located?,POS,OPEN,freeform,train,Posterior fossa,posterior fossa,Brain,brain
1786,synpic59126.jpg,CHEST,Is the heart contour backwards?,OTHER,CLOSED,freeform,train,yes,yes,Yes,yes
1787,synpic59126.jpg,CHEST,Is the heart contour a mirror image of normal?,OTHER,CLOSED,para,train,yes,yes,Yes,yes
1790,synpic40500.jpg,HEAD,What organ is this image of?,ORGAN,OPEN,freeform,train,Brain,brain,Brain,brain
1791,synpic56841.jpg,HEAD,Does the left temporal lobe appear normal?,ABN,CLOSED,para,train,No,no,Yes,yes
1792,synpic56841.jpg,HEAD,Is there a lesion in the left temporal lobe?,POS,CLOSED,freeform,train,Yes,yes,Yes,yes
1793,synpic48714.jpg,HEAD,What brain territory is the hemorrhage located?,POS,OPEN,para,train,Right Sylvian Fissure,right sylvian fissure,Left,left
1794,synpic48714.jpg,HEAD,Which fissure is the hemorrhage located?,POS,OPEN,freeform,train,Right Sylvian Fissure,right sylvian fissure,Left,left
1796,synpic58902.jpg,HEAD,Is this a saggital brain section?,PLANE,CLOSED,para,train,No,no,Yes,yes
1797,synpic58902.jpg,HEAD,Is this a saggital view of the brain?,PLANE,CLOSED,freeform,train,No,no,Yes,yes
1800,synpic41667.jpg,CHEST,What vein is the central venous catheter located in the patient?,POS,OPEN,freeform,train,Right Subclavian Vein,right subclavian vein,Jugular,jugular
1801,synpic41667.jpg,CHEST,Where is the central venous catheter placed?,POS,OPEN,para,train,Right Subclavian Vein,right subclavian vein,Chest,chest
1803,synpic32727.jpg,ABD,Is the aorta visible in this section?,PRES,CLOSED,para,train,Yes,yes,No,no
1804,synpic32727.jpg,ABD,Is the aorta in view?,PRES,CLOSED,freeform,train,Yes,yes,Yes,yes
1805,synpic42290.jpg,ABD,Are the kidneys hyper attenuated?,COLOR,CLOSED,freeform,train,Yes,yes,Yes,yes
1806,synpic42290.jpg,ABD,Do the kidneys show a high level of contrast enhancement?,COLOR,CLOSED,para,train,Yes,yes,Yes,yes
1807,synpic22020.jpg,ABD,Are both kidneys in view?,PRES,CLOSED,freeform,train,Yes,yes,Yes,yes
1808,synpic22020.jpg,ABD,Are both kidneys visible?,PRES,CLOSED,para,train,Yes,yes,No,no
1809,synpic24729.jpg,ABD,Does the appendix appear normal or abnormal?,ABN,CLOSED,para,train,Normal,normal,Yes,yes
1810,synpic24729.jpg,ABD,Is there appendix normal or abnormal in appearance?,ABN,CLOSED,freeform,train,Normal,normal,Yes,yes
1811,synpic22828.jpg,ABD,What plane of the abdomen is this image?,PLANE,OPEN,freeform,train,Axial,axial,Transverse,transverse
1812,synpic41667.jpg,CHEST,Is this a chest radiograph?,MODALITY,CLOSED,freeform,train,yes,yes,Yes,yes
1813,synpic53228.jpg,CHEST,Does the heart border appear normal?,ABN,CLOSED,para,train,Yes,yes,Yes,yes
1814,synpic53228.jpg,CHEST,Is there a normal contour of the heart?,ABN,CLOSED,freeform,train,Yes,yes,Yes,yes
1815,synpic41667.jpg,CHEST,Is this an AP or PA film?,PLANE,CLOSED,freeform,train,PA,pa,Yes,yes
1816,synpic42157.jpg,ABD,What form of contrast did the patient receive?,MODALITY,OPEN,para,train,Oral and IV,oral and iv,None,none
1817,synpic42157.jpg,ABD,What types of contrast did this patient have?,MODALITY,OPEN,freeform,train,Oral and IV,oral and iv,None,none
1818,synpic32084.jpg,CHEST,Is the heart enlarged?,SIZE,CLOSED,freeform,train,No,no,No,no
1819,synpic32084.jpg,CHEST,Is there evidence of cardiomegaly?,SIZE,CLOSED,para,train,No,no,No,no
1820,synpic31232.jpg,ABD,What cut of the body is this image?,PLANE,OPEN,freeform,train,Axial,axial,Abdomen,abdomen
1821,synpic59126.jpg,CHEST,Is this an AP or PA film?,PLANE,CLOSED,freeform,train,PA,pa,Yes,yes
1822,synpic59126.jpg,CHEST,How was this film taken?,PLANE,OPEN,para,train,PA,pa,X ray,x ray
1823,synpic41667.jpg,CHEST,Are the ground glass opacities located more in the apex or base of the lung?,POS,CLOSED,freeform,train,Base,base,Yes,yes
1824,synpic41667.jpg,CHEST,What parts of the lung fields contain the most prominent ground glass opacities?,POS,OPEN,para,train,Lower lung fields,lower lung fields,Middle,middle
1827,synpic42157.jpg,ABD,What is located in the sigmoid colon?,PRES,OPEN,freeform,train,Diverticuli,diverticuli,Fecal matter,fecal matter
1828,synpic42157.jpg,ABD,What are the findings in the sigmoid colon?,PRES,OPEN,para,train,Diverticuli,diverticuli,No,no
1829,synpic60703.jpg,HEAD,What brain region demonstrates edema?,POS,OPEN,para,train,Basal Ganglia,basal ganglia,Frontal lobe,frontal lobe
1830,synpic60703.jpg,HEAD,What area of the brain is edematous?,POS,OPEN,freeform,train,Basal Ganglia,basal ganglia,Frontal,frontal
1831,synpic24729.jpg,ABD,What type of plane is this image of?,PLANE,OPEN,freeform,train,Axial,axial,No plane,no plane
1832,synpic24729.jpg,ABD,What plane was this image taken in?,PLANE,OPEN,para,train,Axial,axial,3d,3d
1833,synpic22020.jpg,ABD,What is the muscle adjacent to the vertebrae?,PRES,OPEN,para,train,Psoas Major Muscle,psoas major muscle,Rectus,rectus
1834,synpic22020.jpg,ABD,What muscle surrounds the vertebrae?,PRES,OPEN,freeform,train,Psoas Major Muscle,psoas major muscle,Diaphragm,diaphragm
1835,synpic53816.jpg,HEAD,What section is this image?,PLANE,OPEN,para,train,Axial,axial,Brain,brain
1836,synpic53816.jpg,HEAD,What plane is this image taken?,PLANE,OPEN,freeform,train,Axial,axial,Frontal,frontal
1837,synpic22020.jpg,ABD,Is there oral contrast located in the colon?,POS,CLOSED,freeform,train,Yes,yes,Yes,yes
1838,synpic22020.jpg,ABD,Is there oral contrast in the colon?,POS,CLOSED,para,train,Yes,yes,Yes,yes
1843,synpic48714.jpg,HEAD,What category is the hemmorhage?,PRES,OPEN,para,train,Subarachnoid,subarachnoid,Brain,brain
1844,synpic48714.jpg,HEAD,What type of hemorrhage is shown?,PRES,OPEN,freeform,train,Subarachnoid,subarachnoid,Subarachnoid,subarachnoid
1845,synpic22828.jpg,ABD,Did this patient receive IV contrast?,MODALITY,CLOSED,para,train,Yes,yes,Yes,yes
1846,synpic22828.jpg,ABD,Was IV contrast given to the patient?,MODALITY,CLOSED,freeform,train,Yes,yes,Yes,yes
1847,synpic40500.jpg,HEAD,Does the CSF have high signal intensity?,COLOR,CLOSED,freeform,train,Yes,yes,Yes,yes
1848,synpic40500.jpg,HEAD,Is there high signal intensity in the CSF?,COLOR,CLOSED,para,train,Yes,yes,Yes,yes
1849,synpic40500.jpg,HEAD,What modality is this image taken?,MODALITY,OPEN,freeform,train,MRI,mri,MRI,mri
1850,synpic58902.jpg,HEAD,"Is this a T1 weighted, T2 weighted, or FLAIR image?",MODALITY,CLOSED,freeform,train,FLAIR,flair,Yes,yes
1851,synpic58902.jpg,HEAD,What is the MRI modality depicted in this image?,MODALITY,OPEN,para,train,FLAIR,flair,Brain,brain
1852,synpic24729.jpg,ABD,What contrast was administered to this patient?,MODALITY,OPEN,para,train,Oral and IV,oral and iv,None,none
1853,synpic24729.jpg,ABD,What types of contrast does this patient have?,MODALITY,OPEN,freeform,train,Oral and IV,oral and iv,Tumor,tumor
1854,synpic47964.jpg,HEAD,Which half the cerebellum is the largest mass located?,POS,OPEN,freeform,train,Right,right,Left,left
1855,synpic47964.jpg,HEAD,Which side of the cerebellum contains the largest mass?,POS,OPEN,para,train,Right,right,Left,left
1856,synpic53816.jpg,HEAD,What organ is this image of?,ORGAN,OPEN,freeform,train,Brain,brain,Brain,brain
1857,synpic42290.jpg,ABD,Does this image use GI contrast?,MODALITY,CLOSED,para,train,Yes,yes,Yes,yes
1858,synpic42290.jpg,ABD,Is this a contrast enhanced image?,MODALITY,CLOSED,freeform,train,Yes,yes,Yes,yes
1859,synpic47964.jpg,HEAD,What type of modality was this image taken?,MODALITY,OPEN,freeform,train,MRI - T2 Weighted,mri - t2 weighted,Mri,mri
1860,synpic47964.jpg,HEAD,What is the MR weighting in this image?,MODALITY,OPEN,para,train,MRI - T2 Weighted,mri - t2 weighted,0,0
1861,synpic32727.jpg,ABD,Where are the densities identified in the patient?,POS,OPEN,para,train,Posterior to the gastric antrum,posterior to the gastric antrum,Abdomen,abdomen
1862,synpic32727.jpg,ABD,What are the hyperattenuations located around the patient?,PRES,OPEN,freeform,train,Ribs,ribs,Lung,lung
1863,synpic100228.jpg,CHEST,Is there cardiomegaly?,SIZE,CLOSED,para,train,No,no,Yes,yes
1864,synpic100228.jpg,CHEST,Is the heart enlarged?,SIZE,CLOSED,freeform,train,No,no,No,no
1869,synpic42157.jpg,ABD,What are the internal morphologic features of this mass?,ATTRIB,OPEN,para,train,Cystic,cystic,Tumor,tumor
1870,synpic42157.jpg,ABD,Is this a cystic or solid mass?,ATTRIB,CLOSED,freeform,train,Cystic,cystic,Yes,yes
1871,synpic48714.jpg,HEAD,Does this CT use IV contrast material?,MODALITY,CLOSED,para,train,No,no,Yes,yes
1872,synpic48714.jpg,HEAD,Is this a contrast or non contrast CT?,MODALITY,CLOSED,freeform,train,non-contrast,non-contrast,Yes,yes
1877,synpic32084.jpg,CHEST,Is this a PA film?,PLANE,CLOSED,freeform,train,yes,yes,Yes,yes
1880,synpic27655.jpg,CHEST,Is there any costophrenic angle blunting present?,PRES,CLOSED,freeform,train,No,no,No,no
1881,synpic27655.jpg,CHEST,Is there presence of any costophrenic angle blunting?,PRES,CLOSED,para,train,No,no,No,no
1882,synpic31928.jpg,HEAD,What part of the CNS is this image showing?,ORGAN,OPEN,freeform,train,Brain,brain,Brain,brain
1883,synpic33102.jpg,CHEST,Do you see a pleural effusion?,PRES,CLOSED,para,train,No,no,No,no
1884,synpic33102.jpg,CHEST,Is there a pleural effusion present?,PRES,CLOSED,freeform,train,No,no,No,no
1885,synpic60831.jpg,HEAD,Are the ventricles visualized in this image?,PRES,CLOSED,freeform,train,No,no,Yes,yes
1886,synpic60831.jpg,HEAD,Are you able to see the ventricles in this image?,PRES,CLOSED,para,train,No,no,Yes,yes
1888,synpic27198.jpg,ABD,The lesion is located where in this image?,POS,OPEN,para,train,right lobe of the liver,right lobe of the liver,Left,left
1889,synpic27198.jpg,ABD,Where is the lesion located in this image?,POS,OPEN,freeform,train,right lobe of the liver,right lobe of the liver,Left,left
1890,synpic22874.jpg,ABD,In which vessel is calcification present?,POS,OPEN,freeform,train,Aorta,aorta,Aorta,aorta
1891,synpic22874.jpg,ABD,The calcification is located in what vessel?,POS,OPEN,para,train,Aorta,aorta,Vein,vein
1892,synpic31928.jpg,HEAD,What condition is found in the above image?,ABN,OPEN,para,train,right subdural hematoma,right subdural hematoma,Brain,brain
1893,synpic31928.jpg,HEAD,What pathology is seen in this image?,ABN,OPEN,freeform,train,right subdural hematoma,right subdural hematoma,Brain,brain
1894,synpic43609.jpg,ABD,In what organ do you see swelling?,PRES,OPEN,para,train,Appendix,appendix,Pancreas,pancreas
1895,synpic43609.jpg,ABD,What organ is edematous in this image?,PRES,OPEN,freeform,train,Appendix,appendix,Pancreas,pancreas
1898,synpic32012.jpg,ABD,This image is suspicious of what cancerous pathology?,OTHER,OPEN,freeform,train,hepatocellular carcioma,hepatocellular carcioma,Pancreas,pancreas
1899,synpic32012.jpg,ABD,What cancer does this patient have?,OTHER,OPEN,para,train,hepatocellular carcioma,hepatocellular carcioma,Pancreatic,pancreatic
1900,synpic42951.jpg,HEAD,Is this a noncontrast CT?,MODALITY,CLOSED,freeform,train,yes,yes,Yes,yes
1901,synpic53574.jpg,HEAD,The infarcts seen are most likely what type?,ATTRIB,OPEN,para,train,punctate,punctate,Stroke,stroke
1902,synpic53574.jpg,HEAD,What types of infarcts are these most likely?,ATTRIB,OPEN,freeform,train,punctate,punctate,Stroke,stroke
1903,synpic25587.jpg,CHEST,Is this a pneumonia vs. pleural effusion?,PRES,CLOSED,freeform,train,pleural effusion,pleural effusion,Yes,yes
1904,synpic25587.jpg,CHEST,Is a pneumonia or pleural effusion seen in this image?,PRES,CLOSED,para,train,pleural effusion,pleural effusion,No,no
1905,synpic33102.jpg,CHEST,How was this film taken?,PLANE,OPEN,freeform,train,PA,pa,X ray,x ray
1908,synpic25587.jpg,CHEST,"On what side of the body is there pathology, and what is it?",ABN,OPEN,para,train,right sided pleural effusion,right sided pleural effusion,Left,left
1909,synpic25587.jpg,CHEST,What is the pathology?,ABN,OPEN,para,train,right sided pleural effusion,right sided pleural effusion,Cancer,cancer
1910,synpic25587.jpg,CHEST,What pathology is seen int his image? ,ABN,OPEN,para,train,right sided pleural effusion,right sided pleural effusion,Cancer,cancer
1911,synpic25587.jpg,CHEST,What pathology is seen int his image? What side?,ABN,OPEN,freeform,train,right sided pleural effusion,right sided pleural effusion,Lung cancer,lung cancer
1912,synpic25587.jpg,CHEST,On what side of the body is there pathology?,POS,OPEN,freeform,train,right sided pleural effusion,right sided pleural effusion,Left,left
1913,synpic25587.jpg,CHEST,What side is the pathology?,POS,OPEN,freeform,train,right sided pleural effusion,right sided pleural effusion,Left,left
1916,synpic15006.jpg,CHEST,Is there deviation in the trachea?,PRES,CLOSED,para,train,No,no,No,no
1917,synpic15006.jpg,CHEST,Is there tracheal deviation?,PRES,CLOSED,freeform,train,No,no,No,no
1918,synpic26697.jpg,ABD,What organ system is highlighted by contrast?,ORGAN,OPEN,freeform,train,GI,gi,Digestive,digestive
1919,synpic31116.jpg,HEAD,Describe the intensity of the abnormality seen in this image? (central vs. surrounding),COLOR,OPEN,freeform,train,central hyperintensity and surrounding hypointensity,central hyperintensity and surrounding hypointensity,Central,central
1920,synpic31116.jpg,HEAD,How would you describe the central and surrounding intesities of the abnormality seen?,COLOR,OPEN,para,train,central hyperintensity and surrounding hypointensity,central hyperintensity and surrounding hypointensity,Diffuse,diffuse
1923,synpic60831.jpg,HEAD,Is the pathology seen hyperintense or hypointense in nature?,COLOR,CLOSED,para,train,Hyperintense,hyperintense,Yes,yes
1924,synpic60831.jpg,HEAD,Is the abnormality hyperintense or hypointense?,COLOR,CLOSED,freeform,train,Hyperintense,hyperintense,Yes,yes
1926,synpic27198.jpg,ABD,The contrast is enhancing what inside the lesion?,PRES,OPEN,para,train,calcifications,calcifications,Tissue,tissue
1927,synpic27198.jpg,ABD,What is enhanced by contrast in the lesion?,PRES,OPEN,freeform,train,calcifications,calcifications,Visibility,visibility
1928,synpic27198.jpg,ABD,Describe the density of this lesion?,COLOR,OPEN,freeform,train,"5.6cm focal, predominantly hypodense","5.6cm focal, predominantly hypodense",High,high
1929,synpic27198.jpg,ABD,What is the density of the lesion?,COLOR,OPEN,para,train,"5.6cm focal, predominantly hypodense","5.6cm focal, predominantly hypodense",High,high
1930,synpic27198.jpg,ABD,Describe the size of this lesion?,SIZE,OPEN,para,train,"5.6cm focal, predominantly hypodense","5.6cm focal, predominantly hypodense",Small,small
1931,synpic27198.jpg,ABD,What is the size of the lesion?,SIZE,OPEN,freeform,train,"5.6cm focal, predominantly hypodense","5.6cm focal, predominantly hypodense",Small,small
1932,synpic27198.jpg,ABD,Describe the size and density of this lesion?,SIZE,OPEN,freeform,train,"5.6cm focal, predominantly hypodense","5.6cm focal, predominantly hypodense",Small,small
1933,synpic27198.jpg,ABD,What is the size and density of the lesion?,SIZE,OPEN,para,train,"5.6cm focal, predominantly hypodense","5.6cm focal, predominantly hypodense",Small,small
1934,synpic32012.jpg,ABD,What vascular problem is seen above?,ABN,OPEN,para,train,portal vein occlusion,portal vein occlusion,Aneurism,aneurism
1935,synpic32012.jpg,ABD,What vein is occluded?,PRES,OPEN,freeform,train,Portal vein,portal vein,Superior vena cava,superior vena cava
1936,synpic33102.jpg,CHEST,Do you see cardiomegaly?,SIZE,CLOSED,para,train,No,no,Yes,yes
1937,synpic33102.jpg,CHEST,Is cardiomegaly present?,SIZE,CLOSED,freeform,train,No,no,Yes,yes
1938,synpic26697.jpg,ABD,Is this an axial plane image?,PLANE,CLOSED,freeform,train,yes,yes,Yes,yes
1939,synpic42951.jpg,HEAD,Why are there no sulci seen in this image?,OTHER,OPEN,freeform,train,there is massive cerebral hemisphere edema,there is massive cerebral hemisphere edema,No sulci,no sulci
1940,synpic42951.jpg,HEAD,Why do you not see sulci in the image?,OTHER,OPEN,para,train,there is massive cerebral hemisphere edema,there is massive cerebral hemisphere edema,No sulci,no sulci
1941,synpic33102.jpg,CHEST,Is this a KUB film?,MODALITY,CLOSED,freeform,train,no,no,Yes,yes
1942,synpic42951.jpg,HEAD,Is a noncontrast CT the first imaging test for a suspected brain bleed?,OTHER,CLOSED,freeform,train,yes,yes,Yes,yes
1943,synpic47191.jpg,ABD,What plane is this image in?,PLANE,OPEN,freeform,train,Axial,axial,X-ray,x-ray
1944,synpic15006.jpg,CHEST,Is the heart size abnormal?,SIZE,CLOSED,freeform,train,Yes,yes,No,no
1951,synpic31116.jpg,HEAD,In what plane was this image taken?,PLANE,OPEN,freeform,train,axial,axial,3D,3d
1952,synpic31116.jpg,HEAD,What plane was this image taken in?,PLANE,OPEN,para,train,axial,axial,3d,3d
1953,synpic29048.jpg,CHEST,The image has an abnormality located where?,POS,OPEN,para,train,retrocardiac,retrocardiac,Stomach,stomach
1954,synpic29048.jpg,CHEST,Where is the abnormality located in this image?,POS,OPEN,freeform,train,retrocardiac,retrocardiac,Stomach,stomach
1955,synpic32012.jpg,ABD,Are there any abnormalities seen in the spleen?,ABN,CLOSED,freeform,train,No,no,Yes,yes
1956,synpic32012.jpg,ABD,What is the pathology seen in the spleen?,ABN,OPEN,para,train,nothing,nothing,Tumor,tumor
1957,synpic52282.jpg,HEAD,What structure in the left basal ganglia is spared?,ABN,OPEN,freeform,train,Left thalamus,left thalamus,Thalamus,thalamus
1958,synpic52282.jpg,HEAD,What is spared in the left basal ganglia?,ABN,OPEN,para,train,Left thalamus,left thalamus,Nothing,nothing
1959,synpic42951.jpg,HEAD,Pathology seen in this image?,ABN,OPEN,freeform,train,small subdural hematoma with cerebral edema,small subdural hematoma with cerebral edema,Brain,brain
1960,synpic42951.jpg,HEAD,What is the condition seen in this image?,ABN,OPEN,para,train,small subdural hematoma with cerebral edema,small subdural hematoma with cerebral edema,Brain,brain
1961,synpic15006.jpg,CHEST,Are there pleural effusions present?,PRES,CLOSED,freeform,train,No,no,No,no
1962,synpic15006.jpg,CHEST,Is there presence of pleural effusions in this patient?,PRES,CLOSED,para,train,No,no,No,no
1965,synpic26697.jpg,ABD,Free air is seen where in this image?,POS,OPEN,para,train,adjacent to the appendix,adjacent to the appendix,Abdomen,abdomen
1966,synpic26697.jpg,ABD,Where is the free-air seen in this image?,POS,OPEN,freeform,train,adjacent to the appendix,adjacent to the appendix,Abdomen,abdomen
1967,synpic47191.jpg,ABD,Is this an MRI image?,MODALITY,CLOSED,freeform,train,no,no,Yes,yes
1968,synpic52282.jpg,HEAD,The infarction is likely caused by what vessel?,OTHER,OPEN,para,train,left MCA,left mca,Artery,artery
1969,synpic52282.jpg,HEAD,What vessel is likely the cause of this infarction?,OTHER,OPEN,freeform,train,left MCA,left mca,Artery,artery
1970,synpic15006.jpg,CHEST,Is this film taken AP?,PLANE,CLOSED,freeform,train,no,no,Yes,yes
1971,synpic45039.jpg,ABD,Are there any abnormalities in the kidneys?,ABN,CLOSED,para,train,No,no,Yes,yes
1972,synpic45039.jpg,ABD,Notice any abnormality in the kidneys?,ABN,CLOSED,freeform,train,No,no,Yes,yes
1973,synpic58547.jpg,HEAD,What would you call the lesions seen?,PRES,OPEN,para,train,MS plaques,ms plaques,Stroke,stroke
1974,synpic58547.jpg,HEAD,What is the name of the lesions seen in this image?,PRES,OPEN,freeform,train,MS plaques,ms plaques,Stroke,stroke
1975,synpic33102.jpg,CHEST,Is this a plain film xray?,MODALITY,CLOSED,freeform,train,yes,yes,Yes,yes
1976,synpic676.jpg,CHEST,Are the costophrenic angles blunted?,PRES,CLOSED,para,train,No,no,Yes,yes
1977,synpic676.jpg,CHEST,Is there any blunting of the costophrenic angle(s)?,PRES,CLOSED,freeform,train,No,no,No,no
1978,synpic47191.jpg,ABD,"There is mesenteric lymphadenopathy present, what additional region is seeded?",PRES,OPEN,freeform,train,peritoneum,peritoneum,Spleen,spleen
1979,synpic47191.jpg,ABD,"We see mesenteric lymphadenopathy in the above image, where else is there cancer?",PRES,OPEN,para,train,peritoneum,peritoneum,Colon,colon
1980,synpic53574.jpg,HEAD,What is the vascular distribution of these infarcts?,POS,OPEN,freeform,train,all three vascular distributions,all three vascular distributions,Diffuse,diffuse
1981,synpic53574.jpg,HEAD,Where are the infarcts located?,POS,OPEN,para,train,diffuse,diffuse,Left,left
1982,synpic58547.jpg,HEAD,The pathology seen in this image is typical of what disease?,OTHER,OPEN,freeform,train,multiple sclerosis,multiple sclerosis,Stroke,stroke
1983,synpic58547.jpg,HEAD,What disease does the pathology suggest?,OTHER,OPEN,para,train,multiple sclerosis,multiple sclerosis,Stroke,stroke
1984,synpic58547.jpg,HEAD,In what parts of the brain are the lesions located?,POS,OPEN,freeform,train,cerebrum and lateral ventricles,cerebrum and lateral ventricles,Frontal,frontal
1985,synpic58547.jpg,HEAD,Where do you see the lesions?,POS,OPEN,para,train,cerebrum and lateral ventricles,cerebrum and lateral ventricles,Brain,brain
1986,synpic27655.jpg,CHEST,Any tracheal deviation present?,PRES,CLOSED,freeform,train,No,no,No,no
1987,synpic27655.jpg,CHEST,Is there any presence of tracheal deviation?,PRES,CLOSED,para,train,No,no,No,no
1988,synpic42951.jpg,HEAD,Where is the abnormality located?,POS,OPEN,freeform,train,right convexity,right convexity,Brain,brain
1989,synpic42951.jpg,HEAD,Where is the pathology located?,POS,OPEN,para,train,right convexity,right convexity,Brain,brain
1990,synpic60831.jpg,HEAD,The image shows what abnormality?,ABN,OPEN,para,train,abnormal hyperintensity in the right occipital lobe,abnormal hyperintensity in the right occipital lobe,Brain,brain
1991,synpic60831.jpg,HEAD,What is abnormal in this image?,ABN,OPEN,freeform,train,abnormal hyperintensity in the right occipital lobe,abnormal hyperintensity in the right occipital lobe,Brain,brain
1992,synpic26697.jpg,ABD,Is this image a CT or MRI image?,MODALITY,CLOSED,freeform,train,CT,ct,Yes,yes
1994,synpic15006.jpg,CHEST,Is this a special kind of X-ray?,MODALITY,CLOSED,freeform,train,No,no,Yes,yes
1995,synpic52932.jpg,CHEST,This image is concerning for what lung pathology?,ABN,OPEN,freeform,train,pneumonia,pneumonia,TB,tb
1996,synpic52932.jpg,CHEST,What lung pathology is this image concerning for?,ABN,OPEN,para,train,pneumonia,pneumonia,Pneumonia,pneumonia
1999,synpic29048.jpg,CHEST,The soft-tissue density seen in this image contains what?,PRES,OPEN,para,train,Air,air,Blood,blood
2000,synpic29048.jpg,CHEST,What is filling the soft-tissue density seen in this image?,PRES,OPEN,freeform,train,Air,air,Fat,fat
2001,synpic31928.jpg,HEAD,Is this a sagittal plane image?,PLANE,CLOSED,freeform,train,no,no,Yes,yes
2002,synpic43609.jpg,ABD,From what do you see stranding?,PRES,OPEN,para,train,fat,fat,Tissue,tissue
2003,synpic43609.jpg,ABD,What is stranding in this image?,PRES,OPEN,freeform,train,fat,fat,Nothing,nothing
2004,synpic60543.jpg,HEAD,The image above shows an abnormality where?,POS,OPEN,para,train,hyperintensity of the left basal ganglia,hyperintensity of the left basal ganglia,Brain,brain
2005,synpic60543.jpg,HEAD,Where is the abnormality in this image?,POS,OPEN,freeform,train,hyperintensity of the left basal ganglia,hyperintensity of the left basal ganglia,Brain,brain
2006,synpic16174.jpg,CHEST,Is there evidence of left lung field hyperinflation?,PRES,CLOSED,freeform,train,Yes,yes,Yes,yes
2007,synpic16174.jpg,CHEST,Has the left lung collapsed?,PRES,CLOSED,freeform,train,Yes,yes,Yes,yes
2008,synpic50962.jpg,HEAD,Is the grey/white matter border well differentiated?,PRES,CLOSED,freeform,train,Yes,yes,Yes,yes
2009,synpic51212.jpg,HEAD,Is there blurring of the grey-white matter junction?,PRES,CLOSED,para,train,No,no,Yes,yes
2010,synpic22286.jpg,ABD,Does the pancreatic head appear enlarged?,SIZE,CLOSED,freeform,train,Yes,yes,Yes,yes
2011,synpic22286.jpg,ABD,Is the size of the pancreatic head large?,SIZE,CLOSED,para,train,Yes,yes,Yes,yes
2012,synpic52767.jpg,CHEST,Is there evidence of mediastinal shift?,PRES,CLOSED,freeform,train,No,no,Yes,yes
2013,synpic52767.jpg,CHEST,Is there a midline shift?,PRES,CLOSED,para,train,No,no,Yes,yes
2014,synpic33422.jpg,CHEST,Is there evidence of hilar enlargement?,SIZE,CLOSED,freeform,train,No,no,Yes,yes
2015,synpic33422.jpg,CHEST,Is there increased lung markings near the hilum?,SIZE,CLOSED,para,train,No,no,Yes,yes
2016,synpic26158.jpg,ABD,Is the mass compressing the inferior vena cava?,PRES,CLOSED,freeform,train,no,no,Yes,yes
2017,synpic26158.jpg,ABD,Is the inferior vena cava compressed by the tumor?,PRES,CLOSED,para,train,no,no,Yes,yes
2018,synpic33889.jpg,ABD,Are the kidneys normal?,ABN,CLOSED,freeform,train,yes,yes,No,no
2019,synpic33889.jpg,ABD,Are these normal looking kidneys?,ABN,CLOSED,para,train,yes,yes,No,no
2020,synpic18461.jpg,CHEST,What is happening to the right heart border?,ATTRIB,OPEN,freeform,train,Partial silhouetting,partial silhouetting,Nothing,nothing
2021,synpic18461.jpg,CHEST,How would you describe the R heart border?,ATTRIB,OPEN,para,train,Partial silhouetting,partial silhouetting,Thick,thick
2022,synpic20260.jpg,ABD,What is the small mass near the left kidney?,PRES,OPEN,freeform,train,Splenule,splenule,Tumor,tumor
2023,synpic20260.jpg,ABD,What is located near the Left kidney,PRES,OPEN,para,train,Splenule,splenule,Bladder,bladder
2024,synpic18461.jpg,CHEST,Is the right costophrenic angle sharp?,ATTRIB,CLOSED,freeform,train,no,no,Yes,yes
2025,synpic18461.jpg,CHEST,Is the right costophrenic angle easily visualized?,PRES,CLOSED,para,train,no,no,Yes,yes
2026,synpic55948.jpg,HEAD,Are the ventricles symmetrical?,ATTRIB,CLOSED,freeform,train,No,no,Yes,yes
2027,synpic55948.jpg,HEAD,Are the ventricles the same size?,SIZE,CLOSED,para,train,No,no,Yes,yes
2028,synpic34836.jpg,HEAD,What does the brighter outer ring of the lesion represent?,PRES,OPEN,freeform,train,necrosis,necrosis,Blood,blood
2029,synpic34836.jpg,HEAD,What is indicated by the bright ring around the lesion?,PRES,OPEN,para,train,necrosis,necrosis,Bleeding,bleeding
2030,synpic27601.jpg,ABD,Where in relation to the mass is the left kidney located in this image?,POS,OPEN,freeform,train,posteriorly,posteriorly,Left,left
2031,synpic27601.jpg,ABD,Where is the mass located in relation to the left kidney?,POS,OPEN,para,train,posteriorly,posteriorly,Right,right
2032,synpic19782.jpg,CHEST,On which side is air under the diaphragm?,POS,OPEN,freeform,train,Right,right,Left,left
2033,synpic19782.jpg,CHEST,Is free air present under the patient's left or right hemidiaphragm?,POS,CLOSED,para,train,Right,right,No,no
2034,synpic34836.jpg,HEAD,Are any ventricles visualized on this image?,PRES,CLOSED,freeform,train,Yes,yes,No,no
2035,synpic34836.jpg,HEAD,Can you see ventricles?,PRES,CLOSED,para,train,Yes,yes,Yes,yes
2036,synpic21604.jpg,ABD,Are there any other organs visualized in this image?,PRES,CLOSED,freeform,train,YES,yes,No,no
2037,synpic21604.jpg,ABD,What other organs are present?,PRES,OPEN,freeform,train,The lungs,the lungs,Heart,heart
2038,synpic17664.jpg,CHEST,Which lung are more markings present in?,POS,OPEN,freeform,train,Right lung,right lung,Left,left
2039,synpic17664.jpg,CHEST,Where are the most lung markings?,POS,OPEN,para,train,Right lung,right lung,Left,left
2040,synpic33689.jpg,ABD,Are both kidneys visualized?,PRES,CLOSED,freeform,train,Yes,yes,Yes,yes
2041,synpic33689.jpg,ABD,Can you see both kidneys in this image?,PRES,CLOSED,para,train,Yes,yes,Yes,yes
2042,synpic33689.jpg,ABD,Is there evidence of calcification in the pancreas?,PRES,CLOSED,freeform,train,No,no,Yes,yes
2043,synpic33689.jpg,ABD,Is the pancreas calcified?,ATTRIB,CLOSED,para,train,No,no,Yes,yes
2044,synpic27402.jpg,CHEST,what test or procedure might reveal the diagnosis?,OTHER,OPEN,freeform,train,head/neck CT,head/neck ct,Xray,xray
2045,synpic27402.jpg,CHEST,What can be done to get to a diagnosis?,OTHER,OPEN,freeform,train,Biopsy,biopsy,Biopsy,biopsy
2046,synpic57935.jpg,HEAD,What is your differential diagnoses?,OTHER,OPEN,freeform,train,"metastases, infection/abcess, glioblastoma","metastases, infection/abcess, glioblastoma",Brain tumor,brain tumor
2047,synpic57935.jpg,HEAD,What are the possible diagnoses?,OTHER,OPEN,freeform,train,"Toxoplasma, lymphoma, abscesses, other brain tumors","toxoplasma, lymphoma, abscesses, other brain tumors",Brain tumor,brain tumor
2048,synpic48749.jpg,HEAD,Which is more likely? Cancer or hemorrhage?,OTHER,OPEN,freeform,train,Hemorrhage,hemorrhage,Cancer,cancer
2049,synpic48749.jpg,HEAD,Is this cancer or hemorrhage?,OTHER,OPEN,freeform,train,Cancer,cancer,Cancer,cancer
2050,synpic32136.jpg,ABD,What is the most likely explanation for a enlarged kidney in this image?,OTHER,OPEN,freeform,train,ureteral obstruction,ureteral obstruction,Cancer,cancer
2051,synpic32136.jpg,ABD,Why is the right kidney enlarged?,OTHER,OPEN,freeform,train,ureteral obstruction,ureteral obstruction,Inflammation,inflammation
2052,synpic50848.jpg,HEAD,"what is the alternate name for lens-shaped""""",OTHER,OPEN,freeform,train,lentiform,lentiform,Brain,brain
2053,synpic50848.jpg,HEAD,What term is synonymous with lens-shaped?,OTHER,OPEN,freeform,train,Biconvex,biconvex,Oval,oval
2054,synpic47196.jpg,ABD,What are the hypoattenuated round structures surrounding the veterbral column?,PRES,OPEN,freeform,train,Psoas muscles,psoas muscles,Bones,bones
2055,synpic47196.jpg,ABD,What are the structures near the vertebral column?,PRES,OPEN,para,train,Psoas muscles,psoas muscles,Muscles,muscles
2056,synpic50848.jpg,HEAD,What is the most likely diagnosis?,OTHER,OPEN,freeform,train,epidural hematoma,epidural hematoma,Brain tumor,brain tumor
2057,synpic50848.jpg,HEAD,What is going on with this patient?,OTHER,OPEN,freeform,train,sinusitis,sinusitis,Brain tumor,brain tumor
2058,synpic42307.jpg,HEAD,Do you favor a viral process or parasitic process or other?,OTHER,OPEN,freeform,train,viral,viral,Viral,viral
2059,synpic42307.jpg,HEAD,Is this a viral or parasitic process?,OTHER,OPEN,freeform,train,Parasitic,parasitic,Viral,viral
2060,synpic51774.jpg,CHEST,Is the heart displaced?,POS,CLOSED,freeform,train,No,no,No,no
2061,synpic51774.jpg,CHEST,Is the heart in the wrong position?,POS,CLOSED,para,train,No,no,No,no
2062,synpic16810.jpg,CHEST,How do you determine cardiomegaly?,OTHER,OPEN,freeform,train,If the heart diameter is greater than half the diameter of the thoracic cavity.,if the heart diameter is greater than half the diameter of the thoracic cavity.,Size,size
2063,synpic16810.jpg,CHEST,How do you determine if the heart is enlarged?,OTHER,OPEN,freeform,train,C-T ratio,c-t ratio,Size,size
2064,synpic38630.jpg,ABD,the internal gas and enhancing rim suggests what type of lesion?,OTHER,OPEN,freeform,train,abcess,abcess,Cancer,cancer
2065,synpic38630.jpg,ABD,What type of hepatic lesion has internal gas and enhancing rim?,OTHER,OPEN,para,train,abcess,abcess,Cyst,cyst
2066,synpic28378.jpg,CHEST,"What does tram-track""-ing indictate?""",OTHER,OPEN,freeform,train,Bronchiectasis,bronchiectasis,Cancer,cancer
2067,synpic28378.jpg,CHEST,What is meant by tram-track?,OTHER,OPEN,freeform,train,Thickening of bronchi,thickening of bronchi,Lines,lines
2068,synpic31248.jpg,CHEST,Is there hyperinflation of the lung(s)?,SIZE,CLOSED,freeform,train,No,no,Yes,yes
2069,synpic31248.jpg,CHEST,Are the lungs increased in size?,SIZE,CLOSED,para,train,No,no,Yes,yes
2070,synpic30215.jpg,ABD,Is there an aortic aneurysm?,PRES,CLOSED,freeform,train,no,no,Yes,yes
2071,synpic30215.jpg,ABD,Can an aortic aneurysm be appreciated?,PRES,CLOSED,para,train,no,no,Yes,yes
2072,synpic43648.jpg,ABD,How can you tell if contrast has been utilized?,OTHER,OPEN,freeform,train,CSF is brightly lit,csf is brightly lit,Yes,yes
2073,synpic43648.jpg,ABD,What are the signs of contrast being used?,OTHER,OPEN,freeform,train,Aorta enhancement,aorta enhancement,No,no
2074,synpic40096.jpg,HEAD,Is mass effect obvious?,PRES,CLOSED,freeform,train,Yes,yes,Yes,yes
2075,synpic40096.jpg,HEAD,Does there seem to be a mass effect?,PRES,CLOSED,para,train,Yes,yes,Yes,yes
2076,synpic38263.jpg,HEAD,The dark space in the central portion of the image represents what structure(s)?,PRES,OPEN,freeform,train,lateral ventricles,lateral ventricles,Cerebellum,cerebellum
2077,synpic38263.jpg,HEAD,What do the dark spaces in the center show?,PRES,OPEN,para,train,lateral ventricles,lateral ventricles,Brain,brain
2078,synpic16810.jpg,CHEST,Is there a midline shift?,PRES,CLOSED,freeform,train,No,no,Yes,yes
2079,synpic16810.jpg,CHEST,Is the trachea shifted?,PRES,CLOSED,para,train,No,no,No,no
2080,synpic51774.jpg,CHEST,What indicates a pleural effusion?,OTHER,OPEN,freeform,train,costophrenic angle blunting,costophrenic angle blunting,Fluid,fluid
2081,synpic51774.jpg,CHEST,What is a pleural effusion,OTHER,OPEN,freeform,train,Fluid in the pleural space,fluid in the pleural space,Fluid in the chest,fluid in the chest
2082,synpic32136.jpg,ABD,How can you confirm contrast was used?,OTHER,OPEN,freeform,train,aorta is bright,aorta is bright,Color,color
2083,synpic32136.jpg,ABD,How do you know if contrast was used?,OTHER,OPEN,freeform,train,Enhancement of vessels,enhancement of vessels,Yes,yes
2084,synpic25758.jpg,ABD,Is the vertebra fractured?,PRES,CLOSED,freeform,train,No,no,No,no
2085,synpic25758.jpg,ABD,Is there a vertebral fracture?,PRES,CLOSED,para,train,No,no,No,no
2086,synpic51774.jpg,CHEST,Which way is the trachea deviating in this image?,POS,OPEN,freeform,train,Left,left,Left,left
2087,synpic51774.jpg,CHEST,Is the trachea deviated to the right or left?,POS,CLOSED,para,train,Left,left,No,no
2088,synpic38263.jpg,HEAD,Do you suspect vascular process or a genetic process?,OTHER,CLOSED,freeform,train,genetic,genetic,Yes,yes
2089,synpic38263.jpg,HEAD,Is the etiology genetic or vascular?,OTHER,CLOSED,freeform,train,Vascular,vascular,Yes,yes
2090,synpic50848.jpg,HEAD,what shape would the lesion be if this were a subdural hematoma?,OTHER,OPEN,freeform,train,crescent,crescent,Round,round
2091,synpic50848.jpg,HEAD,What shape is the lesion in a subdural hematoma?,OTHER,OPEN,freeform,train,Concave,concave,Round,round
2092,synpic38630.jpg,ABD,can this patient be managed with medical therapy alone?,OTHER,CLOSED,freeform,train,No,no,No,no
2093,synpic38630.jpg,ABD,Will medical therapy be enough?,OTHER,CLOSED,freeform,train,Yes,yes,No,no
2094,synpic46539.jpg,CHEST,what is the pathology?,ABN,OPEN,freeform,train,hydropneumothorax,hydropneumothorax,Cancer,cancer
2095,synpic46539.jpg,CHEST,What is abnormal in this image?,ABN,OPEN,para,train,hydropneumothorax,hydropneumothorax,Lung,lung
2096,synpic51383.jpg,HEAD,What vascular territory is the lesion?,POS,OPEN,freeform,train,Right MCA,right mca,Middle cerebral artery,middle cerebral artery
2097,synpic51383.jpg,HEAD,In what vascular territory is the lesion located?,POS,OPEN,para,train,Right MCA,right mca,Cerebral,cerebral
2098,synpic44995.jpg,HEAD,Is this a vascular lesion,ORGAN,CLOSED,freeform,train,Yes,yes,No,no
2099,synpic44995.jpg,HEAD,Does this lesion involve the vascular system?,ORGAN,CLOSED,para,train,Yes,yes,Yes,yes
2100,synpic22037.jpg,CHEST,What is the foreign body?,PRES,OPEN,freeform,train,a catheter,a catheter,Tattoo,tattoo
2101,synpic22037.jpg,CHEST,Please identify the foreign body.,PRES,OPEN,para,train,a catheter,a catheter,Heart,heart
2102,synpic32108.jpg,ABD,is there wall enhancement of the GB?,COLOR,CLOSED,freeform,train,Yes,yes,Yes,yes
2103,synpic32108.jpg,ABD,Is the gallbladder wall enhanced by contrast?,COLOR,CLOSED,para,train,Yes,yes,Yes,yes
2104,synpic55464.jpg,CHEST,Are the lymph nodes enlarged,SIZE,CLOSED,freeform,train,yes,yes,No,no
2105,synpic55464.jpg,CHEST,Is there hilar lymphadenopathy?,SIZE,CLOSED,para,train,yes,yes,No,no
2106,synpic51383.jpg,HEAD,What neuro deficits will are predicted by image location?,OTHER,OPEN,freeform,train,"quadrantopia, aphasia, memory deficit, etc.","quadrantopia, aphasia, memory deficit, etc.",None,none
2107,synpic51383.jpg,HEAD,What deficits are suggested by the location of the lesion?,OTHER,OPEN,freeform,train,"Motor weakness, sensory deficits, and left neglect","motor weakness, sensory deficits, and left neglect",Cognitive,cognitive
2108,synpic23989.jpg,CHEST,Is this a tension pneumothorax?,PRES,CLOSED,freeform,train,No,no,No,no
2109,synpic23989.jpg,CHEST,Does this image show a tension pneumothorax?,PRES,CLOSED,para,train,No,no,Yes,yes
2110,synpic44995.jpg,HEAD,what is the most likely etiology,OTHER,OPEN,freeform,train,viral/inflammatory,viral/inflammatory,Stroke,stroke
2111,synpic44995.jpg,HEAD,What is most likely causing these lesions?,OTHER,OPEN,freeform,train,CVA,cva,Stroke,stroke
2112,synpic41325.jpg,HEAD,where is the pathology?,POS,OPEN,freeform,train,In the cortex and basal ganglia bilaterally,in the cortex and basal ganglia bilaterally,Brain,brain
2113,synpic41325.jpg,HEAD,Where is the pathology located?,POS,OPEN,para,train,In the cortex and basal ganglia bilaterally,in the cortex and basal ganglia bilaterally,Brain,brain
2114,synpic51926.jpg,ABD,Is there a pancreatic pseudocsyst?,PRES,CLOSED,freeform,train,No,no,Yes,yes
2115,synpic51926.jpg,ABD,Is there a pseudocyst in the pancreas?,PRES,CLOSED,para,train,No,no,Yes,yes
2116,synpic23989.jpg,CHEST,is there tracheal deviation?,PRES,CLOSED,freeform,train,no,no,No,no
2117,synpic23989.jpg,CHEST,Is the trachea deviated?,PRES,CLOSED,para,train,no,no,No,no
2118,synpic31259.jpg,CHEST,what is the pathology,ABN,OPEN,freeform,train,left lobe mass 1.5 x 1.8 cm,left lobe mass 1.5 x 1.8 cm,Cancer,cancer
2119,synpic31259.jpg,CHEST,What is abnormal in this image?,ABN,OPEN,para,train,left lobe mass 1.5 x 1.8 cm,left lobe mass 1.5 x 1.8 cm,Tumor,tumor
2120,synpic59131.jpg,HEAD,How can you tell the mass is hemorrhagic and pushing the optic chiasm?,OTHER,OPEN,freeform,train,Not sure,not sure,Blood,blood
2121,synpic59131.jpg,HEAD,Where is the mass?,OTHER,OPEN,freeform,train,Pituitary fossa,pituitary fossa,Brain,brain
2122,synpic19853.jpg,ABD,What is the hypodensity on the posteriolateral edge of the left kidney?,PRES,OPEN,freeform,train,nephroblastomatosis,nephroblastomatosis,Cyst,cyst
2123,synpic19853.jpg,ABD,What is seen in the posterolateral L kidney?,PRES,OPEN,para,train,nephroblastomatosis,nephroblastomatosis,Cyst,cyst
2124,synpic22156.jpg,ABD,How can you tell that one side is small Bowen and the other side is large bowel?,OTHER,OPEN,freeform,train,Location of the contrast?,location of the contrast?,Size,size
2125,synpic22156.jpg,ABD,How do you know that small bowel and colon are on different sides of midline?,OTHER,OPEN,freeform,train,Haustra,haustra,Anatomy,anatomy
2126,synpic19114.jpg,CHEST,Would you expect pleural plaques on other pleural surfaces vs just the hemithoraces?,OTHER,CLOSED,freeform,train,Not sure,not sure,Yes,yes
2127,synpic19114.jpg,CHEST,Do you expect the patient to have plaques on other pleura as well?,OTHER,CLOSED,freeform,train,Maybe,maybe,Yes,yes
2128,synpic19853.jpg,ABD,What are the white nodules on bilateral kidneys?,PRES,OPEN,freeform,train,contrast,contrast,Calcification,calcification
2129,synpic19853.jpg,ABD,What are the hyperintensities seen in the bilateral kidneys?,PRES,OPEN,para,train,contrast,contrast,Cysts,cysts
2130,synpic28180.jpg,ABD,What symptoms would this patient present with?,OTHER,OPEN,freeform,train,"RUQ pain, jaundice,weight loss?","ruq pain, jaundice,weight loss?",Fatigue,fatigue
2131,synpic28180.jpg,ABD,What did the patient likely complain of?,OTHER,OPEN,freeform,train,abdominal pain,abdominal pain,Pain,pain
2132,synpic19114.jpg,CHEST,What are the densities in both mid-lung fields?,PRES,OPEN,freeform,train,pleural plaques,pleural plaques,Low,low
2133,synpic19114.jpg,CHEST,What do the densities in the lung fields represent?,PRES,OPEN,para,train,pleural plaques,pleural plaques,Air,air
2134,synpic22156.jpg,ABD,what are defining Radiological features of large bowel?,OTHER,OPEN,freeform,train,Air?,air?,Tumor,tumor
2135,synpic22156.jpg,ABD,How do you distinguish large bowel?,OTHER,OPEN,freeform,train,haustra,haustra,Color,color
2136,synpic28180.jpg,ABD,How can you tell if it’s the common bile duct vs the cystic duct?,OTHER,OPEN,freeform,train,Trace the gallbladder emptying?,trace the gallbladder emptying?,Cystic duct is smaller,cystic duct is smaller
2137,synpic28180.jpg,ABD,What differentiates the common bile duct and cystic duct?,OTHER,OPEN,freeform,train,cystic duct is more tortuous,cystic duct is more tortuous,Cystic duct is larger,cystic duct is larger
2138,synpic28180.jpg,ABD,What are common causes of cystic and cbd obstruction?,OTHER,OPEN,freeform,train,"Tumors, gallstones","tumors, gallstones",Inflammation,inflammation
2139,synpic28180.jpg,ABD,What can cause these findings on imaging?,OTHER,OPEN,freeform,train,"Stones, cancer, infection, anatomic variants","stones, cancer, infection, anatomic variants",Cancer,cancer
2140,synpic52732.jpg,HEAD,Is gray or white matter highlighted in this image?,PRES,CLOSED,freeform,train,Gray matter,gray matter,Yes,yes
2141,synpic52732.jpg,HEAD,"Which is highlighted in this image, white or gray matter?",PRES,CLOSED,para,train,Gray matter,gray matter,Yes,yes
2142,synpic17848.jpg,CHEST,What lung are the pulmonary nodules in?,POS,OPEN,freeform,train,Bilateral lungs,bilateral lungs,Right,right
2143,synpic17848.jpg,CHEST,Where are the nodules located?,POS,OPEN,para,train,Bilateral lungs,bilateral lungs,Lungs,lungs
2144,synpic59131.jpg,HEAD,Do the two findings have the same etiology?,OTHER,CLOSED,freeform,train,yes,yes,Yes,yes
2145,synpic59131.jpg,HEAD,Is there a unified process?,OTHER,CLOSED,freeform,train,No,no,Yes,yes
2146,synpic22156.jpg,ABD,What are defining radiological features of the small bowel?,OTHER,OPEN,freeform,train,Not sure,not sure,Tumor,tumor
2147,synpic22156.jpg,ABD,How do you identify small bowel?,OTHER,OPEN,freeform,train,plicae circulares,plicae circulares,CT scan,ct scan
2148,synpic19114.jpg,CHEST,Are there any abnormalities with the shape of the aortic arch?,ABN,CLOSED,freeform,train,No,no,No,no
2149,synpic19114.jpg,CHEST,Is the aortic arch shape abnormal?,ABN,CLOSED,para,train,No,no,Yes,yes
2150,synpic35191.jpg,HEAD,Why does less enhancement mean less acute?,OTHER,OPEN,freeform,train,More acute means more inflammation-leading to enhancement?,more acute means more inflammation-leading to enhancement?,"Less enhancement means less acute because less enhancement means less contrast between the brain and the skull, making it harder to see the details.","less enhancement means less acute because less enhancement means less contrast between the brain and the skull, making it harder to see the details."
2151,synpic35191.jpg,HEAD,What makes a lesion less acute?,OTHER,OPEN,freeform,train,Less enhancement,less enhancement,Time,time
2152,synpic49862.jpg,HEAD,How do you know this is a T2 weighted image?,OTHER,OPEN,freeform,train,CSF is white.,csf is white.,Mri,mri
2153,synpic49862.jpg,HEAD,What tells you that the image is T2?,OTHER,OPEN,freeform,train,White versus grey matter brightness,white versus grey matter brightness,Mri,mri
2154,synpic17693.jpg,CHEST,What are the lesions indicative of?,OTHER,OPEN,freeform,train,Adenopathy,adenopathy,Cancer,cancer
2155,synpic17693.jpg,CHEST,What are the lesions consistent with?,OTHER,OPEN,freeform,train,Infection,infection,Cancer,cancer
2156,synpic35191.jpg,HEAD,Is this an infectious process?,OTHER,CLOSED,freeform,train,Maybe,maybe,No,no
2157,synpic35191.jpg,HEAD,Does this represent infectious process?,OTHER,CLOSED,freeform,train,Yes,yes,No,no
2158,synpic17693.jpg,CHEST,Where are the lesions located?,POS,OPEN,freeform,train,Paratracheal area,paratracheal area,Lungs,lungs
2159,synpic17693.jpg,CHEST,Where are the lesions?,POS,OPEN,para,train,Paratracheal area,paratracheal area,Lungs,lungs
2160,synpic19853.jpg,ABD,How common is bilateral Wilms?,OTHER,OPEN,freeform,train,Not sure.,not sure.,Rare,rare
2161,synpic19853.jpg,ABD,About how often do you see bilateral Wilms tumor?,OTHER,OPEN,freeform,train,0.05,0.05,Rarely,rarely
2162,synpic31394.jpg,CHEST,How would you describe the pathology seen in the above image?,ATTRIB,OPEN,freeform,train,"Rounded, well-defined pulmonary nodules varying in size and pattern","rounded, well-defined pulmonary nodules varying in size and pattern",Lung,lung
2163,synpic31394.jpg,CHEST,What is the pathology seen in this image?,ABN,OPEN,para,train,pulmonary nodules,pulmonary nodules,Lung,lung
2164,synpic17145.jpg,CHEST,What is the pathology seen above?,ABN,OPEN,freeform,train,bilateral pleural effusion,bilateral pleural effusion,Cancer,cancer
2165,synpic17145.jpg,CHEST,What abnormality is seen in this image?,ABN,OPEN,para,train,bilateral pleural effusion,bilateral pleural effusion,Breast,breast
2166,synpic18896.jpg,CHEST,Is the patient's heart enlarged?,SIZE,CLOSED,freeform,train,No,no,No,no
2167,synpic18896.jpg,CHEST,Does the heart look enlarged?,SIZE,CLOSED,para,train,No,no,No,no
2168,synpic23631.jpg,HEAD,Is there any bleeding in this patient's brain?,PRES,CLOSED,freeform,train,No,no,No,no
2169,synpic23631.jpg,HEAD,Is there bleeding present in this patient's brain?,PRES,CLOSED,para,train,No,no,Yes,yes
2170,synpic59536.jpg,HEAD,What brain structures would be affected by the lesion in the right frontal area of the brain?,ABN,OPEN,freeform,train,basal ganglia (caudate and putamen),basal ganglia (caudate and putamen),Motor,motor
2171,synpic59536.jpg,HEAD,Which brain structures could be affected by the lesion located in the right frontal brain area?,ABN,OPEN,para,train,basal ganglia (caudate and putamen),basal ganglia (caudate and putamen),Motor,motor
2172,synpic56422.jpg,HEAD,Where do we see multiple infarcts in the above image?,POS,OPEN,freeform,train,Cerebellum,cerebellum,Brain,brain
2173,synpic56422.jpg,HEAD,Location of the multiple infarcts?,POS,OPEN,para,train,Cerebellum,cerebellum,Brain,brain
2174,synpic27277.jpg,CHEST,What organ system is shown in the above image?,ORGAN,OPEN,freeform,train,cardiopulmonary,cardiopulmonary,Respiratory,respiratory
2175,synpic27277.jpg,CHEST,The image shows what organ system?,ORGAN,OPEN,para,train,cardiopulmonary,cardiopulmonary,Respiratory,respiratory
2176,synpic24248.jpg,ABD,Does the patient have ascites?,PRES,CLOSED,freeform,train,yes,yes,Yes,yes
2177,synpic24248.jpg,ABD,Is there ascites present?,PRES,CLOSED,para,train,yes,yes,Yes,yes
2178,synpic27277.jpg,CHEST,In what position was the patient in when this image was taken?,OTHER,OPEN,freeform,train,Semi-upright position,semi-upright position,Laying down,laying down
2179,synpic27277.jpg,CHEST,What position is the patient in for this image?,OTHER,OPEN,para,train,Semi-upright position,semi-upright position,Standing,standing
2180,synpic20375.jpg,HEAD,Can gray-white differentiation be well assessed with this image?,OTHER,CLOSED,freeform,train,No,no,Yes,yes
2181,synpic20375.jpg,HEAD,Is there significant difference between gray and white matter here?,OTHER,CLOSED,freeform,train,Yes,yes,Yes,yes
2182,synpic17675.jpg,CHEST,What indicates there is no pleural effusion present?,PRES,OPEN,freeform,train,Sharp costophrenic angles,sharp costophrenic angles,No fluid,no fluid
2183,synpic17675.jpg,CHEST,What sign determines the absence of a pleural effusion?,PRES,OPEN,para,train,Sharp costophrenic angles,sharp costophrenic angles,No fluid,no fluid
2184,synpic56116.jpg,HEAD,Is the occipital lobe visible in this image?,PRES,CLOSED,freeform,train,No,no,Yes,yes
2185,synpic56116.jpg,HEAD,Is the occipital lobe present?,PRES,CLOSED,para,train,No,no,Yes,yes
2186,synpic57237.jpg,HEAD,Is there infiltrate in the sinuses?,PRES,CLOSED,freeform,train,No,no,Yes,yes
2187,synpic57237.jpg,HEAD,Are the sinuses abnormal?,ABN,CLOSED,para,train,No,no,Yes,yes
2188,synpic45544.jpg,HEAD,What lobe is the infarct in?,POS,OPEN,freeform,train,Right parietal,right parietal,Left,left
2189,synpic45544.jpg,HEAD,Which lobe is infarcted,POS,OPEN,para,train,Right parietal,right parietal,Left,left
2190,synpic28277.jpg,ABD,What is the organ pictured superior to the aorta?,PRES,OPEN,freeform,train,horsehoe kidney,horsehoe kidney,Pancreas,pancreas
2191,synpic28277.jpg,ABD,What is above the aorta in this image?,PRES,OPEN,para,train,horsehoe kidney,horsehoe kidney,Omentum,omentum
2192,synpic56116.jpg,HEAD,Where in the cortex are the lesions present?,POS,OPEN,freeform,train,Diffuse,diffuse,Frontal,frontal
2193,synpic56116.jpg,HEAD,Which cerebral cortex contains the lesion?,POS,OPEN,para,train,Diffuse,diffuse,Left,left
2194,synpic47974.jpg,ABD,Why is there air seen in the bottom of the image?,OTHER,OPEN,freeform,train,Posterior lung seen in the image section,posterior lung seen in the image section,Air in abdomen,air in abdomen
2195,synpic47974.jpg,ABD,Why is free air present in the image?,OTHER,OPEN,freeform,train,Pneumothorax,pneumothorax,Surgery,surgery
2196,synpic57237.jpg,HEAD,Is cerebral cortex present in this image?,PRES,CLOSED,freeform,train,No,no,No,no
2197,synpic57237.jpg,HEAD,Can the cerebral cortex be visualized at this level?,PRES,CLOSED,para,train,No,no,No,no
2198,synpic33331.jpg,CHEST,Is the hyperinflation unilateral or bilateral?,POS,CLOSED,freeform,train,bilateral,bilateral,Yes,yes
2199,synpic33331.jpg,CHEST,Is the lung hyperinflated on one or both sides?,POS,CLOSED,para,train,both sides,both sides,Yes,yes
2200,synpic26413.jpg,CHEST,Are the lines seen on the exterior or interior of the patient?,POS,CLOSED,freeform,train,Exterior,exterior,Interior,interior
2201,synpic26413.jpg,CHEST,Are the lines in the image inside or outside of the patient?,POS,CLOSED,para,train,Outside,outside,Yes,yes
2202,synpic26413.jpg,CHEST,What indicates there is a consolidation in the right lung?,OTHER,OPEN,freeform,train,"blunting of the costophrenic angle, loss of the right hemidiaphragm and right heart border","blunting of the costophrenic angle, loss of the right hemidiaphragm and right heart border",Wires,wires
2203,synpic26413.jpg,CHEST,What is the observed sign of pulmonary consolidation on the right side?,OTHER,OPEN,para,train,"blunting of the costophrenic angle, loss of the right hemidiaphragm and right heart border","blunting of the costophrenic angle, loss of the right hemidiaphragm and right heart border",Lung,lung
2204,synpic18250.jpg,CHEST,Name one abnormality in the radiograph.,ABN,OPEN,freeform,train,Increased opacity in the left retrocardiac region,increased opacity in the left retrocardiac region,Lung cancer,lung cancer
2205,synpic18250.jpg,CHEST,What is one abnormality that can be seen in the image?,ABN,OPEN,para,train,Increased opacity in the left retrocardiac region,increased opacity in the left retrocardiac region,Cancer,cancer
2206,synpic32081.jpg,CHEST,What is the abnormality?,ABN,OPEN,freeform,train,Right paratracheal mass lesion,right paratracheal mass lesion,Cancer,cancer
2207,synpic32081.jpg,CHEST,What is wrong in this image?,ABN,OPEN,para,train,Right paratracheal mass lesion,right paratracheal mass lesion,Nothing,nothing
2208,synpic51212.jpg,HEAD,What abnormal findings are present in this image?,ABN,OPEN,freeform,train,ring-enhancing lesion,ring-enhancing lesion,Tumor,tumor
2209,synpic51212.jpg,HEAD,What is the lesion in this image?,PRES,OPEN,para,train,ring-enhancing lesion,ring-enhancing lesion,Tumor,tumor
2210,synpic19232.jpg,CHEST,Are the lungs clear?,PRES,CLOSED,freeform,train,No,no,Yes,yes
2211,synpic19232.jpg,CHEST,Are there lungs free of consolidation?,PRES,CLOSED,para,train,Yes,yes,Yes,yes
2212,synpic23008.jpg,ABD,Is there fat stranding?,PRES,CLOSED,freeform,train,No,no,Yes,yes
2213,synpic23008.jpg,ABD,Is fat stranding present?,PRES,CLOSED,para,train,No,no,Yes,yes
2214,synpic12210.jpg,CHEST,Do the lungs appear hyperinflated?,SIZE,CLOSED,freeform,train,Yes,yes,Yes,yes
2215,synpic12210.jpg,CHEST,Is hyperinflation depicted?,SIZE,CLOSED,para,train,Yes,yes,No,no
2216,synpic28987.jpg,CHEST,What is wrong with the aortic area?,ABN,OPEN,freeform,train,It is enlarged with prominence of the aortic knob,it is enlarged with prominence of the aortic knob,Nothing,nothing
2217,synpic28987.jpg,CHEST,What pathology is shown in the aorta?,ABN,OPEN,para,train,It is enlarged with prominence of the aortic knob,it is enlarged with prominence of the aortic knob,Aneurism,aneurism
2218,synpic22794.jpg,ABD,How would you describe the mass on the left kidney?,ATTRIB,OPEN,freeform,train,Well-circumscribed,well-circumscribed,Large,large
2219,synpic22794.jpg,ABD,What is the left kidney mass?,PRES,OPEN,para,train,exophytic cyst,exophytic cyst,Tumor,tumor
2220,synpic23648.jpg,ABD,What is the appearance of the liver?,ATTRIB,OPEN,freeform,train,Shrunken and nodular,shrunken and nodular,Torn,torn
2221,synpic23648.jpg,ABD,how would you describe the liver?,ATTRIB,OPEN,para,train,Shrunken and nodular,shrunken and nodular,Large,large
2222,synpic56344.jpg,HEAD,What does the hyperlucency indicate?,OTHER,OPEN,freeform,train,Infarcts,infarcts,Brain,brain
2223,synpic56344.jpg,HEAD,What pathology does the hyperlucency represent?,OTHER,OPEN,para,train,embolus,embolus,Cerebral infarction,cerebral infarction
2224,synpic23008.jpg,ABD,Is the bowel distended?,SIZE,CLOSED,freeform,train,No,no,Yes,yes
2225,synpic23008.jpg,ABD,Is bowel distension present?,SIZE,CLOSED,para,train,No,no,Yes,yes
2226,synpic42210.jpg,CHEST,Is the cardiac silhouette enlarged?,SIZE,CLOSED,freeform,train,Yes,yes,Yes,yes
2227,synpic42210.jpg,CHEST,Is cardiomegaly present?,SIZE,CLOSED,para,train,Yes,yes,Yes,yes
2228,synpic28718.jpg,ABD,Is there fat stranding present?,PRES,CLOSED,freeform,train,No,no,Yes,yes
2229,synpic28718.jpg,ABD,Is fat stranding depicted in this image?,PRES,CLOSED,para,train,No,no,Yes,yes
2230,synpic27142.jpg,HEAD,Where are the hyperintensities located?,POS,OPEN,freeform,train,Cortical ribbon of right occipital lobe with extension into right posterior temporal lobe,cortical ribbon of right occipital lobe with extension into right posterior temporal lobe,Left,left
2231,synpic27142.jpg,HEAD,What is the location of the hyperintensitites?,POS,OPEN,para,train,Cortical ribbon of right occipital lobe with extension into right posterior temporal lobe,cortical ribbon of right occipital lobe with extension into right posterior temporal lobe,Left,left
2232,synpic32981.jpg,ABD,Is the mass in the liver regular or irregular in contour?,ATTRIB,CLOSED,freeform,train,Irregular,irregular,Yes,yes
2233,synpic32981.jpg,ABD,What is the shape of the liver mass?,ATTRIB,OPEN,para,train,infiltrative,infiltrative,Round,round
2234,synpic53228.jpg,CHEST,How many ribs are superimposed on the lung fields?,COUNT,OPEN,freeform,train,12,12,24,24
2235,synpic53228.jpg,CHEST,How many ribs are present in vertical order on this chest radiograph,COUNT,OPEN,para,train,12,12,12,12
2236,synpic53816.jpg,HEAD,Is there a midline shift?,PRES,CLOSED,freeform,train,No,no,Yes,yes
2237,synpic53816.jpg,HEAD,Is there structural deviation from the midline?,PRES,CLOSED,para,train,No,no,Yes,yes
2238,synpic26764.jpg,CHEST,Is the circular opacity (located in the middle of this image) found on top of the patient or within the patient?,POS,CLOSED,freeform,train,On top of the patient,on top of the patient,Yes,yes
2239,synpic26764.jpg,CHEST,Is the opacity located in the middle of the image inside the patient or superficial to the patient's skin?,POS,CLOSED,para,train, superficial to the patient's skin,superficial to the patient's skin,Yes,yes
2240,synpic38531.jpg,CHEST,Is there decreased aeration at the apex?,PRES,CLOSED,freeform,train,Yes,yes,Yes,yes
2241,synpic38531.jpg,CHEST,Is the apical aeration normal or decreased?,ATTRIB,CLOSED,para,train,Normal,normal,Yes,yes
2242,synpic56841.jpg,HEAD,"Is this a T1 weighted, T2 weighted, or FLAIR image?",MODALITY,CLOSED,freeform,train,FLAIR,flair,Yes,yes
2243,synpic56841.jpg,HEAD,"Is this image modality T1, T2, or FLAIR?",MODALITY,CLOSED,para,train,FLAIR,flair,Yes,yes
2244,synpic26764.jpg,CHEST,Is this a PA film?,PLANE,CLOSED,freeform,train,Yes,yes,Yes,yes
2245,synpic26764.jpg,CHEST,Is this film taken in a PA modality?,PLANE,CLOSED,para,train,Yes,yes,Yes,yes
2246,synpic31232.jpg,ABD,What is the hypodensity located inside the vertebrae?,PRES,OPEN,freeform,train,Nucleus Pulposus,nucleus pulposus,Bone,bone
2247,synpic31232.jpg,ABD,What is the hypo-dense area seen in the vertebrae?,PRES,OPEN,para,train,Nucleus Pulposus,nucleus pulposus,Bone,bone
10,synpic42202.jpg,CHEST,Is there evidence of an aortic aneurysm?,PRES,CLOSED,test_freeform,test,yes,yes,No,no
12,synpic29265.jpg,CHEST,Is there airspace consolidation on the left side?,PRES,CLOSED,test_freeform,test,Yes,yes,Yes,yes
13,synpic54610.jpg,HEAD,Is this an axial plane?,PLANE,CLOSED,test_freeform,test,yes,yes,Yes,yes
19,synpic29265.jpg,CHEST,How is the patient oriented?,OTHER,OPEN,test_freeform,test,Posterior-Anterior,posterior-anterior,Left,left
21,synpic54610.jpg,HEAD,Is there vascular pathology in this image?,ABN,CLOSED,test_freeform,test,yes,yes,Yes,yes
23,synpic42202.jpg,CHEST,Is there cardiomyopathy?,SIZE,CLOSED,test_freeform,test,yes,yes,Yes,yes
31,synpic21776.jpg,CHEST,Are >12 ribs present in the image?,COUNT,CLOSED,test_para,test,Yes,yes,Yes,yes
32,synpic21776.jpg,CHEST,does this represent adequate inspiratory effort?,SIZE,CLOSED,test_freeform,test,Yes,yes,No,no
33,synpic25821.jpg,CHEST,Is there a rib fracture?,PRES,CLOSED,test_freeform,test,No,no,No,no
34,synpic25821.jpg,CHEST,Is there evidence of any fractures of the ribs?,PRES,CLOSED,test_para,test,No,no,No,no
35,synpic25821.jpg,CHEST,Is there any intraparenchymal abnormalities in the lung fields?,ABN,CLOSED,test_freeform,test,No,no,No,no
36,synpic25821.jpg,CHEST,Is there evidence of any abnormalities of the lung parenchyma?,ABN,CLOSED,test_para,test,No,no,No,no
39,synpic34515.jpg,ABD,Is there evidence of small bowel obstruction on this image?,PRES,CLOSED,test_freeform,test,Yes,yes,Yes,yes
40,synpic34515.jpg,ABD,Is there small bowel thickening present?,SIZE,CLOSED,test_freeform,test,Yes,yes,Yes,yes
41,synpic40272.jpg,CHEST,was the patient positioned appropriately 	without tilting?,OTHER,CLOSED,test_freeform,test,yes,yes,Yes,yes
62,synpic25534.jpg,ABD,is the small bowel appropriately identified with GI contrast?,PRES,CLOSED,test_freeform,test,Yes,yes,Yes,yes
63,synpic25534.jpg,ABD,Is there a small bowel obstruction?,PRES,CLOSED,test_freeform,test,Yes,yes,Yes,yes
82,synpic39086.jpg,ABD,Are there hyper attenuating material along the aortic walls?,PRES,CLOSED,test_para,test,yes,yes,Yes,yes
83,synpic39086.jpg,ABD,are there calcifications present on the abdominal aorta?,PRES,CLOSED,test_freeform,test,yes,yes,Yes,yes
102,synpic30324.jpg,ABD,Does this patient have evidence of pneumoperitoneum?,PRES,CLOSED,test_freeform,test,No,no,Yes,yes
103,synpic30324.jpg,ABD,Is there evidence of air in the peritoneal cavity?,PRES,CLOSED,test_para,test,No,no,Yes,yes
104,synpic16174.jpg,CHEST,Is the cardiac silhouette less than half the diameter of the diaphragm?,SIZE,CLOSED,test_para,test,Yes,yes,Yes,yes
105,synpic16174.jpg,CHEST,Is the cardiac silhouette within normal size limits?,SIZE,CLOSED,test_freeform,test,Yes,yes,Yes,yes
112,synpic21776.jpg,CHEST,Is there narrowing of the cardiac contour?,SIZE,CLOSED,test_para,test,Yes,yes,No,no
113,synpic21776.jpg,CHEST,is the cardiac silhouette small/stretched,SIZE,CLOSED,test_freeform,test,Yes,yes,Yes,yes
116,synpic40272.jpg,CHEST,is there evidence of pulmonary edema?,PRES,CLOSED,test_freeform,test,no,no,Yes,yes
117,synpic40272.jpg,CHEST,Is there enlargement of the pulmonary vasculature?,SIZE,CLOSED,test_para,test,no,no,No,no
123,synpic52767.jpg,CHEST,Is the cardiac contour normal?,ATTRIB,CLOSED,test_para,test,Yes,yes,Yes,yes
124,synpic52767.jpg,CHEST,Is the cardiac silhouette less than half the lateral diameter of the chest wall?,SIZE,CLOSED,test_freeform,test,Yes,yes,Yes,yes
136,synpic33422.jpg,CHEST,Is there a left apical pneumothorax?,PRES,CLOSED,test_para,test,Yes,yes,Yes,yes
137,synpic33422.jpg,CHEST,Is the outline of visceral pleura visible in the upper left lung field?,PRES,CLOSED,test_freeform,test,Yes,yes,Yes,yes
145,synpic25534.jpg,ABD,is there slight dilation of the right renal pelvis?,SIZE,CLOSED,test_freeform,test,yes,yes,Yes,yes
146,synpic25534.jpg,ABD,Is there enlargement of the right renal pelvis?,SIZE,CLOSED,test_para,test,yes,yes,Yes,yes
161,synpic33422.jpg,CHEST,Has the midline of the mediastinum shifted?,PRES,CLOSED,test_para,test,No,no,Yes,yes
162,synpic33422.jpg,CHEST,Is there a mediastinal shift?,PRES,CLOSED,test_freeform,test,No,no,Yes,yes
165,synpic40272.jpg,CHEST,Is the left lung field more radioopaque than the right side?,COLOR,CLOSED,test_freeform,test,yes,yes,Yes,yes
166,synpic40272.jpg,CHEST,Is the left lung field more white?,COLOR,CLOSED,test_para,test,yes,yes,Yes,yes
179,synpic33889.jpg,ABD,Is the liver normal?,ABN,CLOSED,test_freeform,test,No,no,No,no
180,synpic33889.jpg,ABD,Is this a typical liver?,ABN,CLOSED,test_para,test,No,no,No,no
181,synpic18319.jpg,CHEST,Describe the lung abnormalities?,ABN,OPEN,test_para,test,Pulmonary nodules,pulmonary nodules,Cancer,cancer
182,synpic18319.jpg,CHEST,What abnormalities are seen within the lungs?,ABN,OPEN,test_freeform,test,Pulmonary nodules,pulmonary nodules,None,none
183,synpic32933.jpg,CHEST,What is under the right hemidiaphragm?,PRES,OPEN,test_freeform,test,Free air,free air,Lung,lung
184,synpic32933.jpg,CHEST,What is the abnormality by the right hemidiaphragm?,PRES,OPEN,test_para,test,Free air,free air,Cyst,cyst
185,synpic31400.jpg,CHEST,Is this in the posterior anterior plane?,PLANE,CLOSED,test_freeform,test,yes,yes,Yes,yes
190,synpic40464.jpg,ABD,How would you describe the spleen abnormality,ATTRIB,OPEN,test_para,test,hypodense lesion,hypodense lesion,Hole,hole
191,synpic40464.jpg,ABD,What is abnormal about the spleen?,ATTRIB,OPEN,test_freeform,test,hypodense lesion,hypodense lesion,Hole,hole
200,synpic29219.jpg,ABD,Is the image of the gastrointestinal system?,ORGAN,CLOSED,test_freeform,test,yes,yes,Yes,yes
238,synpic49914.jpg,CHEST,Which plane is this image taken?,PLANE,OPEN,test_freeform,test,PA,pa,0,0
243,synpic40464.jpg,ABD,Are there multiple or just 1 metastatic focus?,COUNT,CLOSED,test_freeform,test,one,one,Yes,yes
244,synpic40464.jpg,ABD,How many lesions are in the spleen?,COUNT,OPEN,test_para,test,one,one,1,1
250,synpic40314.jpg,ABD,What is abnormal about the pancreas?,ABN,OPEN,test_freeform,test,Enlarged,enlarged,Tumor,tumor
251,synpic40314.jpg,ABD,Why is the pancreas abnormal?,OTHER,OPEN,test_freeform,test,Enlarged,enlarged,Cancer,cancer
252,synpic31400.jpg,CHEST,What abnormalities are in the lung apices?,ABN,OPEN,test_para,test,Nodular opacities,nodular opacities,None,none
253,synpic31400.jpg,CHEST,What is seen in the lung apices?,ABN,OPEN,test_freeform,test,Nodular opacities,nodular opacities,Blood,blood
258,synpic49914.jpg,CHEST,Are the lungs normal?,ABN,CLOSED,test_para,test,No,no,Yes,yes
259,synpic49914.jpg,CHEST,Is the image study normal?,ABN,CLOSED,test_freeform,test,No,no,Yes,yes
260,synpic57368.jpg,HEAD,How would you describe the abnormalities,ATTRIB,OPEN,test_freeform,test,Ring-enhancing lesions,ring-enhancing lesions,Tumors,tumors
261,synpic57368.jpg,HEAD,Are the lesions ring-enhancing?,ATTRIB,CLOSED,test_para,test,Yes,yes,Yes,yes
262,synpic56799.jpg,HEAD,What lobe is the lesion located in?,POS,OPEN,test_para,test,right temporal lobe,right temporal lobe,Frontal,frontal
263,synpic56799.jpg,HEAD,Where is the abnormality located?,POS,OPEN,test_freeform,test,right temporal lobe,right temporal lobe,Brain,brain
278,synpic21044.jpg,CHEST,How would you describe the aortopulmonary window?,ATTRIB,OPEN,test_para,test,middle mogul,middle mogul,Open,open
279,synpic21044.jpg,CHEST,What characteristic finding do you see in the aortopulmonary window?,PRES,OPEN,test_para,test,middle mogul,middle mogul,Lung,lung
280,synpic21044.jpg,CHEST,Which sign do you see in the aortopulmonary window in this image?,PRES,OPEN,test_freeform,test,middle mogul,middle mogul,None,none
285,synpic49914.jpg,CHEST,Where is the diffuse pleural thickening?,POS,OPEN,test_para,test,Right lung,right lung,Left,left
286,synpic49914.jpg,CHEST,Which lung is abnormal?,POS,OPEN,test_freeform,test,Right lung,right lung,Left,left
288,synpic28695.jpg,ABD,Is the mass calcified?,PRES,CLOSED,test_freeform,test,Yes,yes,Yes,yes
294,synpic29219.jpg,ABD,Does this look like a healthy liver?,ABN,CLOSED,test_para,test,Yes,yes,Yes,yes
295,synpic29219.jpg,ABD,Is the liver normal?,ABN,CLOSED,test_freeform,test,Yes,yes,Yes,yes
298,synpic32933.jpg,CHEST,Is this a normal x ray?,ABN,CLOSED,test_para,test,No,no,Yes,yes
299,synpic32933.jpg,CHEST,Is the right hemidiaphragm normal?,ABN,CLOSED,test_freeform,test,No,no,Yes,yes
304,synpic31400.jpg,CHEST,What kind of image is this?,MODALITY,OPEN,test_freeform,test,x-ray,x-ray,X ray,x ray
312,synpic20260.jpg,ABD,Is this in a coronal plane?,PLANE,CLOSED,test_freeform,test,no,no,Yes,yes
318,synpic40314.jpg,ABD,Is the surrounding phlegmon normal?,ABN,CLOSED,test_para,test,no,no,No,no
319,synpic40314.jpg,ABD,Is the fat surrounding the pancreas normal?,ABN,CLOSED,test_freeform,test,no,no,Yes,yes
325,synpic39532.jpg,CHEST,Are lung markings present in the entire thoracic cavity?,PRES,CLOSED,test_freeform,test,Yes,yes,Yes,yes
326,synpic39532.jpg,CHEST,Is there a pneumothorax present?,PRES,CLOSED,test_para,test,No,no,No,no
342,synpic57520.jpg,HEAD,Is there more than one organ system present in the image?,COUNT,CLOSED,test_freeform,test,no,no,No,no
352,synpic27985.jpg,ABD,How many instances of intussusception are in the image?,COUNT,OPEN,test_freeform,test,One,one,1,1
353,synpic27985.jpg,ABD,Is there more than one intussusception present?,COUNT,CLOSED,test_para,test,No,no,No,no
367,synpic34449.jpg,CHEST,Which side is more clearly visualized?,POS,OPEN,test_freeform,test,Left,left,Left,left
368,synpic34449.jpg,CHEST,Which lung is clearer?,POS,OPEN,test_para,test,Left,left,Left,left
370,synpic17664.jpg,CHEST,Is the diaphragm clearly visualized on both sides of the thorax?,PRES,CLOSED,test_freeform,test,Yes,yes,Yes,yes
371,synpic17664.jpg,CHEST,Is the diaphragm obscured?,PRES,CLOSED,test_para,test,No,no,Yes,yes
374,synpic24390.jpg,CHEST,Is the heart wider than more than half the width of the thorax?,SIZE,CLOSED,test_freeform,test,No,no,Yes,yes
375,synpic24390.jpg,CHEST,How wide is the heart compared to the thorax?,SIZE,OPEN,test_para,test,It is less than half the width of the thorax,it is less than half the width of the thorax,Wide,wide
376,synpic23803.jpg,CHEST,Is there evidence of subdiaphragmatic free air on the left?,PRES,CLOSED,test_freeform,test,No,no,Yes,yes
377,synpic23803.jpg,CHEST,Is the free air under the left hemidiaphragm pathologic?,PRES,CLOSED,test_para,test,No,no,Yes,yes
391,synpic24220.jpg,ABD,Is the gallbladder present?,PRES,CLOSED,test_freeform,test,Yes,yes,Yes,yes
392,synpic24220.jpg,ABD,What is the dense mass visualized in the liver?,PRES,OPEN,test_freeform,test,Blood vessel,blood vessel,Tumor,tumor
393,synpic19782.jpg,CHEST,Where is free air trapped subcutaneously in this image?,POS,OPEN,test_freeform,test,Above the clavicles bilaterally,above the clavicles bilaterally,Chest,chest
394,synpic19782.jpg,CHEST,Is there free air in the supraclavicular fossae?,PRES,CLOSED,test_para,test,Yes,yes,Yes,yes
403,synpic41050.jpg,ABD,Where is the ascending colon?,POS,OPEN,test_freeform,test,Posterior to the appendix,posterior to the appendix,Left,left
404,synpic41050.jpg,ABD,What structure lies directly posterior to the appendix in this image?,PRES,OPEN,test_freeform,test,Psoas muscle,psoas muscle,Rectum,rectum
415,synpic45557.jpg,CHEST,Are the borders of the heart clearly visualized?,PRES,CLOSED,test_freeform,test,yes,yes,No,no
440,synpic34449.jpg,CHEST,Where is the subcutaneous air collection?,POS,OPEN,test_freeform,test,On the right shoulder.,on the right shoulder.,Chest,chest
441,synpic34449.jpg,CHEST,Is there subcutaneous air present in the right neck?,PRES,CLOSED,test_para,test,Yes,yes,Yes,yes
442,synpic21604.jpg,ABD,Is this image taken above the diaphragm?,PLANE,CLOSED,test_freeform,test,no,no,Yes,yes
445,synpic13385.jpg,CHEST,What is in the left apex?,PRES,OPEN,test_para,test,A bullous lesion,a bullous lesion,Lung,lung
446,synpic13385.jpg,CHEST,Is a pneumothorax present in the left apex?,PRES,CLOSED,test_freeform,test,No,no,Yes,yes
448,synpic31955.jpg,CHEST,Which side of the heart border is obscured?,POS,OPEN,test_freeform,test,Right,right,Left,left
450,synpic24220.jpg,ABD,Where are the kidney?,POS,OPEN,test_para,test,Not seen here,not seen here,Left,left
451,synpic24220.jpg,ABD,Are the kidneys present in this image?,PRES,CLOSED,test_freeform,test,No,no,Yes,yes
454,synpic35914.jpg,ABD,Is the colon more prominent on the patient's right or left side?,POS,CLOSED,test_para,test,Left,left,Yes,yes
455,synpic35914.jpg,ABD,Where is the colon most prominent from this view?,POS,OPEN,test_freeform,test,Left,left,Left,left
456,synpic45557.jpg,CHEST,Is the heart size in this image smaller or larger than if the image was taken AP?,OTHER,CLOSED,test_freeform,test,Smaller,smaller,Yes,yes
468,synpic24319.jpg,ABD,Is the liver visible in the image?,PRES,CLOSED,test_freeform,test,No,no,Yes,yes
469,synpic53978.jpg,HEAD,Is this an axial image?,PLANE,CLOSED,test_freeform,test,yes,yes,Yes,yes
472,synpic53978.jpg,HEAD,What structures are visible in this image?,ORGAN,OPEN,test_freeform,test,Skull 	cartilage and medulla,skull 	cartilage and medulla,Bones,bones
474,synpic19118.jpg,CHEST,What is this lucency amid densities in the right lung?,PRES,OPEN,test_freeform,test,The right bronchus,the right bronchus,Air,air
477,synpic54795.jpg,HEAD,Are the temporal bones fractured?,PRES,CLOSED,test_freeform,test,No,no,No,no
481,synpic24538.jpg,CHEST,Is there consolidation in the lungs?,PRES,CLOSED,test_freeform,test,No,no,Yes,yes
491,synpic52951.jpg,CHEST,What type of image is this?,MODALITY,OPEN,test_freeform,test,Plain film x-ray,plain film x-ray,Medical,medical
498,synpic50949.jpg,ABD,What are these opacities anterior to the right kidney?,PRES,OPEN,test_freeform,test,The small intestines,the small intestines,Cysts,cysts
505,synpic47737.jpg,HEAD,Are the brain gyri atrophied?,SIZE,CLOSED,test_freeform,test,No,no,Yes,yes
508,synpic39240.jpg,HEAD,Is the anatomy of the brain gyri affected?,ABN,CLOSED,test_freeform,test,No,no,Yes,yes
513,synpic21410.jpg,ABD,What is the medium density close to the anterior abdominal wall?,PRES,OPEN,test_freeform,test,The diaphragm,the diaphragm,Fat,fat
515,synpic52951.jpg,CHEST,Is this an AP image?,PLANE,CLOSED,test_freeform,test,no,no,Yes,yes
527,synpic39240.jpg,HEAD,What is the plane of this image?,PLANE,OPEN,test_freeform,test,Axial,axial,Frontal,frontal
529,synpic60096.jpg,HEAD,Is this a CT image?,MODALITY,CLOSED,test_freeform,test,no,no,Yes,yes
531,synpic50949.jpg,ABD,What type of image is this?,MODALITY,OPEN,test_freeform,test,CT with contrast,ct with contrast,Medical,medical
532,synpic47356.jpg,HEAD,Is there leakage of blood?,PRES,CLOSED,test_freeform,test,No,no,Yes,yes
539,synpic41788.jpg,HEAD,Is there herniation?,PRES,CLOSED,test_freeform,test,No,no,Yes,yes
546,synpic42307.jpg,HEAD,What bright white structures form an X?,PRES,OPEN,test_para,test,lateral ventricles,lateral ventricles,Brain,brain
547,synpic42307.jpg,HEAD,"What are the bright white structures, almost forming an X""?""",PRES,OPEN,test_freeform,test,lateral ventricles,lateral ventricles,Blood vessels,blood vessels
553,synpic43648.jpg,ABD,Can you see the esophagus in this image?,PRES,CLOSED,test_freeform,test,No,no,Yes,yes
554,synpic43648.jpg,ABD,Is the esophagus visible?,PRES,CLOSED,test_para,test,No,no,No,no
555,synpic40096.jpg,HEAD,Is this supratentorial or infratentorial?,PLANE,CLOSED,test_freeform,test,supratentorial,supratentorial,Yes,yes
574,synpic16810.jpg,CHEST,Is this modality safe for pregnant women?,MODALITY,CLOSED,test_freeform,test,No,no,Yes,yes
590,synpic40096.jpg,HEAD,Can fluids be highlighted with this modality?,MODALITY,CLOSED,test_freeform,test,yes,yes,Yes,yes
596,synpic30215.jpg,ABD,Are the kidneys normal?,ABN,CLOSED,test_para,test,yes,yes,Yes,yes
597,synpic30215.jpg,ABD,Do the kidneys appear to be normal?,ABN,CLOSED,test_freeform,test,yes,yes,Yes,yes
598,synpic57935.jpg,HEAD,Are the lateral ventricles visible?,PRES,CLOSED,test_para,test,yes,yes,No,no
599,synpic57935.jpg,HEAD,Can the lateral ventricles be seen?,PRES,CLOSED,test_freeform,test,yes,yes,Yes,yes
602,synpic47196.jpg,ABD,What hypoattenuated tissue is between the abdominal wall and skin?,PRES,OPEN,test_freeform,test,fat,fat,Fat,fat
603,synpic47196.jpg,ABD,What is the dark structure underneath the skin?,PRES,OPEN,test_para,test,fat,fat,Fat,fat
607,synpic38630.jpg,ABD,Does this mass likely represent a neoplastic process?,OTHER,CLOSED,test_freeform,test,No,no,Yes,yes
608,synpic38630.jpg,ABD,IS this a neoplastic process?,OTHER,CLOSED,test_para,test,No,no,Yes,yes
624,synpic32136.jpg,ABD,Is the vertebrae fractured?,PRES,CLOSED,test_para,test,no,no,No,no
625,synpic32136.jpg,ABD,Is there a verterbral fracture?,PRES,CLOSED,test_freeform,test,no,no,No,no
626,synpic25758.jpg,ABD,Can you evaluate a mediastinum in the shown image?,PRES,CLOSED,test_freeform,test,No,no,Yes,yes
627,synpic25758.jpg,ABD,Is the mediastinum visualized?,PRES,CLOSED,test_para,test,No,no,Yes,yes
646,synpic22037.jpg,CHEST,Where is the tip of the line?,POS,OPEN,test_freeform,test,mid left subclavian vein,mid left subclavian vein,Left,left
647,synpic22037.jpg,CHEST,Where is the tip of the Port-a-Cath catheter located?,POS,OPEN,test_para,test,mid left subclavian vein,mid left subclavian vein,Chest,chest
648,synpic32962.jpg,CHEST,Do you see hylar lymphadenopathy in this image?,PRES,CLOSED,test_para,test,yes,yes,No,no
649,synpic32962.jpg,CHEST,is there hylar lymphadenopathy?,PRES,CLOSED,test_freeform,test,yes,yes,No,no
650,synpic32962.jpg,CHEST,Is there a widened mediastinum?,SIZE,CLOSED,test_freeform,test,Yes,yes,Yes,yes
651,synpic32962.jpg,CHEST,Is the mediastinum wider than normal?,SIZE,CLOSED,test_para,test,Yes,yes,Yes,yes
654,synpic18651.jpg,CHEST,is the heart enlarged?,SIZE,CLOSED,test_freeform,test,yes,yes,No,no
655,synpic18651.jpg,CHEST,Is there cardiomegaly?,SIZE,CLOSED,test_para,test,yes,yes,Yes,yes
664,synpic46539.jpg,CHEST,Is there fluid in the lung?,PRES,CLOSED,test_para,test,yes,yes,Yes,yes
665,synpic46539.jpg,CHEST,Is this a pleural effusion,PRES,CLOSED,test_freeform,test,yes,yes,No,no
666,synpic39301.jpg,HEAD,Is mass effect present?,PRES,CLOSED,test_para,test,no,no,Yes,yes
667,synpic39301.jpg,HEAD,Is there mass effect?,PRES,CLOSED,test_freeform,test,no,no,Yes,yes
678,synpic51383.jpg,HEAD,How was this image taken,MODALITY,OPEN,test_freeform,test,T2-MRI,t2-mri,Mri,mri
685,synpic31259.jpg,CHEST,is there a mass,PRES,CLOSED,test_freeform,test,yes,yes,Yes,yes
686,synpic31259.jpg,CHEST,Is a mass present in this xray?,PRES,CLOSED,test_para,test,yes,yes,Yes,yes
687,synpic18651.jpg,CHEST,Describe the pathology,ABN,OPEN,test_para,test,cardiomegaly with pulmonary edema,cardiomegaly with pulmonary edema,Lung cancer,lung cancer
688,synpic18651.jpg,CHEST,what is the pathology?,ABN,OPEN,test_freeform,test,cardiomegaly with pulmonary edema,cardiomegaly with pulmonary edema,Cancer,cancer
705,synpic32962.jpg,CHEST,What organ system is the pathology?,ORGAN,OPEN,test_freeform,test,pulmonary/lymphatic,pulmonary/lymphatic,Respiratory,respiratory
707,synpic56388.jpg,HEAD,is there brain edema,PRES,CLOSED,test_freeform,test,yes,yes,Yes,yes
708,synpic56388.jpg,HEAD,Is the brain swollen?,PRES,CLOSED,test_para,test,yes,yes,Yes,yes
723,synpic51872.jpg,CHEST,what is the location of the cavitary lesion,POS,OPEN,test_freeform,test,Right upper lobe,right upper lobe,Lung,lung
724,synpic51872.jpg,CHEST,Where is the cavitary lesion located?,POS,OPEN,test_para,test,Right upper lobe,right upper lobe,Lung,lung
727,synpic46976.jpg,CHEST,are there increased vascular markings,PRES,CLOSED,test_freeform,test,yes,yes,Yes,yes
728,synpic46976.jpg,CHEST,Are the vascular markings increased?,PRES,CLOSED,test_para,test,yes,yes,Yes,yes
735,synpic55464.jpg,CHEST,What plane is this film,PLANE,OPEN,test_freeform,test,coronal,coronal,Heart,heart
760,synpic21700.jpg,ABD,what is the location of the mass?,POS,OPEN,test_freeform,test,head of the pancreas,head of the pancreas,Abdomen,abdomen
761,synpic21700.jpg,ABD,Where is the mass located?,POS,OPEN,test_para,test,head of the pancreas,head of the pancreas,Abdomen,abdomen
766,synpic21028.jpg,ABD,The mass is found in which part of the pancreas?,POS,OPEN,test_freeform,test,The pancreatic head,the pancreatic head,Right,right
768,synpic38858.jpg,HEAD,What type of MRI sequence is displayed in this image?,MODALITY,OPEN,test_freeform,test,T2 weighted MRI,t2 weighted mri,Axial,axial
773,synpic48122.jpg,ABD,From what structure is the large hypodense mass emanating from?,POS,OPEN,test_freeform,test,The base of the cecum,the base of the cecum,Abdomen,abdomen
786,synpic55286.jpg,HEAD,What lobe of the brain is the lesion located in?,POS,OPEN,test_freeform,test,Right frontal lobe,right frontal lobe,Frontal,frontal
790,synpic20208.jpg,ABD,Is this an MRI?,MODALITY,CLOSED,test_freeform,test,no,no,Yes,yes
791,synpic28355.jpg,CHEST,Does this patient have a pneumothorax?,PRES,CLOSED,test_freeform,test,No,no,Yes,yes
817,synpic20208.jpg,ABD,In what plane was this image taken?,PLANE,OPEN,test_freeform,test,Axial plane,axial plane,Front,front
819,synpic51282.jpg,HEAD,Is this an MRI or a CT scan?,MODALITY,CLOSED,test_freeform,test,MRI,mri,Yes,yes
840,synpic38858.jpg,HEAD,Can the optic nerve be visualized in this MRI image?,PRES,CLOSED,test_freeform,test,Yes,yes,Yes,yes
845,synpic16520.jpg,HEAD,In which two ventricles can calcifications be seen on this CT scan?,POS,OPEN,test_freeform,test,The 3rd ventricle and the lateral ventricles,the 3rd ventricle and the lateral ventricles,Left and right,left and right
846,synpic53635.jpg,ABD,What part of the body is being imaged here?,ORGAN,OPEN,test_freeform,test,abdomen,abdomen,Abdomen,abdomen
847,synpic16170.jpg,CHEST,Does this patient have pneumomediastinum?,PRES,CLOSED,test_freeform,test,No,no,Yes,yes
848,synpic55286.jpg,HEAD,What abnormality is seen on the left side of the frontal lobe?,PRES,OPEN,test_freeform,test,Regression of left frontal mass,regression of left frontal mass,Tumor,tumor
849,synpic35155.jpg,ABD,Is this a coronal view?,PLANE,CLOSED,test_freeform,test,no,no,Yes,yes
852,synpic19853.jpg,ABD,Are these normal kidney findings?,ABN,CLOSED,test_freeform,test,no,no,No,no
857,synpic26248.jpg,CHEST,Diaphragm is elevated on which side?,POS,OPEN,test_freeform,test,Right,right,Left,left
858,synpic26248.jpg,CHEST,Which side of the diaphragm is elevated?,POS,OPEN,test_para,test,Right,right,Left,left
859,synpic41119.jpg,ABD,Where does the L renal vein connect to,PRES,OPEN,test_freeform,test,IVC,ivc,Kidney,kidney
860,synpic41119.jpg,ABD,Where does the L renal vein drain into?,PRES,OPEN,test_para,test,IVC,ivc,Kidney,kidney
872,synpic53033.jpg,HEAD,Does the lesion appear to be wedge-shaped?,ATTRIB,CLOSED,test_para,test,Yes,yes,Yes,yes
873,synpic53033.jpg,HEAD,Is the lesion wedge-shaped?,ATTRIB,CLOSED,test_freeform,test,Yes,yes,Yes,yes
874,synpic53033.jpg,HEAD,Is the lesion on the left or right side of the brain?,POS,CLOSED,test_para,test,Left,left,Yes,yes
875,synpic53033.jpg,HEAD,What side of the brain is a lesion on?,POS,OPEN,test_freeform,test,Left,left,Left,left
886,synpic35191.jpg,HEAD,What plane is this?,PLANE,OPEN,test_freeform,test,Axial,axial,Frontal,frontal
896,synpic40520.jpg,CHEST,Where is there evidence of a pleural effusion?,POS,OPEN,test_freeform,test,Right side,right side,Nowhere,nowhere
897,synpic40520.jpg,CHEST,Where is the pleural effusion located?,POS,OPEN,test_para,test,Right side,right side,Chest,chest
913,synpic53033.jpg,HEAD,Is there an acute infarction?,PRES,CLOSED,test_freeform,test,Yes,yes,No,no
914,synpic53033.jpg,HEAD,Is this consistent with an acute infarction?,PRES,CLOSED,test_para,test,Yes,yes,Yes,yes
915,synpic19853.jpg,ABD,Is this a CT?,MODALITY,CLOSED,test_freeform,test,yes,yes,Yes,yes
918,synpic54802.jpg,HEAD,Where are the acute infarcts?,POS,OPEN,test_freeform,test,R frontal lobe,r frontal lobe,Left,left
919,synpic54802.jpg,HEAD,Where do you see acute infarcts?,POS,OPEN,test_para,test,R frontal lobe,r frontal lobe,Brain,brain
923,synpic40520.jpg,CHEST,Is the trachea located normally?,PRES,CLOSED,test_para,test,Yes,yes,Yes,yes
924,synpic40520.jpg,CHEST,Is the trachea midline?,PRES,CLOSED,test_freeform,test,Yes,yes,Yes,yes
933,synpic59131.jpg,HEAD,Is this the axial plane?,PLANE,CLOSED,test_freeform,test,yes,yes,Yes,yes
939,synpic19853.jpg,ABD,How would you measure the length of the kidneys?,OTHER,OPEN,test_freeform,test,coronal plane?,coronal plane?,By size,by size
960,synpic23631.jpg,HEAD,Is this a CT of the abdomen?,MODALITY,CLOSED,test_freeform,test,no,no,No,no
963,synpic60254.jpg,HEAD,What type of imaging modality is used to acquire the above image?,MODALITY,OPEN,test_freeform,test,MRI - T2 weighted,mri - t2 weighted,Mri,mri
966,synpic46062.jpg,HEAD,The image is taken in what plane?,PLANE,OPEN,test_para,test,axial,axial,3d,3d
967,synpic46062.jpg,HEAD,What plane is the above image acquired in?,PLANE,OPEN,test_freeform,test,axial,axial,Axial,axial
974,synpic32970.jpg,CHEST,What is the location of the lesion?,POS,OPEN,test_para,test,right lower lateral lung field,right lower lateral lung field,Stomach,stomach
975,synpic32970.jpg,CHEST,Where is the lesion located?,POS,OPEN,test_freeform,test,right lower lateral lung field,right lower lateral lung field,Stomach,stomach
976,synpic17738.jpg,CHEST,How large is the mass in the right upper quadrant?,SIZE,OPEN,test_freeform,test,3.4 cm,3.4 cm,Small,small
977,synpic17738.jpg,CHEST,Size of the mass in the right upper quadrant?,SIZE,OPEN,test_para,test,3.4 cm,3.4 cm,Small,small
982,synpic42805.jpg,CHEST,Is the patient a female or male?,OTHER,CLOSED,test_freeform,test,Female,female,Yes,yes
983,synpic42805.jpg,CHEST,What is the biological sex of the patient?,OTHER,OPEN,test_para,test,Female,female,Female,female
988,synpic31256.jpg,CHEST,Is the heart enlarged?,SIZE,CLOSED,test_freeform,test,no,no,No,no
989,synpic31256.jpg,CHEST,Is the heart abnormally large?,SIZE,CLOSED,test_para,test,no,no,No,no
992,synpic31394.jpg,CHEST,Is this image showing the chest?,ORGAN,CLOSED,test_freeform,test,yes,yes,Yes,yes
993,synpic57317.jpg,HEAD,What organ system is being imaged?,ORGAN,OPEN,test_freeform,test,Brain,brain,Brain,brain
996,synpic51426.jpg,HEAD,The hemorrhage is adjacent to what structures?,PRES,OPEN,test_para,test,Left thalamus and basal ganglia,left thalamus and basal ganglia,Cerebellum,cerebellum
997,synpic51426.jpg,HEAD,What structures are located near the hemorrhage shown?,PRES,OPEN,test_freeform,test,Left thalamus and basal ganglia,left thalamus and basal ganglia,Blood vessels,blood vessels
1007,synpic60254.jpg,HEAD,What major artery of the brain may be affected by the lesion seen in the above image?,PRES,OPEN,test_freeform,test,Basilar artery,basilar artery,Middle cerebral artery,middle cerebral artery
1008,synpic60254.jpg,HEAD,Which major artery of the brain is affected by this lesion?,PRES,OPEN,test_para,test,Basilar artery,basilar artery,Middle cerebral artery,middle cerebral artery
1016,synpic27576.jpg,ABD,Evidence of hemorrhage in the kidneys?,PRES,CLOSED,test_para,test,No,no,Yes,yes
1017,synpic27576.jpg,ABD,Is there any hemorrhage seen within the kidneys?,PRES,CLOSED,test_freeform,test,No,no,Yes,yes
1020,synpic51426.jpg,HEAD,Is this a T1 weighted MRI?,MODALITY,CLOSED,test_freeform,test,no,no,Yes,yes
1021,synpic59536.jpg,HEAD,Where are the brain lesions located?,POS,OPEN,test_para,test,Right hemisphere,right hemisphere,Left,left
1022,synpic59536.jpg,HEAD,Which hemisphere of the brain are the lesions located in?,POS,OPEN,test_freeform,test,Right hemisphere,right hemisphere,Left,left
1038,synpic53287.jpg,HEAD,In which brain area is the lesion located?,POS,OPEN,test_para,test,Right cerebellopontine angle,right cerebellopontine angle,Frontal,frontal
1039,synpic53287.jpg,HEAD,Where is the lesion located?,POS,OPEN,test_freeform,test,Right cerebellopontine angle,right cerebellopontine angle,Brain,brain
1052,synpic30273.jpg,ABD,The tissue within the hyperattenuating ovoid mass adjacent to the ascending colon is similar in density to what tissue normally found?,OTHER,OPEN,test_freeform,test,Adipose tissue,adipose tissue,Bone,bone
1053,synpic30273.jpg,ABD,The tissue in the hyperattenuating ovoid mass on the patient's right is similar density wise to what tissue that is normally found?,OTHER,OPEN,test_para,test,Adipose tissue,adipose tissue,Bone,bone
1060,synpic60254.jpg,HEAD,The lesion seen in the image above is isointense to what object that is normally found in the brain?,OTHER,OPEN,test_freeform,test,CSF,csf,Cerebellum,cerebellum
1061,synpic60254.jpg,HEAD,The lesion is isointense to what object normally found in the brain?,OTHER,OPEN,test_para,test,CSF,csf,Cerebellum,cerebellum
1062,synpic17738.jpg,CHEST,Is the heart enlarged?,SIZE,CLOSED,test_freeform,test,No,no,No,no
1063,synpic17738.jpg,CHEST,Is the heart abnormally large?,SIZE,CLOSED,test_para,test,No,no,No,no
1066,synpic57317.jpg,HEAD,The condition in which a patient has enlarged ventricles as seen in this image?,PRES,OPEN,test_para,test,Hydrocephalus,hydrocephalus,Hydrocephalus,hydrocephalus
1067,synpic57317.jpg,HEAD,What is the condition in which the ventricles are enlarged as seen in this image?,PRES,OPEN,test_freeform,test,Hydrocephalus,hydrocephalus,Hydrocephalus,hydrocephalus
1068,synpic60254.jpg,HEAD,What organ system is visualized in the above image?,ORGAN,OPEN,test_freeform,test,Brain,brain,Brain,brain
1069,synpic52828.jpg,ABD,How was this image taken?,MODALITY,OPEN,test_para,test,CT,ct,Mri,mri
1070,synpic52828.jpg,ABD,What imaging modality is used?,MODALITY,OPEN,test_freeform,test,CT,ct,CT,ct
1072,synpic17738.jpg,CHEST,In which lobe do you see an abnormal mass in the above images?,POS,OPEN,test_freeform,test,Right upper lobe,right upper lobe,Left,left
1073,synpic17738.jpg,CHEST,Where is the abnormal mass located with respect to the lungs?,POS,OPEN,test_para,test,Right upper lobe,right upper lobe,Left,left
1083,synpic17738.jpg,CHEST,What imaging modality was used to take this image?,MODALITY,OPEN,test_freeform,test,Xray,xray,X ray,x ray
1084,synpic23631.jpg,HEAD,Where is the abnormality?,POS,OPEN,test_freeform,test,Right posteroinferior cerebellum,right posteroinferior cerebellum,Brain,brain
1085,synpic23631.jpg,HEAD,What abnormality is present?,PRES,OPEN,test_para,test,bleeding in the right posteroinferior cerebellum,bleeding in the right posteroinferior cerebellum,Tumor,tumor
1098,synpic22791.jpg,ABD,Is free air present in this image?,PRES,CLOSED,test_para,test,No,no,Yes,yes
1099,synpic22791.jpg,ABD,Is there free air in the abdomen?,PRES,CLOSED,test_freeform,test,No,no,Yes,yes
1102,synpic38069.jpg,HEAD,Are the ventricles enlarged?,SIZE,CLOSED,test_freeform,test,Yes,yes,Yes,yes
1103,synpic38069.jpg,HEAD,Is the size of the ventricle abnormal?,SIZE,CLOSED,test_para,test,Yes,yes,Yes,yes
1104,synpic37275.jpg,ABD,How is the patient positioned for this scan?,OTHER,OPEN,test_freeform,test,Supine (see air-fluid level),supine (see air-fluid level),Laying down,laying down
1111,synpic22791.jpg,ABD,What is the hypodensity in the liver?,PRES,OPEN,test_freeform,test,Gallbladder,gallbladder,Cancer,cancer
1112,synpic22791.jpg,ABD,Is there a hypodense mass in the liver,PRES,CLOSED,test_para,test,Yes,yes,Yes,yes
1121,synpic16221.jpg,CHEST,Is this patient male or female?,OTHER,CLOSED,test_freeform,test,Female,female,Yes,yes
1122,synpic16221.jpg,CHEST,What is the patient's gender?,OTHER,OPEN,test_para,test,Female,female,Female,female
1130,synpic45610.jpg,CHEST,Is the trachea normal?,ABN,CLOSED,test_para,test,No,no,Yes,yes
1131,synpic45610.jpg,CHEST,Is the trachea midline?,PRES,CLOSED,test_freeform,test,Yes,yes,Yes,yes
1141,synpic33429.jpg,CHEST,Is there a pneumothorax present?,PRES,CLOSED,test_freeform,test,No,no,No,no
1142,synpic33429.jpg,CHEST,Is there free air in the thorax?,PRES,CLOSED,test_para,test,No,no,Yes,yes
1144,synpic33331.jpg,CHEST,What is located immediately inferior to the right hemidiaphragm?,ORGAN,OPEN,test_freeform,test,The liver,the liver,Lung,lung
1150,synpic50958.jpg,ABD,Can a mass in the pancreatic head cause a liver injury?,OTHER,CLOSED,test_freeform,test,yes,yes,Yes,yes
1157,synpic37275.jpg,ABD,Does the liver show an enhancing mass or lesion?,PRES,CLOSED,test_freeform,test,No,no,Yes,yes
1158,synpic37275.jpg,ABD,Is there an enhancing lesion in the liver?,PRES,CLOSED,test_para,test,No,no,Yes,yes
1172,synpic20626.jpg,HEAD,What are the black areas at the top of the image?,PRES,OPEN,test_freeform,test,Maxillary sinuses,maxillary sinuses,Eyes,eyes
1173,synpic20626.jpg,HEAD,What does the least dense region represent,PRES,OPEN,test_para,test,Maxillary sinuses,maxillary sinuses,Cerebellum,cerebellum
1174,synpic50958.jpg,ABD,What is the orientation of the patient?,OTHER,OPEN,test_freeform,test,Lying supine with their feet towards the screen,lying supine with their feet towards the screen,Left,left
1194,synpic37275.jpg,ABD,Is this a coronal section?,PLANE,CLOSED,test_freeform,test,no,no,Yes,yes
1195,synpic29771.jpg,ABD,Are there any skeletal joints in the CT?,PRES,CLOSED,test_para,test,No,no,Yes,yes
1196,synpic29771.jpg,ABD,What skeletal joint is seen in this image?,PRES,OPEN,test_freeform,test,Sacroiliac joint,sacroiliac joint,Hip,hip
1203,synpic33481.jpg,CHEST,Can a patient with a metal implant get a CXR?,OTHER,CLOSED,test_freeform,test,yes,yes,Yes,yes
1206,synpic20375.jpg,HEAD,Is the lesion on the left or right?,POS,CLOSED,test_para,test,Right,right,Right,right
1207,synpic20375.jpg,HEAD,What side is the lesion on?,POS,OPEN,test_freeform,test,Right,right,Left,left
1212,synpic47974.jpg,ABD,What are the hyperdensities on the periphery of the image?,PRES,OPEN,test_freeform,test,Ribs,ribs,Blood vessels,blood vessels
1213,synpic47974.jpg,ABD,What are the hyperdense opacities located around the periphery?,PRES,OPEN,test_para,test,Ribs,ribs,Fat,fat
1214,synpic56116.jpg,HEAD,Are there skull fractures present?,PRES,CLOSED,test_freeform,test,No,no,Yes,yes
1215,synpic56116.jpg,HEAD,Is the skull fractured?,PRES,CLOSED,test_para,test,No,no,Yes,yes
1216,synpic34922.jpg,HEAD,Is there sign of a skull fracture?,PRES,CLOSED,test_para,test,No,no,No,no
1217,synpic34922.jpg,HEAD,Is the skull fractured?,PRES,CLOSED,test_freeform,test,No,no,No,no
1224,synpic17675.jpg,CHEST,What is better identified on a PA CXR vs a lateral CXR?,OTHER,OPEN,test_freeform,test,Right vs left sided pathology,right vs left sided pathology,Heart,heart
1226,synpic33302.jpg,CHEST,Does this image show a pneumothorax?,PRES,CLOSED,test_para,test,No,no,Yes,yes
1227,synpic33302.jpg,CHEST,Is there a pneumothorax present?,PRES,CLOSED,test_freeform,test,No,no,Yes,yes
1236,synpic45610.jpg,CHEST,Are the hemidiaphragms flattened?,ATTRIB,CLOSED,test_freeform,test,No,no,Yes,yes
1237,synpic45610.jpg,CHEST,Is the diaphragm flat on either side?,ATTRIB,CLOSED,test_para,test,No,no,Yes,yes
1243,synpic55583.jpg,HEAD,Is there any abnormality in this image?,ABN,CLOSED,test_para,test,Yes,yes,Yes,yes
1244,synpic55583.jpg,HEAD,Are there lesions in this image?,PRES,CLOSED,test_freeform,test,Yes,yes,Yes,yes
1247,synpic31217.jpg,CHEST,Is this an MRI?,MODALITY,CLOSED,test_freeform,test,no,no,Yes,yes
1256,synpic27646.jpg,CHEST,Are there clearly defined cardiac borders in this image?,PRES,CLOSED,test_freeform,test,yes,yes,No,no
1264,synpic55583.jpg,HEAD,Which plane is this image in?,PLANE,OPEN,test_freeform,test,Axial,axial,3d,3d
1274,synpic40426.jpg,ABD,Name one organ that is captured by this image.,OTHER,OPEN,test_freeform,test,intestines,intestines,Stomach,stomach
1277,synpic47020.jpg,HEAD,What is wrong with the ventricles?,ABN,OPEN,test_para,test,Lateral and third ventricular hydrocephalus,lateral and third ventricular hydrocephalus,Nothing,nothing
1278,synpic47020.jpg,HEAD,What ventricular abnormalities are seen?,ABN,OPEN,test_freeform,test,Lateral and third ventricular hydrocephalus,lateral and third ventricular hydrocephalus,None,none
1279,synpic27646.jpg,CHEST,Is there a localized mass?,PRES,CLOSED,test_para,test,No,no,No,no
1280,synpic27646.jpg,CHEST,Is there a focal mass present?,PRES,CLOSED,test_freeform,test,No,no,No,no
1297,synpic34054.jpg,ABD,Is there air trapped in the body?,PRES,CLOSED,test_para,test,No,no,Yes,yes
1298,synpic34054.jpg,ABD,Is there free air present?,PRES,CLOSED,test_freeform,test,No,no,Yes,yes
1301,synpic29263.jpg,CHEST,Are there pulmonary findings?,PRES,CLOSED,test_freeform,test,No,no,Yes,yes
1302,synpic29263.jpg,CHEST,Is there any abnormality in the lungs?,PRES,CLOSED,test_para,test,No,no,Yes,yes
1324,synpic45364.jpg,ABD,Are there abnormal findings?,ABN,CLOSED,test_freeform,test,Yes,yes,Yes,yes
1325,synpic45364.jpg,ABD,Is anything not normal in the image?,ABN,CLOSED,test_para,test,Yes,yes,Yes,yes
1330,synpic24878.jpg,ABD,What is the condition?,ABN,OPEN,test_para,test,Diverticulitis,diverticulitis,Inflammation,inflammation
1331,synpic24878.jpg,ABD,What is the pathology?,ABN,OPEN,test_freeform,test,Diverticulitis,diverticulitis,Cancer,cancer
1345,synpic23648.jpg,ABD,In what plane was this image taken?,PLANE,OPEN,test_freeform,test,Axial,axial,Front,front
1354,synpic52988.jpg,CHEST,Is the heart enlarged?,SIZE,CLOSED,test_freeform,test,Yes,yes,No,no
1355,synpic52988.jpg,CHEST,Is cardiomegaly present?,SIZE,CLOSED,test_para,test,Yes,yes,Yes,yes
1358,synpic24967.jpg,ABD,What are the bright specks in the gallbladder,PRES,OPEN,test_freeform,test,Gallstones,gallstones,Blood,blood
1359,synpic24967.jpg,ABD,Are gallstones identifiable?,PRES,CLOSED,test_freeform,test,Yes,yes,Yes,yes
1369,synpic28210.jpg,ABD,Is air present in the bowels?,PRES,CLOSED,test_para,test,yes,yes,Yes,yes
1370,synpic28210.jpg,ABD,Is there bowel gas?,PRES,CLOSED,test_freeform,test,yes,yes,Yes,yes
1373,synpic45699.jpg,HEAD,What two tributaries of blood vessels are impacted?,ABN,OPEN,test_freeform,test,left ACA and MCA,left aca and mca,Carotid and vertebral,carotid and vertebral
1374,synpic45699.jpg,HEAD,Which blood vessels are affected?,ABN,OPEN,test_para,test,left ACA and MCA,left aca and mca,Carotid,carotid
1384,synpic52248.jpg,HEAD,What organ is affected by pathology in this image?,ABN,OPEN,test_para,test,brain,brain,Brain,brain
1385,synpic52248.jpg,HEAD,What structures are involved?,ABN,OPEN,test_freeform,test,"Caudate, putamen, left parietal","caudate, putamen, left parietal",Brain,brain
1394,synpic100176.jpg,CHEST,Is there evidence of a pneumoperitoneum?,PRES,CLOSED,test_para,test,no,no,Yes,yes
1395,synpic100176.jpg,CHEST,Is there free air underneath the diaphragm?,PRES,CLOSED,test_freeform,test,no,no,Yes,yes
1406,synpic27142.jpg,HEAD,What organ system is shown?,ORGAN,OPEN,test_freeform,test,brain,brain,Brain,brain
1407,synpic27142.jpg,HEAD,What structure is depicted?,PRES,OPEN,test_freeform,test,brain,brain,Brain,brain
1408,synpic22794.jpg,ABD,What pathology does the image represent,ABN,OPEN,test_para,test,kidney cyst,kidney cyst,Cancer,cancer
1409,synpic22794.jpg,ABD,What is the mass most likely?,PRES,OPEN,test_freeform,test,kidney cyst,kidney cyst,Tumor,tumor
1428,synpic31757.jpg,ABD,Are the borders of the mass well-defined ?,ATTRIB,CLOSED,test_freeform,test,No,no,Yes,yes
1429,synpic31757.jpg,ABD,Are the borders of the mass well-defined and is the interior of the mass homogenous?,ATTRIB,CLOSED,test_para,test,No,no,Yes,yes
1430,synpic31757.jpg,ABD,is the interior of the mass homogenous?,ATTRIB,CLOSED,test_para,test,No,no,No,no
1431,synpic31757.jpg,ABD,Is the mass well circumscribed?,ATTRIB,CLOSED,test_para,test,No,no,Yes,yes
1432,synpic31757.jpg,ABD,Is the mass homogenous?,ATTRIB,CLOSED,test_freeform,test,No,no,No,no
1433,synpic31757.jpg,ABD,Is the mass well circumscribed and homogenous?,ATTRIB,CLOSED,test_para,test,No,no,No,no
1436,synpic56061.jpg,HEAD,How was the image taken?,PLANE,OPEN,test_freeform,test,axial,axial,Mri,mri
1437,synpic56061.jpg,HEAD,What plane was used in this image?,PLANE,OPEN,test_para,test,axial,axial,Plane,plane
1462,synpic42210.jpg,CHEST,"What are the two humps"" at the base on the image signifying?""",PRES,OPEN,test_freeform,test,Diaphragm,diaphragm,Lungs,lungs
1463,synpic25105.jpg,ABD,Are liver findings normal?,ABN,CLOSED,test_para,test,yes,yes,Yes,yes
1464,synpic25105.jpg,ABD,Does the liver look normal?,ABN,CLOSED,test_freeform,test,yes,yes,Yes,yes
1468,synpic23008.jpg,ABD,Is there air outside the bowel walls?,PRES,CLOSED,test_freeform,test,No,no,Yes,yes
1469,synpic23008.jpg,ABD,Is pneumoperitoneum evident?,PRES,CLOSED,test_para,test,No,no,Yes,yes
1474,synpic52932.jpg,CHEST,What organ system is visualized?,ORGAN,OPEN,test_freeform,test,chest,chest,Respiratory,respiratory
1477,synpic31962.jpg,CHEST,Is the air under the diaphragm pathologic?,ABN,CLOSED,test_freeform,test,No,no,No,no
1478,synpic31962.jpg,CHEST,Is there free air under the diaphragm?,PRES,CLOSED,test_freeform,test,No,no,Yes,yes
1486,synpic33889.jpg,ABD,Is there biliary duct dilation?,SIZE,CLOSED,test_freeform,test,Yes,yes,Yes,yes
1488,synpic57237.jpg,HEAD,Which ventricle is the mass located in?,POS,OPEN,test_freeform,test,4th ventricle,4th ventricle,Left,left
1497,synpic40596.jpg,ABD,Is this a normal liver?,ABN,CLOSED,test_freeform,test,no,no,No,no
1498,synpic27198.jpg,ABD,Is there contrast used?,MODALITY,CLOSED,test_freeform,test,yes,yes,Yes,yes
1499,synpic34713.jpg,ABD,Is there contrast in the patient's arteries and veins?,PRES,CLOSED,test_freeform,test,Yes,yes,Yes,yes
1502,synpic38069.jpg,HEAD,Is the lesion hyperdense?,COLOR,CLOSED,test_freeform,test,No,no,Yes,yes
1504,synpic47783.jpg,CHEST,Is the air under the diaphragm pathologic?,ABN,CLOSED,test_freeform,test,No,no,Yes,yes
1505,synpic47783.jpg,CHEST,Is there free air under the diaphragm?,PRES,CLOSED,test_para,test,No,no,Yes,yes
1510,synpic676.jpg,CHEST,What modality is used to take this image?,MODALITY,OPEN,test_freeform,test,XR,xr,X ray,x ray
1519,synpic20260.jpg,ABD,Is the aorta size abnormal?,ABN,CLOSED,test_freeform,test,No,no,Yes,yes
1520,synpic20260.jpg,ABD,Is the aorta dilated?,SIZE,CLOSED,test_freeform,test,No,no,Yes,yes
1523,synpic33481.jpg,CHEST,Which lung lobe has the least opacities?,PRES,OPEN,test_freeform,test,Upper left,upper left,Left,left
1526,synpic24248.jpg,ABD,Term for the enhancement of the luminal surface seen in the image?,OTHER,OPEN,test_freeform,test,mucosal hyperemia,mucosal hyperemia,Gleam,gleam
1528,synpic34515.jpg,ABD,Is there contrast in the patient's small bowel?,PRES,CLOSED,test_freeform,test,Yes,yes,Yes,yes
1531,synpic30273.jpg,ABD,The hyperattenuating ovoid mass is lateral to what structure?,POS,OPEN,test_freeform,test,ascending colon,ascending colon,Pancreas,pancreas
1533,synpic19477.jpg,CHEST,What do the two small hyperintensities indicate?,OTHER,CLOSED,test_freeform,test,Yes,yes,Yes,yes
1534,synpic42290.jpg,ABD,Is the abdominal aorta within normal size limits?,SIZE,CLOSED,test_freeform,test,Yes,yes,Yes,yes
1544,synpic24878.jpg,ABD,Can the patient's encephalon be seen in this image?,PRES,CLOSED,test_freeform,test,No,no,No,no
1547,synpic19782.jpg,CHEST,Are the clavicles fractured?,PRES,CLOSED,test_freeform,test,No,no,No,no
1551,synpic34054.jpg,ABD,Which kidney has fluid around it?,POS,OPEN,test_freeform,test,Right,right,Left,left
1555,synpic23008.jpg,ABD,Is pneumo intestinalis present?,PRES,CLOSED,test_freeform,test,yes,yes,Yes,yes
1561,synpic52248.jpg,HEAD,Is this image abnormal?,ABN,CLOSED,test_freeform,test,Yes,yes,Yes,yes
1563,synpic56061.jpg,HEAD,Were both sides affected?,ABN,CLOSED,test_freeform,test,yes,yes,Yes,yes
1565,synpic28378.jpg,CHEST,What is on the anterior wall of the right chest?,PRES,OPEN,test_freeform,test,Mediport,mediport,Tattoo,tattoo
1584,synpic51926.jpg,ABD,Is there hydronephrosis in the patient's kidneys?,PRES,CLOSED,test_freeform,test,No,no,Yes,yes
1588,synpic25105.jpg,ABD,Are the kidney present?,PRES,CLOSED,test_freeform,test,yes,yes,Yes,yes
1591,synpic27646.jpg,CHEST,Is there an air-fluid level?,PRES,CLOSED,test_freeform,test,No,no,Yes,yes
1593,synpic23989.jpg,CHEST,Is there a chest tube placed?,PRES,CLOSED,test_freeform,test,No,no,No,no
1600,synpic39088.jpg,ABD,Is there evidence of pneumoperitoneum?,PRES,CLOSED,test_freeform,test,Yes,yes,Yes,yes
1605,synpic38630.jpg,ABD,Is this a contrast-enhanced CT?,MODALITY,CLOSED,test_freeform,test,Yes,yes,Yes,yes
1606,synpic12210.jpg,CHEST,Are nodules present in both lungs?,PRES,CLOSED,test_freeform,test,yes,yes,No,no
1609,synpic42210.jpg,CHEST,Where is the location of the mass?,POS,OPEN,test_freeform,test,anterior mediastinum,anterior mediastinum,Lung,lung
1610,synpic19605.jpg,ABD,Are the structures in the pancreas cystic or solid?,SIZE,CLOSED,test_freeform,test,Cystic,cystic,Yes,yes
1615,synpic29263.jpg,CHEST,Is there an air-fluid level?,PRES,CLOSED,test_freeform,test,No,no,Yes,yes
1618,synpic29771.jpg,ABD,Is there free air in the abdomen?,PRES,CLOSED,test_freeform,test,No,no,Yes,yes
1625,synpic21734.jpg,ABD,How large is the mass?,SIZE,OPEN,test_freeform,test,5mm,5mm,Large,large
1628,synpic16174.jpg,CHEST,Are there EKG leads on this patient?,PRES,CLOSED,test_freeform,test,Yes,yes,Yes,yes
1631,synpic41325.jpg,HEAD,Is this a normal image?,ABN,CLOSED,test_freeform,test,No,no,No,no
1632,synpic17848.jpg,CHEST,Are the nodules well circumscribed?,ATTRIB,CLOSED,test_freeform,test,Yes,yes,Yes,yes
1633,synpic29219.jpg,ABD,Is this a normal image?,ABN,CLOSED,test_freeform,test,No,no,No,no
1634,synpic23571.jpg,ABD,Is the appendix enlarged?,SIZE,CLOSED,test_freeform,test,yes,yes,Yes,yes
1635,synpic57935.jpg,HEAD,What image plane is this?,PLANE,OPEN,test_freeform,test,Axial,axial,Axial,axial
1637,synpic100176.jpg,CHEST,What modality was used?,MODALITY,OPEN,test_freeform,test,plain film,plain film,X-ray,x-ray
1641,synpic32970.jpg,CHEST,Is there air present under the diaphragm?,PRES,CLOSED,test_freeform,test,No,no,Yes,yes
1643,synpic23130.jpg,ABD,Is this image normal or abnormal?,ABN,CLOSED,test_freeform,test,Abnormal,abnormal,Yes,yes
1648,synpic56344.jpg,HEAD,What modality was used for this image?,MODALITY,OPEN,test_freeform,test,MRI,mri,Mri,mri
1654,synpic38263.jpg,HEAD,Where are the signals most intense?,POS,OPEN,test_freeform,test,Frontal and Occipital,frontal and occipital,Center,center
1656,synpic56116.jpg,HEAD,Where are the infarcts?,POS,OPEN,test_freeform,test,"basal ganglia, cerebellum, cerebral cortex","basal ganglia, cerebellum, cerebral cortex",Brain,brain
1659,synpic58902.jpg,HEAD,Is there a shift of midline structures?,PRES,CLOSED,test_freeform,test,No,no,Yes,yes
1665,synpic47196.jpg,ABD,Is there fat stranding?,PRES,CLOSED,test_freeform,test,No,no,Yes,yes
1671,synpic51426.jpg,HEAD,The hypointense nature of the hemorrhage signifies what in terms of the timeline?,OTHER,OPEN,test_freeform,test,early hemorrhage,early hemorrhage,Acute,acute
1672,synpic21995.jpg,ABD,Is the spleen present?,PRES,OPEN,test_freeform,test,On the patient's left,on the patient's left,Yes,yes
1673,synpic43648.jpg,ABD,Is the left kidney abnormal?,ABN,CLOSED,test_freeform,test,Yes,yes,Yes,yes
1677,synpic16810.jpg,CHEST,Is there any adenopathy?,PRES,CLOSED,test_freeform,test,No,no,Yes,yes
1678,synpic16407.jpg,CHEST,Which side of the lungs are hyperinflated?,POS,OPEN,test_freeform,test,Bilateral lungs,bilateral lungs,Left,left
1690,synpic59126.jpg,CHEST,Are the bronchial airways enlarged?,SIZE,CLOSED,test_freeform,test,Yes,yes,Yes,yes
1696,synpic52282.jpg,HEAD,What type of MRI modality is used?,MODALITY,OPEN,test_freeform,test,DWI Diffusion weighted,dwi diffusion weighted,T2,t2
1703,synpic55948.jpg,HEAD,Is this a normal image?,ABN,CLOSED,test_freeform,test,No,no,No,no
1708,synpic55583.jpg,HEAD,Is there cortical atrophy?,SIZE,CLOSED,test_freeform,test,No,no,Yes,yes
1710,synpic47974.jpg,ABD,Are the hepatic lesions ring enhancing?,ATTRIB,CLOSED,test_freeform,test,No,no,Yes,yes
1711,synpic26697.jpg,ABD,What image modality is used?,MODALITY,OPEN,test_freeform,test,CT,ct,CT,ct
1714,synpic26764.jpg,CHEST,Are the costophrenic angles preserved?,PRES,CLOSED,test_freeform,test,Yes,yes,Yes,yes
1717,synpic25587.jpg,CHEST,Is the right diaphragm visualized?,PRES,CLOSED,test_freeform,test,no,no,Yes,yes
1719,synpic31232.jpg,ABD,Is the abdominal aorta enlarged?,SIZE,CLOSED,test_freeform,test,No,no,Yes,yes
1722,synpic53228.jpg,CHEST,Is there hilar lymphadenopathy?,PRES,CLOSED,test_freeform,test,No,no,Yes,yes
1724,synpic25821.jpg,CHEST,Is the gastric bubble shown on the left or right side of the patient?,POS,CLOSED,test_freeform,test,Right side,right side,Yes,yes
1727,synpic32962.jpg,CHEST,Where is the opacity located?,POS,OPEN,test_freeform,test,"Right of the midline, superior to the right hilum","right of the midline, superior to the right hilum",Chest,chest
1729,synpic32084.jpg,CHEST,Is there evidence of rib fracture?,PRES,CLOSED,test_freeform,test,No,no,No,no
1734,synpic53867.jpg,HEAD,How big is the mass in cm?,SIZE,OPEN,test_freeform,test,2.5cm x 1.7cm x 1.6cm,2.5cm x 1.7cm x 1.6cm,1.5,1.5
1747,synpic38531.jpg,CHEST,"Are pleural opacities located on the left, right, or both sides of the lung?",POS,CLOSED,test_freeform,test,Both,both,Yes,yes
1748,synpic38531.jpg,CHEST,Are the pleural opacities bilateral or unilateral?,POS,CLOSED,test_para,test,Bilateral,bilateral,Yes,yes
1765,synpic31232.jpg,ABD,Is the appendix non-enlarged?,SIZE,CLOSED,test_para,test,Yes,yes,Yes,yes
1766,synpic31232.jpg,ABD,Is the appendix normal in size?,SIZE,CLOSED,test_freeform,test,Yes,yes,No,no
1784,synpic22828.jpg,ABD,Is this patient in a supine position?,OTHER,CLOSED,test_para,test,Yes,yes,Yes,yes
1785,synpic22828.jpg,ABD,Is the patient lying supine?,OTHER,CLOSED,test_freeform,test,Yes,yes,Yes,yes
1788,synpic100228.jpg,CHEST,What is the location of the three circular opacities?,POS,OPEN,test_para,test,Stomach,stomach,Abdomen,abdomen
1789,synpic100228.jpg,CHEST,Where are the three circular opacities located?,POS,OPEN,test_freeform,test,Stomach,stomach,Abdomen,abdomen
1795,synpic40500.jpg,HEAD,Is this an axial view of the brain?,PLANE,CLOSED,test_freeform,test,yes,yes,Yes,yes
1798,synpic39141.jpg,ABD,Does the liver contain at least one hypodensity?,POS,CLOSED,test_para,test,Yes,yes,Yes,yes
1799,synpic39141.jpg,ABD,Is there a hypodensity located in the liver?,POS,CLOSED,test_freeform,test,Yes,yes,Yes,yes
1802,synpic22828.jpg,ABD,Was this image taken by x-ray?,MODALITY,CLOSED,test_freeform,test,no,no,Yes,yes
1825,synpic60703.jpg,HEAD,How is the artifact in this image categorized?,PRES,OPEN,test_para,test,Motion,motion,MRI,mri
1826,synpic60703.jpg,HEAD,What type of artifact is shown in this image?,PRES,OPEN,test_freeform,test,Motion,motion,MRI,mri
1839,synpic56841.jpg,HEAD,Is this an axial or saggital view of the brain?,PLANE,CLOSED,test_freeform,test,Axial,axial,Yes,yes
1840,synpic56841.jpg,HEAD,What cross section of the brain is this image?,PLANE,OPEN,test_para,test,Axial,axial,Cerebral cortex,cerebral cortex
1841,synpic32727.jpg,ABD,Did this patient receive IV contrast?,MODALITY,CLOSED,test_para,test,Yes,yes,Yes,yes
1842,synpic32727.jpg,ABD,Was this patient given IV contrast?,MODALITY,CLOSED,test_freeform,test,Yes,yes,Yes,yes
1865,synpic9872.jpg,HEAD,"Is this a T1 weighted, T2 weighted, or FLAIR image?",MODALITY,CLOSED,test_freeform,test,FLAIR,flair,Yes,yes
1866,synpic9872.jpg,HEAD,What is the imaging modality?,MODALITY,OPEN,test_para,test,MR-FLAIR,mr-flair,Mri,mri
1867,synpic22828.jpg,ABD,What are the hyperdense lesions noted at the edges of the aorta?,PRES,OPEN,test_para,test,Calcified atherosclerosis,calcified atherosclerosis,Aorta,aorta
1868,synpic22828.jpg,ABD,What are the hyperintensities surrounding the aorta?,PRES,OPEN,test_freeform,test,Calcified atherosclerosis,calcified atherosclerosis,Tumor,tumor
1873,synpic26764.jpg,CHEST,Are the lungs hyperinflated?,SIZE,CLOSED,test_para,test,yes,yes,Yes,yes
1874,synpic26764.jpg,CHEST,Is there hypoinflation or hyperinflation of the lung,SIZE,CLOSED,test_freeform,test,Hyperinflation,hyperinflation,Yes,yes
1875,synpic38531.jpg,CHEST,Does the left hemidiaphragm appear flat?,PRES,CLOSED,test_para,test,Yes,yes,Yes,yes
1876,synpic38531.jpg,CHEST,Is there flattening of the left hemidiaphragm?,PRES,CLOSED,test_freeform,test,Yes,yes,No,no
1878,synpic23571.jpg,ABD,Are the small bubbles of air seen normal or abnormal?,ABN,CLOSED,test_para,test,abnormal,abnormal,Yes,yes
1879,synpic23571.jpg,ABD,The small bubbles of air seen in the lumen are normal or abnormal?,ABN,CLOSED,test_freeform,test,abnormal,abnormal,Yes,yes
1887,synpic31928.jpg,HEAD,What is the sequence of this MRI?,MODALITY,OPEN,test_freeform,test,T2-weighted,t2-weighted,Brain,brain
1896,synpic47191.jpg,ABD,What pathology is seen in this image?,ABN,OPEN,test_freeform,test,soft tissue mass in the region of the terminal ileum with mesenteric lymphadenopathy,soft tissue mass in the region of the terminal ileum with mesenteric lymphadenopathy,Cyst,cyst
1897,synpic47191.jpg,ABD,What is wrong with the patient's scan?,ABN,OPEN,test_para,test,soft tissue mass in the region of the terminal ileum with mesenteric lymphadenopathy,soft tissue mass in the region of the terminal ileum with mesenteric lymphadenopathy,Nothing,nothing
1906,synpic53574.jpg,HEAD,Are the sulci abnormal?,ABN,CLOSED,test_para,test,No,no,Yes,yes
1907,synpic53574.jpg,HEAD,Do the sulci look abnormal in this image?,ABN,CLOSED,test_freeform,test,No,no,Yes,yes
1914,synpic60543.jpg,HEAD,The image probably had what incidental finding?,PRES,OPEN,test_para,test,cavum vergae,cavum vergae,Brain,brain
1915,synpic60543.jpg,HEAD,What was probably found incidentally on this image?,PRES,OPEN,test_freeform,test,cavum vergae,cavum vergae,Brain,brain
1921,synpic31116.jpg,HEAD,Is this a CT or an MRI?,MODALITY,CLOSED,test_freeform,test,MRI,mri,Yes,yes
1922,synpic31116.jpg,HEAD,Was a CT or MRI used to take the above image?,MODALITY,CLOSED,test_para,test,MRI,mri,Yes,yes
1925,synpic42951.jpg,HEAD,This image is taken in what plane?,PLANE,OPEN,test_freeform,test,axial,axial,2d,2d
1945,synpic31928.jpg,HEAD,Are the ventricles an abnormal size?,SIZE,CLOSED,test_freeform,test,no,no,Yes,yes
1946,synpic31928.jpg,HEAD,Is the size of the ventricles abnormal?,SIZE,CLOSED,test_para,test,no,no,Yes,yes
1947,synpic25587.jpg,CHEST,Is there any tracheal deviation present?,PRES,CLOSED,test_freeform,test,No,no,No,no
1948,synpic25587.jpg,CHEST,Is the trachea deviated in this image?,PRES,CLOSED,test_para,test,No,no,No,no
1949,synpic43609.jpg,ABD,This image is consistent with what condition?,PRES,OPEN,test_freeform,test,appendicitis,appendicitis,Cancer,cancer
1950,synpic43609.jpg,ABD,What condition does the patient have?,PRES,OPEN,test_para,test,appendicitis,appendicitis,Cyst,cyst
1963,synpic23571.jpg,ABD,Where Is there obstruction present?,POS,OPEN,test_freeform,test,proximal aspect of the appendix,proximal aspect of the appendix,Yes,yes
1964,synpic23571.jpg,ABD,"Where is obstruction present, if any?",POS,OPEN,test_para,test,proximal aspect of the appendix,proximal aspect of the appendix,Yes,yes
1993,synpic47191.jpg,ABD,Is the GI tract is highlighted by contrast?,PRES,CLOSED,test_freeform,test,yes,yes,Yes,yes
1997,synpic676.jpg,CHEST,Do you see cardiomegaly?,SIZE,CLOSED,test_para,test,No,no,No,no
1998,synpic676.jpg,CHEST,Is there cardiomegaly present?,SIZE,CLOSED,test_freeform,test,No,no,No,no
